01/01/2022 00:00 - 01/01/2022 01:00,21517
01/01/2022 01:00 - 01/01/2022 02:00,20827
01/01/2022 02:00 - 01/01/2022 03:00,19530
01/01/2022 03:00 - 01/01/2022 04:00,18383
01/01/2022 04:00 - 01/01/2022 05:00,17680
01/01/2022 05:00 - 01/01/2022 06:00,17396
01/01/2022 06:00 - 01/01/2022 07:00,17544
01/01/2022 07:00 - 01/01/2022 08:00,17866
01/01/2022 08:00 - 01/01/2022 09:00,17806
01/01/2022 09:00 - 01/01/2022 10:00,18533
01/01/2022 10:00 - 01/01/2022 11:00,20018
01/01/2022 11:00 - 01/01/2022 12:00,20989
01/01/2022 12:00 - 01/01/2022 13:00,21514
01/01/2022 13:00 - 01/01/2022 14:00,22105
01/01/2022 14:00 - 01/01/2022 15:00,22384
01/01/2022 15:00 - 01/01/2022 16:00,21106
01/01/2022 16:00 - 01/01/2022 17:00,20617
01/01/2022 17:00 - 01/01/2022 18:00,21096
01/01/2022 18:00 - 01/01/2022 19:00,23211
01/01/2022 19:00 - 01/01/2022 20:00,24435
01/01/2022 20:00 - 01/01/2022 21:00,24964
01/01/2022 21:00 - 01/01/2022 22:00,25189
01/01/2022 22:00 - 01/01/2022 23:00,24134
01/01/2022 23:00 - 02/01/2022 00:00,22552
02/01/2022 00:00 - 02/01/2022 01:00,21048
02/01/2022 01:00 - 02/01/2022 02:00,19473
02/01/2022 02:00 - 02/01/2022 03:00,18375
02/01/2022 03:00 - 02/01/2022 04:00,17841
02/01/2022 04:00 - 02/01/2022 05:00,17539
02/01/2022 05:00 - 02/01/2022 06:00,17684
02/01/2022 06:00 - 02/01/2022 07:00,18353
02/01/2022 07:00 - 02/01/2022 08:00,19223
02/01/2022 08:00 - 02/01/2022 09:00,19936
02/01/2022 09:00 - 02/01/2022 10:00,21531
02/01/2022 10:00 - 02/01/2022 11:00,23286
02/01/2022 11:00 - 02/01/2022 12:00,24126
02/01/2022 12:00 - 02/01/2022 13:00,24202
02/01/2022 13:00 - 02/01/2022 14:00,24673
02/01/2022 14:00 - 02/01/2022 15:00,24921
02/01/2022 15:00 - 02/01/2022 16:00,23869
02/01/2022 16:00 - 02/01/2022 17:00,23258
02/01/2022 17:00 - 02/01/2022 18:00,23642
02/01/2022 18:00 - 02/01/2022 19:00,25965
02/01/2022 19:00 - 02/01/2022 20:00,27307
02/01/2022 20:00 - 02/01/2022 21:00,28243
02/01/2022 21:00 - 02/01/2022 22:00,28062
02/01/2022 22:00 - 02/01/2022 23:00,26650
02/01/2022 23:00 - 03/01/2022 00:00,24535
03/01/2022 00:00 - 03/01/2022 01:00,22800
03/01/2022 01:00 - 03/01/2022 02:00,21173
03/01/2022 02:00 - 03/01/2022 03:00,20153
03/01/2022 03:00 - 03/01/2022 04:00,19679
03/01/2022 04:00 - 03/01/2022 05:00,19754
03/01/2022 05:00 - 03/01/2022 06:00,20516
03/01/2022 06:00 - 03/01/2022 07:00,22969
03/01/2022 07:00 - 03/01/2022 08:00,26155
03/01/2022 08:00 - 03/01/2022 09:00,28546
03/01/2022 09:00 - 03/01/2022 10:00,30212
03/01/2022 10:00 - 03/01/2022 11:00,31106
03/01/2022 11:00 - 03/01/2022 12:00,30788
03/01/2022 12:00 - 03/01/2022 13:00,30499
03/01/2022 13:00 - 03/01/2022 14:00,30485
03/01/2022 14:00 - 03/01/2022 15:00,30083
03/01/2022 15:00 - 03/01/2022 16:00,29167
03/01/2022 16:00 - 03/01/2022 17:00,28768
03/01/2022 17:00 - 03/01/2022 18:00,29274
03/01/2022 18:00 - 03/01/2022 19:00,31072
03/01/2022 19:00 - 03/01/2022 20:00,31843
03/01/2022 20:00 - 03/01/2022 21:00,32306
03/01/2022 21:00 - 03/01/2022 22:00,31729
03/01/2022 22:00 - 03/01/2022 23:00,29097
03/01/2022 23:00 - 04/01/2022 00:00,26455
04/01/2022 00:00 - 04/01/2022 01:00,24775
04/01/2022 01:00 - 04/01/2022 02:00,22985
04/01/2022 02:00 - 04/01/2022 03:00,21880
04/01/2022 03:00 - 04/01/2022 04:00,21345
04/01/2022 04:00 - 04/01/2022 05:00,21264
04/01/2022 05:00 - 04/01/2022 06:00,21935
04/01/2022 06:00 - 04/01/2022 07:00,24068
04/01/2022 07:00 - 04/01/2022 08:00,26973
04/01/2022 08:00 - 04/01/2022 09:00,28993
04/01/2022 09:00 - 04/01/2022 10:00,30459
04/01/2022 10:00 - 04/01/2022 11:00,31305
04/01/2022 11:00 - 04/01/2022 12:00,31355
04/01/2022 12:00 - 04/01/2022 13:00,31292
04/01/2022 13:00 - 04/01/2022 14:00,31527
04/01/2022 14:00 - 04/01/2022 15:00,31273
04/01/2022 15:00 - 04/01/2022 16:00,30405
04/01/2022 16:00 - 04/01/2022 17:00,30188
04/01/2022 17:00 - 04/01/2022 18:00,30488
04/01/2022 18:00 - 04/01/2022 19:00,31590
04/01/2022 19:00 - 04/01/2022 20:00,32085
04/01/2022 20:00 - 04/01/2022 21:00,32753
04/01/2022 21:00 - 04/01/2022 22:00,32032
04/01/2022 22:00 - 04/01/2022 23:00,29607
04/01/2022 23:00 - 05/01/2022 00:00,26964
05/01/2022 00:00 - 05/01/2022 01:00,25526
05/01/2022 01:00 - 05/01/2022 02:00,23719
05/01/2022 02:00 - 05/01/2022 03:00,22560
05/01/2022 03:00 - 05/01/2022 04:00,22015
05/01/2022 04:00 - 05/01/2022 05:00,21928
05/01/2022 05:00 - 05/01/2022 06:00,22317
05/01/2022 06:00 - 05/01/2022 07:00,24279
05/01/2022 07:00 - 05/01/2022 08:00,27094
05/01/2022 08:00 - 05/01/2022 09:00,29198
05/01/2022 09:00 - 05/01/2022 10:00,30892
05/01/2022 10:00 - 05/01/2022 11:00,31720
05/01/2022 11:00 - 05/01/2022 12:00,31813
05/01/2022 12:00 - 05/01/2022 13:00,31696
05/01/2022 13:00 - 05/01/2022 14:00,31771
05/01/2022 14:00 - 05/01/2022 15:00,31128
05/01/2022 15:00 - 05/01/2022 16:00,30129
05/01/2022 16:00 - 05/01/2022 17:00,29775
05/01/2022 17:00 - 05/01/2022 18:00,29788
05/01/2022 18:00 - 05/01/2022 19:00,30554
05/01/2022 19:00 - 05/01/2022 20:00,30805
05/01/2022 20:00 - 05/01/2022 21:00,31001
05/01/2022 21:00 - 05/01/2022 22:00,30267
05/01/2022 22:00 - 05/01/2022 23:00,28127
05/01/2022 23:00 - 06/01/2022 00:00,26065
06/01/2022 00:00 - 06/01/2022 01:00,24523
06/01/2022 01:00 - 06/01/2022 02:00,22677
06/01/2022 02:00 - 06/01/2022 03:00,21284
06/01/2022 03:00 - 06/01/2022 04:00,20486
06/01/2022 04:00 - 06/01/2022 05:00,20148
06/01/2022 05:00 - 06/01/2022 06:00,20108
06/01/2022 06:00 - 06/01/2022 07:00,20607
06/01/2022 07:00 - 06/01/2022 08:00,21292
06/01/2022 08:00 - 06/01/2022 09:00,21817
06/01/2022 09:00 - 06/01/2022 10:00,23300
06/01/2022 10:00 - 06/01/2022 11:00,24752
06/01/2022 11:00 - 06/01/2022 12:00,25040
06/01/2022 12:00 - 06/01/2022 13:00,24856
06/01/2022 13:00 - 06/01/2022 14:00,25111
06/01/2022 14:00 - 06/01/2022 15:00,25319
06/01/2022 15:00 - 06/01/2022 16:00,24387
06/01/2022 16:00 - 06/01/2022 17:00,23876
06/01/2022 17:00 - 06/01/2022 18:00,24388
06/01/2022 18:00 - 06/01/2022 19:00,26611
06/01/2022 19:00 - 06/01/2022 20:00,27957
06/01/2022 20:00 - 06/01/2022 21:00,28840
06/01/2022 21:00 - 06/01/2022 22:00,29309
06/01/2022 22:00 - 06/01/2022 23:00,28079
06/01/2022 23:00 - 07/01/2022 00:00,25915
07/01/2022 00:00 - 07/01/2022 01:00,24213
07/01/2022 01:00 - 07/01/2022 02:00,22480
07/01/2022 02:00 - 07/01/2022 03:00,21292
07/01/2022 03:00 - 07/01/2022 04:00,20706
07/01/2022 04:00 - 07/01/2022 05:00,20647
07/01/2022 05:00 - 07/01/2022 06:00,21258
07/01/2022 06:00 - 07/01/2022 07:00,23127
07/01/2022 07:00 - 07/01/2022 08:00,25767
07/01/2022 08:00 - 07/01/2022 09:00,27778
07/01/2022 09:00 - 07/01/2022 10:00,29656
07/01/2022 10:00 - 07/01/2022 11:00,30690
07/01/2022 11:00 - 07/01/2022 12:00,30521
07/01/2022 12:00 - 07/01/2022 13:00,30194
07/01/2022 13:00 - 07/01/2022 14:00,30397
07/01/2022 14:00 - 07/01/2022 15:00,30357
07/01/2022 15:00 - 07/01/2022 16:00,29521
07/01/2022 16:00 - 07/01/2022 17:00,29212
07/01/2022 17:00 - 07/01/2022 18:00,29408
07/01/2022 18:00 - 07/01/2022 19:00,31271
07/01/2022 19:00 - 07/01/2022 20:00,32420
07/01/2022 20:00 - 07/01/2022 21:00,33087
07/01/2022 21:00 - 07/01/2022 22:00,32597
07/01/2022 22:00 - 07/01/2022 23:00,30299
07/01/2022 23:00 - 08/01/2022 00:00,27675
08/01/2022 00:00 - 08/01/2022 01:00,25942
08/01/2022 01:00 - 08/01/2022 02:00,23912
08/01/2022 02:00 - 08/01/2022 03:00,22497
08/01/2022 03:00 - 08/01/2022 04:00,21849
08/01/2022 04:00 - 08/01/2022 05:00,21542
08/01/2022 05:00 - 08/01/2022 06:00,21638
08/01/2022 06:00 - 08/01/2022 07:00,22356
08/01/2022 07:00 - 08/01/2022 08:00,23603
08/01/2022 08:00 - 08/01/2022 09:00,24867
08/01/2022 09:00 - 08/01/2022 10:00,26939
08/01/2022 10:00 - 08/01/2022 11:00,28682
08/01/2022 11:00 - 08/01/2022 12:00,28988
08/01/2022 12:00 - 08/01/2022 13:00,29002
08/01/2022 13:00 - 08/01/2022 14:00,29376
08/01/2022 14:00 - 08/01/2022 15:00,29475
08/01/2022 15:00 - 08/01/2022 16:00,28464
08/01/2022 16:00 - 08/01/2022 17:00,27669
08/01/2022 17:00 - 08/01/2022 18:00,27852
08/01/2022 18:00 - 08/01/2022 19:00,29993
08/01/2022 19:00 - 08/01/2022 20:00,31156
08/01/2022 20:00 - 08/01/2022 21:00,31764
08/01/2022 21:00 - 08/01/2022 22:00,31606
08/01/2022 22:00 - 08/01/2022 23:00,29474
08/01/2022 23:00 - 09/01/2022 00:00,27108
09/01/2022 00:00 - 09/01/2022 01:00,25059
09/01/2022 01:00 - 09/01/2022 02:00,23142
09/01/2022 02:00 - 09/01/2022 03:00,21719
09/01/2022 03:00 - 09/01/2022 04:00,20859
09/01/2022 04:00 - 09/01/2022 05:00,20371
09/01/2022 05:00 - 09/01/2022 06:00,20384
09/01/2022 06:00 - 09/01/2022 07:00,20873
09/01/2022 07:00 - 09/01/2022 08:00,21535
09/01/2022 08:00 - 09/01/2022 09:00,22175
09/01/2022 09:00 - 09/01/2022 10:00,24018
09/01/2022 10:00 - 09/01/2022 11:00,26046
09/01/2022 11:00 - 09/01/2022 12:00,27195
09/01/2022 12:00 - 09/01/2022 13:00,27654
09/01/2022 13:00 - 09/01/2022 14:00,28513
09/01/2022 14:00 - 09/01/2022 15:00,28661
09/01/2022 15:00 - 09/01/2022 16:00,27297
09/01/2022 16:00 - 09/01/2022 17:00,26375
09/01/2022 17:00 - 09/01/2022 18:00,26563
09/01/2022 18:00 - 09/01/2022 19:00,28870
09/01/2022 19:00 - 09/01/2022 20:00,30485
09/01/2022 20:00 - 09/01/2022 21:00,31495
09/01/2022 21:00 - 09/01/2022 22:00,31201
09/01/2022 22:00 - 09/01/2022 23:00,28827
09/01/2022 23:00 - 10/01/2022 00:00,26133
10/01/2022 00:00 - 10/01/2022 01:00,24133
10/01/2022 01:00 - 10/01/2022 02:00,22429
10/01/2022 02:00 - 10/01/2022 03:00,21564
10/01/2022 03:00 - 10/01/2022 04:00,21061
10/01/2022 04:00 - 10/01/2022 05:00,21254
10/01/2022 05:00 - 10/01/2022 06:00,22053
10/01/2022 06:00 - 10/01/2022 07:00,25328
10/01/2022 07:00 - 10/01/2022 08:00,29847
10/01/2022 08:00 - 10/01/2022 09:00,32334
10/01/2022 09:00 - 10/01/2022 10:00,33103
10/01/2022 10:00 - 10/01/2022 11:00,33815
10/01/2022 11:00 - 10/01/2022 12:00,33804
10/01/2022 12:00 - 10/01/2022 13:00,33977
10/01/2022 13:00 - 10/01/2022 14:00,33911
10/01/2022 14:00 - 10/01/2022 15:00,33422
10/01/2022 15:00 - 10/01/2022 16:00,32533
10/01/2022 16:00 - 10/01/2022 17:00,31995
10/01/2022 17:00 - 10/01/2022 18:00,32044
10/01/2022 18:00 - 10/01/2022 19:00,33498
10/01/2022 19:00 - 10/01/2022 20:00,34548
10/01/2022 20:00 - 10/01/2022 21:00,34981
10/01/2022 21:00 - 10/01/2022 22:00,34066
10/01/2022 22:00 - 10/01/2022 23:00,30896
10/01/2022 23:00 - 11/01/2022 00:00,28080
11/01/2022 00:00 - 11/01/2022 01:00,26557
11/01/2022 01:00 - 11/01/2022 02:00,24788
11/01/2022 02:00 - 11/01/2022 03:00,23814
11/01/2022 03:00 - 11/01/2022 04:00,23397
11/01/2022 04:00 - 11/01/2022 05:00,23319
11/01/2022 05:00 - 11/01/2022 06:00,24035
11/01/2022 06:00 - 11/01/2022 07:00,26496
11/01/2022 07:00 - 11/01/2022 08:00,30590
11/01/2022 08:00 - 11/01/2022 09:00,32775
11/01/2022 09:00 - 11/01/2022 10:00,33469
11/01/2022 10:00 - 11/01/2022 11:00,33755
11/01/2022 11:00 - 11/01/2022 12:00,33521
11/01/2022 12:00 - 11/01/2022 13:00,33372
11/01/2022 13:00 - 11/01/2022 14:00,33181
11/01/2022 14:00 - 11/01/2022 15:00,32658
11/01/2022 15:00 - 11/01/2022 16:00,31846
11/01/2022 16:00 - 11/01/2022 17:00,31487
11/01/2022 17:00 - 11/01/2022 18:00,31697
11/01/2022 18:00 - 11/01/2022 19:00,33310
11/01/2022 19:00 - 11/01/2022 20:00,34668
11/01/2022 20:00 - 11/01/2022 21:00,35194
11/01/2022 21:00 - 11/01/2022 22:00,34045
11/01/2022 22:00 - 11/01/2022 23:00,31023
11/01/2022 23:00 - 12/01/2022 00:00,28078
12/01/2022 00:00 - 12/01/2022 01:00,26504
12/01/2022 01:00 - 12/01/2022 02:00,24986
12/01/2022 02:00 - 12/01/2022 03:00,24008
12/01/2022 03:00 - 12/01/2022 04:00,23540
12/01/2022 04:00 - 12/01/2022 05:00,23447
12/01/2022 05:00 - 12/01/2022 06:00,24007
12/01/2022 06:00 - 12/01/2022 07:00,26686
12/01/2022 07:00 - 12/01/2022 08:00,30786
12/01/2022 08:00 - 12/01/2022 09:00,33129
12/01/2022 09:00 - 12/01/2022 10:00,33884
12/01/2022 10:00 - 12/01/2022 11:00,34134
12/01/2022 11:00 - 12/01/2022 12:00,33899
12/01/2022 12:00 - 12/01/2022 13:00,33662
12/01/2022 13:00 - 12/01/2022 14:00,33364
12/01/2022 14:00 - 12/01/2022 15:00,32906
12/01/2022 15:00 - 12/01/2022 16:00,32136
12/01/2022 16:00 - 12/01/2022 17:00,31712
12/01/2022 17:00 - 12/01/2022 18:00,31902
12/01/2022 18:00 - 12/01/2022 19:00,33783
12/01/2022 19:00 - 12/01/2022 20:00,35298
12/01/2022 20:00 - 12/01/2022 21:00,35742
12/01/2022 21:00 - 12/01/2022 22:00,34267
12/01/2022 22:00 - 12/01/2022 23:00,31228
12/01/2022 23:00 - 13/01/2022 00:00,28306
13/01/2022 00:00 - 13/01/2022 01:00,26738
13/01/2022 01:00 - 13/01/2022 02:00,25102
13/01/2022 02:00 - 13/01/2022 03:00,24069
13/01/2022 03:00 - 13/01/2022 04:00,23513
13/01/2022 04:00 - 13/01/2022 05:00,23553
13/01/2022 05:00 - 13/01/2022 06:00,24121
13/01/2022 06:00 - 13/01/2022 07:00,27007
13/01/2022 07:00 - 13/01/2022 08:00,31285
13/01/2022 08:00 - 13/01/2022 09:00,33618
13/01/2022 09:00 - 13/01/2022 10:00,34505
13/01/2022 10:00 - 13/01/2022 11:00,34961
13/01/2022 11:00 - 13/01/2022 12:00,34705
13/01/2022 12:00 - 13/01/2022 13:00,34378
13/01/2022 13:00 - 13/01/2022 14:00,34313
13/01/2022 14:00 - 13/01/2022 15:00,33702
13/01/2022 15:00 - 13/01/2022 16:00,32845
13/01/2022 16:00 - 13/01/2022 17:00,32625
13/01/2022 17:00 - 13/01/2022 18:00,32886
13/01/2022 18:00 - 13/01/2022 19:00,34566
13/01/2022 19:00 - 13/01/2022 20:00,35965
13/01/2022 20:00 - 13/01/2022 21:00,36414
13/01/2022 21:00 - 13/01/2022 22:00,34979
13/01/2022 22:00 - 13/01/2022 23:00,31916
13/01/2022 23:00 - 14/01/2022 00:00,28876
14/01/2022 00:00 - 14/01/2022 01:00,27354
14/01/2022 01:00 - 14/01/2022 02:00,25678
14/01/2022 02:00 - 14/01/2022 03:00,24496
14/01/2022 03:00 - 14/01/2022 04:00,24028
14/01/2022 04:00 - 14/01/2022 05:00,23917
14/01/2022 05:00 - 14/01/2022 06:00,24554
14/01/2022 06:00 - 14/01/2022 07:00,27454
14/01/2022 07:00 - 14/01/2022 08:00,31749
14/01/2022 08:00 - 14/01/2022 09:00,34282
14/01/2022 09:00 - 14/01/2022 10:00,35235
14/01/2022 10:00 - 14/01/2022 11:00,35819
14/01/2022 11:00 - 14/01/2022 12:00,35437
14/01/2022 12:00 - 14/01/2022 13:00,35217
14/01/2022 13:00 - 14/01/2022 14:00,34804
14/01/2022 14:00 - 14/01/2022 15:00,34217
14/01/2022 15:00 - 14/01/2022 16:00,33144
14/01/2022 16:00 - 14/01/2022 17:00,32839
14/01/2022 17:00 - 14/01/2022 18:00,32980
14/01/2022 18:00 - 14/01/2022 19:00,34386
14/01/2022 19:00 - 14/01/2022 20:00,35497
14/01/2022 20:00 - 14/01/2022 21:00,35627
14/01/2022 21:00 - 14/01/2022 22:00,34654
14/01/2022 22:00 - 14/01/2022 23:00,31967
14/01/2022 23:00 - 15/01/2022 00:00,29403
15/01/2022 00:00 - 15/01/2022 01:00,27798
15/01/2022 01:00 - 15/01/2022 02:00,25801
15/01/2022 02:00 - 15/01/2022 03:00,24289
15/01/2022 03:00 - 15/01/2022 04:00,23561
15/01/2022 04:00 - 15/01/2022 05:00,23196
15/01/2022 05:00 - 15/01/2022 06:00,23109
15/01/2022 06:00 - 15/01/2022 07:00,23648
15/01/2022 07:00 - 15/01/2022 08:00,25212
15/01/2022 08:00 - 15/01/2022 09:00,26854
15/01/2022 09:00 - 15/01/2022 10:00,29216
15/01/2022 10:00 - 15/01/2022 11:00,30864
15/01/2022 11:00 - 15/01/2022 12:00,30880
15/01/2022 12:00 - 15/01/2022 13:00,30391
15/01/2022 13:00 - 15/01/2022 14:00,30378
15/01/2022 14:00 - 15/01/2022 15:00,29999
15/01/2022 15:00 - 15/01/2022 16:00,28900
15/01/2022 16:00 - 15/01/2022 17:00,28285
15/01/2022 17:00 - 15/01/2022 18:00,28395
15/01/2022 18:00 - 15/01/2022 19:00,30611
15/01/2022 19:00 - 15/01/2022 20:00,31987
15/01/2022 20:00 - 15/01/2022 21:00,32619
15/01/2022 21:00 - 15/01/2022 22:00,32464
15/01/2022 22:00 - 15/01/2022 23:00,30290
15/01/2022 23:00 - 16/01/2022 00:00,27917
16/01/2022 00:00 - 16/01/2022 01:00,25904
16/01/2022 01:00 - 16/01/2022 02:00,24031
16/01/2022 02:00 - 16/01/2022 03:00,22647
16/01/2022 03:00 - 16/01/2022 04:00,21876
16/01/2022 04:00 - 16/01/2022 05:00,21482
16/01/2022 05:00 - 16/01/2022 06:00,21513
16/01/2022 06:00 - 16/01/2022 07:00,21984
16/01/2022 07:00 - 16/01/2022 08:00,22725
16/01/2022 08:00 - 16/01/2022 09:00,23430
16/01/2022 09:00 - 16/01/2022 10:00,25557
16/01/2022 10:00 - 16/01/2022 11:00,27535
16/01/2022 11:00 - 16/01/2022 12:00,28260
16/01/2022 12:00 - 16/01/2022 13:00,28140
16/01/2022 13:00 - 16/01/2022 14:00,28600
16/01/2022 14:00 - 16/01/2022 15:00,28662
16/01/2022 15:00 - 16/01/2022 16:00,27476
16/01/2022 16:00 - 16/01/2022 17:00,26821
16/01/2022 17:00 - 16/01/2022 18:00,26841
16/01/2022 18:00 - 16/01/2022 19:00,29284
16/01/2022 19:00 - 16/01/2022 20:00,31522
16/01/2022 20:00 - 16/01/2022 21:00,32496
16/01/2022 21:00 - 16/01/2022 22:00,32252
16/01/2022 22:00 - 16/01/2022 23:00,30518
16/01/2022 23:00 - 17/01/2022 00:00,27753
17/01/2022 00:00 - 17/01/2022 01:00,25349
17/01/2022 01:00 - 17/01/2022 02:00,23671
17/01/2022 02:00 - 17/01/2022 03:00,22793
17/01/2022 03:00 - 17/01/2022 04:00,22555
17/01/2022 04:00 - 17/01/2022 05:00,22646
17/01/2022 05:00 - 17/01/2022 06:00,23511
17/01/2022 06:00 - 17/01/2022 07:00,26620
17/01/2022 07:00 - 17/01/2022 08:00,31345
17/01/2022 08:00 - 17/01/2022 09:00,33900
17/01/2022 09:00 - 17/01/2022 10:00,34758
17/01/2022 10:00 - 17/01/2022 11:00,35113
17/01/2022 11:00 - 17/01/2022 12:00,34896
17/01/2022 12:00 - 17/01/2022 13:00,34600
17/01/2022 13:00 - 17/01/2022 14:00,34828
17/01/2022 14:00 - 17/01/2022 15:00,34234
17/01/2022 15:00 - 17/01/2022 16:00,33478
17/01/2022 16:00 - 17/01/2022 17:00,33241
17/01/2022 17:00 - 17/01/2022 18:00,33495
17/01/2022 18:00 - 17/01/2022 19:00,35083
17/01/2022 19:00 - 17/01/2022 20:00,36637
17/01/2022 20:00 - 17/01/2022 21:00,37064
17/01/2022 21:00 - 17/01/2022 22:00,35863
17/01/2022 22:00 - 17/01/2022 23:00,32645
17/01/2022 23:00 - 18/01/2022 00:00,29424
18/01/2022 00:00 - 18/01/2022 01:00,27824
18/01/2022 01:00 - 18/01/2022 02:00,26008
18/01/2022 02:00 - 18/01/2022 03:00,24935
18/01/2022 03:00 - 18/01/2022 04:00,24480
18/01/2022 04:00 - 18/01/2022 05:00,24407
18/01/2022 05:00 - 18/01/2022 06:00,25001
18/01/2022 06:00 - 18/01/2022 07:00,27860
18/01/2022 07:00 - 18/01/2022 08:00,32423
18/01/2022 08:00 - 18/01/2022 09:00,35017
18/01/2022 09:00 - 18/01/2022 10:00,36089
18/01/2022 10:00 - 18/01/2022 11:00,36448
18/01/2022 11:00 - 18/01/2022 12:00,35991
18/01/2022 12:00 - 18/01/2022 13:00,35679
18/01/2022 13:00 - 18/01/2022 14:00,35381
18/01/2022 14:00 - 18/01/2022 15:00,34638
18/01/2022 15:00 - 18/01/2022 16:00,33809
18/01/2022 16:00 - 18/01/2022 17:00,33472
18/01/2022 17:00 - 18/01/2022 18:00,33672
18/01/2022 18:00 - 18/01/2022 19:00,35195
18/01/2022 19:00 - 18/01/2022 20:00,36916
18/01/2022 20:00 - 18/01/2022 21:00,37324
18/01/2022 21:00 - 18/01/2022 22:00,36150
18/01/2022 22:00 - 18/01/2022 23:00,33007
18/01/2022 23:00 - 19/01/2022 00:00,29637
19/01/2022 00:00 - 19/01/2022 01:00,27837
19/01/2022 01:00 - 19/01/2022 02:00,26000
19/01/2022 02:00 - 19/01/2022 03:00,24803
19/01/2022 03:00 - 19/01/2022 04:00,24385
19/01/2022 04:00 - 19/01/2022 05:00,24315
19/01/2022 05:00 - 19/01/2022 06:00,24927
19/01/2022 06:00 - 19/01/2022 07:00,27903
19/01/2022 07:00 - 19/01/2022 08:00,32439
19/01/2022 08:00 - 19/01/2022 09:00,35077
19/01/2022 09:00 - 19/01/2022 10:00,35994
19/01/2022 10:00 - 19/01/2022 11:00,36606
19/01/2022 11:00 - 19/01/2022 12:00,36184
19/01/2022 12:00 - 19/01/2022 13:00,35889
19/01/2022 13:00 - 19/01/2022 14:00,35575
19/01/2022 14:00 - 19/01/2022 15:00,34885
19/01/2022 15:00 - 19/01/2022 16:00,33991
19/01/2022 16:00 - 19/01/2022 17:00,33614
19/01/2022 17:00 - 19/01/2022 18:00,33743
19/01/2022 18:00 - 19/01/2022 19:00,35447
19/01/2022 19:00 - 19/01/2022 20:00,37151
19/01/2022 20:00 - 19/01/2022 21:00,37705
19/01/2022 21:00 - 19/01/2022 22:00,36444
19/01/2022 22:00 - 19/01/2022 23:00,33240
19/01/2022 23:00 - 20/01/2022 00:00,29941
20/01/2022 00:00 - 20/01/2022 01:00,28210
20/01/2022 01:00 - 20/01/2022 02:00,26303
20/01/2022 02:00 - 20/01/2022 03:00,25023
20/01/2022 03:00 - 20/01/2022 04:00,24563
20/01/2022 04:00 - 20/01/2022 05:00,24428
20/01/2022 05:00 - 20/01/2022 06:00,25019
20/01/2022 06:00 - 20/01/2022 07:00,28082
20/01/2022 07:00 - 20/01/2022 08:00,32484
20/01/2022 08:00 - 20/01/2022 09:00,34998
20/01/2022 09:00 - 20/01/2022 10:00,35869
20/01/2022 10:00 - 20/01/2022 11:00,36262
20/01/2022 11:00 - 20/01/2022 12:00,35678
20/01/2022 12:00 - 20/01/2022 13:00,35216
20/01/2022 13:00 - 20/01/2022 14:00,34942
20/01/2022 14:00 - 20/01/2022 15:00,34391
20/01/2022 15:00 - 20/01/2022 16:00,33677
20/01/2022 16:00 - 20/01/2022 17:00,33476
20/01/2022 17:00 - 20/01/2022 18:00,33823
20/01/2022 18:00 - 20/01/2022 19:00,35358
20/01/2022 19:00 - 20/01/2022 20:00,37099
20/01/2022 20:00 - 20/01/2022 21:00,37649
20/01/2022 21:00 - 20/01/2022 22:00,36496
20/01/2022 22:00 - 20/01/2022 23:00,33375
20/01/2022 23:00 - 21/01/2022 00:00,30146
21/01/2022 00:00 - 21/01/2022 01:00,28275
21/01/2022 01:00 - 21/01/2022 02:00,26251
21/01/2022 02:00 - 21/01/2022 03:00,24979
21/01/2022 03:00 - 21/01/2022 04:00,24559
21/01/2022 04:00 - 21/01/2022 05:00,24415
21/01/2022 05:00 - 21/01/2022 06:00,24999
21/01/2022 06:00 - 21/01/2022 07:00,27928
21/01/2022 07:00 - 21/01/2022 08:00,32523
21/01/2022 08:00 - 21/01/2022 09:00,35070
21/01/2022 09:00 - 21/01/2022 10:00,36097
21/01/2022 10:00 - 21/01/2022 11:00,36361
21/01/2022 11:00 - 21/01/2022 12:00,35654
21/01/2022 12:00 - 21/01/2022 13:00,35099
21/01/2022 13:00 - 21/01/2022 14:00,34647
21/01/2022 14:00 - 21/01/2022 15:00,34002
21/01/2022 15:00 - 21/01/2022 16:00,33368
21/01/2022 16:00 - 21/01/2022 17:00,33068
21/01/2022 17:00 - 21/01/2022 18:00,33320
21/01/2022 18:00 - 21/01/2022 19:00,34793
21/01/2022 19:00 - 21/01/2022 20:00,36350
21/01/2022 20:00 - 21/01/2022 21:00,36666
21/01/2022 21:00 - 21/01/2022 22:00,35791
21/01/2022 22:00 - 21/01/2022 23:00,32851
21/01/2022 23:00 - 22/01/2022 00:00,29870
22/01/2022 00:00 - 22/01/2022 01:00,28291
22/01/2022 01:00 - 22/01/2022 02:00,26365
22/01/2022 02:00 - 22/01/2022 03:00,25041
22/01/2022 03:00 - 22/01/2022 04:00,24159
22/01/2022 04:00 - 22/01/2022 05:00,23771
22/01/2022 05:00 - 22/01/2022 06:00,23626
22/01/2022 06:00 - 22/01/2022 07:00,24160
22/01/2022 07:00 - 22/01/2022 08:00,25529
22/01/2022 08:00 - 22/01/2022 09:00,27165
22/01/2022 09:00 - 22/01/2022 10:00,29454
22/01/2022 10:00 - 22/01/2022 11:00,30687
22/01/2022 11:00 - 22/01/2022 12:00,31760
22/01/2022 12:00 - 22/01/2022 13:00,31479
22/01/2022 13:00 - 22/01/2022 14:00,31485
22/01/2022 14:00 - 22/01/2022 15:00,31236
22/01/2022 15:00 - 22/01/2022 16:00,30201
22/01/2022 16:00 - 22/01/2022 17:00,29405
22/01/2022 17:00 - 22/01/2022 18:00,29191
22/01/2022 18:00 - 22/01/2022 19:00,30811
22/01/2022 19:00 - 22/01/2022 20:00,32306
22/01/2022 20:00 - 22/01/2022 21:00,33011
22/01/2022 21:00 - 22/01/2022 22:00,32892
22/01/2022 22:00 - 22/01/2022 23:00,30802
22/01/2022 23:00 - 23/01/2022 00:00,28412
23/01/2022 00:00 - 23/01/2022 01:00,26330
23/01/2022 01:00 - 23/01/2022 02:00,24316
23/01/2022 02:00 - 23/01/2022 03:00,22918
23/01/2022 03:00 - 23/01/2022 04:00,22204
23/01/2022 04:00 - 23/01/2022 05:00,21939
23/01/2022 05:00 - 23/01/2022 06:00,21924
23/01/2022 06:00 - 23/01/2022 07:00,22207
23/01/2022 07:00 - 23/01/2022 08:00,22975
23/01/2022 08:00 - 23/01/2022 09:00,23681
23/01/2022 09:00 - 23/01/2022 10:00,25835
23/01/2022 10:00 - 23/01/2022 11:00,28092
23/01/2022 11:00 - 23/01/2022 12:00,29068
23/01/2022 12:00 - 23/01/2022 13:00,29116
23/01/2022 13:00 - 23/01/2022 14:00,29615
23/01/2022 14:00 - 23/01/2022 15:00,29684
23/01/2022 15:00 - 23/01/2022 16:00,28440
23/01/2022 16:00 - 23/01/2022 17:00,27836
23/01/2022 17:00 - 23/01/2022 18:00,27751
23/01/2022 18:00 - 23/01/2022 19:00,29689
23/01/2022 19:00 - 23/01/2022 20:00,31702
23/01/2022 20:00 - 23/01/2022 21:00,32853
23/01/2022 21:00 - 23/01/2022 22:00,32650
23/01/2022 22:00 - 23/01/2022 23:00,30805
23/01/2022 23:00 - 24/01/2022 00:00,28166
24/01/2022 00:00 - 24/01/2022 01:00,26021
24/01/2022 01:00 - 24/01/2022 02:00,24475
24/01/2022 02:00 - 24/01/2022 03:00,23485
24/01/2022 03:00 - 24/01/2022 04:00,23056
24/01/2022 04:00 - 24/01/2022 05:00,23115
24/01/2022 05:00 - 24/01/2022 06:00,23986
24/01/2022 06:00 - 24/01/2022 07:00,27268
24/01/2022 07:00 - 24/01/2022 08:00,31891
24/01/2022 08:00 - 24/01/2022 09:00,34694
24/01/2022 09:00 - 24/01/2022 10:00,35846
24/01/2022 10:00 - 24/01/2022 11:00,36539
24/01/2022 11:00 - 24/01/2022 12:00,36402
24/01/2022 12:00 - 24/01/2022 13:00,36253
24/01/2022 13:00 - 24/01/2022 14:00,36145
24/01/2022 14:00 - 24/01/2022 15:00,35584
24/01/2022 15:00 - 24/01/2022 16:00,34858
24/01/2022 16:00 - 24/01/2022 17:00,34450
24/01/2022 17:00 - 24/01/2022 18:00,34416
24/01/2022 18:00 - 24/01/2022 19:00,35435
24/01/2022 19:00 - 24/01/2022 20:00,36779
24/01/2022 20:00 - 24/01/2022 21:00,37324
24/01/2022 21:00 - 24/01/2022 22:00,36032
24/01/2022 22:00 - 24/01/2022 23:00,32785
24/01/2022 23:00 - 25/01/2022 00:00,29553
25/01/2022 00:00 - 25/01/2022 01:00,27725
25/01/2022 01:00 - 25/01/2022 02:00,25899
25/01/2022 02:00 - 25/01/2022 03:00,24733
25/01/2022 03:00 - 25/01/2022 04:00,24199
25/01/2022 04:00 - 25/01/2022 05:00,24074
25/01/2022 05:00 - 25/01/2022 06:00,24791
25/01/2022 06:00 - 25/01/2022 07:00,27599
25/01/2022 07:00 - 25/01/2022 08:00,32018
25/01/2022 08:00 - 25/01/2022 09:00,34652
25/01/2022 09:00 - 25/01/2022 10:00,35656
25/01/2022 10:00 - 25/01/2022 11:00,36067
25/01/2022 11:00 - 25/01/2022 12:00,35722
25/01/2022 12:00 - 25/01/2022 13:00,35466
25/01/2022 13:00 - 25/01/2022 14:00,35343
25/01/2022 14:00 - 25/01/2022 15:00,34925
25/01/2022 15:00 - 25/01/2022 16:00,34096
25/01/2022 16:00 - 25/01/2022 17:00,33767
25/01/2022 17:00 - 25/01/2022 18:00,33695
25/01/2022 18:00 - 25/01/2022 19:00,34900
25/01/2022 19:00 - 25/01/2022 20:00,36447
25/01/2022 20:00 - 25/01/2022 21:00,37006
25/01/2022 21:00 - 25/01/2022 22:00,35786
25/01/2022 22:00 - 25/01/2022 23:00,32629
25/01/2022 23:00 - 26/01/2022 00:00,29338
26/01/2022 00:00 - 26/01/2022 01:00,27578
26/01/2022 01:00 - 26/01/2022 02:00,25748
26/01/2022 02:00 - 26/01/2022 03:00,24682
26/01/2022 03:00 - 26/01/2022 04:00,24115
26/01/2022 04:00 - 26/01/2022 05:00,24046
26/01/2022 05:00 - 26/01/2022 06:00,24748
26/01/2022 06:00 - 26/01/2022 07:00,27639
26/01/2022 07:00 - 26/01/2022 08:00,32072
26/01/2022 08:00 - 26/01/2022 09:00,34629
26/01/2022 09:00 - 26/01/2022 10:00,35660
26/01/2022 10:00 - 26/01/2022 11:00,36046
26/01/2022 11:00 - 26/01/2022 12:00,35605
26/01/2022 12:00 - 26/01/2022 13:00,35355
26/01/2022 13:00 - 26/01/2022 14:00,35213
26/01/2022 14:00 - 26/01/2022 15:00,34512
26/01/2022 15:00 - 26/01/2022 16:00,33751
26/01/2022 16:00 - 26/01/2022 17:00,33314
26/01/2022 17:00 - 26/01/2022 18:00,33535
26/01/2022 18:00 - 26/01/2022 19:00,34693
26/01/2022 19:00 - 26/01/2022 20:00,36435
26/01/2022 20:00 - 26/01/2022 21:00,36956
26/01/2022 21:00 - 26/01/2022 22:00,35741
26/01/2022 22:00 - 26/01/2022 23:00,32547
26/01/2022 23:00 - 27/01/2022 00:00,29256
27/01/2022 00:00 - 27/01/2022 01:00,27530
27/01/2022 01:00 - 27/01/2022 02:00,25797
27/01/2022 02:00 - 27/01/2022 03:00,24596
27/01/2022 03:00 - 27/01/2022 04:00,24061
27/01/2022 04:00 - 27/01/2022 05:00,24068
27/01/2022 05:00 - 27/01/2022 06:00,24733
27/01/2022 06:00 - 27/01/2022 07:00,27525
27/01/2022 07:00 - 27/01/2022 08:00,31919
27/01/2022 08:00 - 27/01/2022 09:00,34406
27/01/2022 09:00 - 27/01/2022 10:00,35329
27/01/2022 10:00 - 27/01/2022 11:00,35490
27/01/2022 11:00 - 27/01/2022 12:00,34971
27/01/2022 12:00 - 27/01/2022 13:00,34722
27/01/2022 13:00 - 27/01/2022 14:00,34386
27/01/2022 14:00 - 27/01/2022 15:00,33763
27/01/2022 15:00 - 27/01/2022 16:00,33031
27/01/2022 16:00 - 27/01/2022 17:00,32759
27/01/2022 17:00 - 27/01/2022 18:00,32859
27/01/2022 18:00 - 27/01/2022 19:00,34210
27/01/2022 19:00 - 27/01/2022 20:00,35984
27/01/2022 20:00 - 27/01/2022 21:00,36541
27/01/2022 21:00 - 27/01/2022 22:00,35573
27/01/2022 22:00 - 27/01/2022 23:00,32469
27/01/2022 23:00 - 28/01/2022 00:00,29226
28/01/2022 00:00 - 28/01/2022 01:00,27628
28/01/2022 01:00 - 28/01/2022 02:00,25938
28/01/2022 02:00 - 28/01/2022 03:00,24703
28/01/2022 03:00 - 28/01/2022 04:00,24377
28/01/2022 04:00 - 28/01/2022 05:00,24440
28/01/2022 05:00 - 28/01/2022 06:00,25113
28/01/2022 06:00 - 28/01/2022 07:00,27816
28/01/2022 07:00 - 28/01/2022 08:00,32270
28/01/2022 08:00 - 28/01/2022 09:00,34531
28/01/2022 09:00 - 28/01/2022 10:00,35256
28/01/2022 10:00 - 28/01/2022 11:00,35310
28/01/2022 11:00 - 28/01/2022 12:00,34567
28/01/2022 12:00 - 28/01/2022 13:00,34196
28/01/2022 13:00 - 28/01/2022 14:00,33837
28/01/2022 14:00 - 28/01/2022 15:00,33026
28/01/2022 15:00 - 28/01/2022 16:00,31815
28/01/2022 16:00 - 28/01/2022 17:00,31619
28/01/2022 17:00 - 28/01/2022 18:00,31684
28/01/2022 18:00 - 28/01/2022 19:00,33018
28/01/2022 19:00 - 28/01/2022 20:00,34969
28/01/2022 20:00 - 28/01/2022 21:00,35251
28/01/2022 21:00 - 28/01/2022 22:00,34308
28/01/2022 22:00 - 28/01/2022 23:00,31496
28/01/2022 23:00 - 29/01/2022 00:00,28968
29/01/2022 00:00 - 29/01/2022 01:00,27578
29/01/2022 01:00 - 29/01/2022 02:00,25701
29/01/2022 02:00 - 29/01/2022 03:00,24472
29/01/2022 03:00 - 29/01/2022 04:00,23731
29/01/2022 04:00 - 29/01/2022 05:00,23445
29/01/2022 05:00 - 29/01/2022 06:00,23341
29/01/2022 06:00 - 29/01/2022 07:00,23862
29/01/2022 07:00 - 29/01/2022 08:00,25283
29/01/2022 08:00 - 29/01/2022 09:00,26669
29/01/2022 09:00 - 29/01/2022 10:00,28963
29/01/2022 10:00 - 29/01/2022 11:00,30337
29/01/2022 11:00 - 29/01/2022 12:00,30271
29/01/2022 12:00 - 29/01/2022 13:00,29864
29/01/2022 13:00 - 29/01/2022 14:00,29794
29/01/2022 14:00 - 29/01/2022 15:00,29178
29/01/2022 15:00 - 29/01/2022 16:00,28254
29/01/2022 16:00 - 29/01/2022 17:00,27630
29/01/2022 17:00 - 29/01/2022 18:00,27428
29/01/2022 18:00 - 29/01/2022 19:00,28917
29/01/2022 19:00 - 29/01/2022 20:00,30858
29/01/2022 20:00 - 29/01/2022 21:00,31775
29/01/2022 21:00 - 29/01/2022 22:00,31708
29/01/2022 22:00 - 29/01/2022 23:00,29763
29/01/2022 23:00 - 30/01/2022 00:00,27587
30/01/2022 00:00 - 30/01/2022 01:00,25769
30/01/2022 01:00 - 30/01/2022 02:00,23819
30/01/2022 02:00 - 30/01/2022 03:00,22504
30/01/2022 03:00 - 30/01/2022 04:00,21804
30/01/2022 04:00 - 30/01/2022 05:00,21504
30/01/2022 05:00 - 30/01/2022 06:00,21376
30/01/2022 06:00 - 30/01/2022 07:00,21776
30/01/2022 07:00 - 30/01/2022 08:00,22507
30/01/2022 08:00 - 30/01/2022 09:00,23237
30/01/2022 09:00 - 30/01/2022 10:00,25220
30/01/2022 10:00 - 30/01/2022 11:00,26839
30/01/2022 11:00 - 30/01/2022 12:00,27225
30/01/2022 12:00 - 30/01/2022 13:00,26892
30/01/2022 13:00 - 30/01/2022 14:00,27018
30/01/2022 14:00 - 30/01/2022 15:00,27021
30/01/2022 15:00 - 30/01/2022 16:00,25824
30/01/2022 16:00 - 30/01/2022 17:00,25336
30/01/2022 17:00 - 30/01/2022 18:00,25418
30/01/2022 18:00 - 30/01/2022 19:00,27307
30/01/2022 19:00 - 30/01/2022 20:00,30099
30/01/2022 20:00 - 30/01/2022 21:00,31469
30/01/2022 21:00 - 30/01/2022 22:00,31306
30/01/2022 22:00 - 30/01/2022 23:00,29622
30/01/2022 23:00 - 31/01/2022 00:00,27181
31/01/2022 00:00 - 31/01/2022 01:00,25143
31/01/2022 01:00 - 31/01/2022 02:00,23575
31/01/2022 02:00 - 31/01/2022 03:00,22788
31/01/2022 03:00 - 31/01/2022 04:00,22471
31/01/2022 04:00 - 31/01/2022 05:00,22482
31/01/2022 05:00 - 31/01/2022 06:00,23377
31/01/2022 06:00 - 31/01/2022 07:00,26536
31/01/2022 07:00 - 31/01/2022 08:00,30982
31/01/2022 08:00 - 31/01/2022 09:00,33372
31/01/2022 09:00 - 31/01/2022 10:00,34079
31/01/2022 10:00 - 31/01/2022 11:00,33964
31/01/2022 11:00 - 31/01/2022 12:00,33190
31/01/2022 12:00 - 31/01/2022 13:00,32917
31/01/2022 13:00 - 31/01/2022 14:00,33079
31/01/2022 14:00 - 31/01/2022 15:00,32584
31/01/2022 15:00 - 31/01/2022 16:00,31804
31/01/2022 16:00 - 31/01/2022 17:00,31389
31/01/2022 17:00 - 31/01/2022 18:00,31394
31/01/2022 18:00 - 31/01/2022 19:00,32585
31/01/2022 19:00 - 31/01/2022 20:00,34758
31/01/2022 20:00 - 31/01/2022 21:00,35544
31/01/2022 21:00 - 31/01/2022 22:00,34473
31/01/2022 22:00 - 31/01/2022 23:00,31474
31/01/2022 23:00 - 01/02/2022 00:00,28291
01/02/2022 00:00 - 01/02/2022 01:00,26697
01/02/2022 01:00 - 01/02/2022 02:00,24933
01/02/2022 02:00 - 01/02/2022 03:00,23922
01/02/2022 03:00 - 01/02/2022 04:00,23451
01/02/2022 04:00 - 01/02/2022 05:00,23423
01/02/2022 05:00 - 01/02/2022 06:00,24114
01/02/2022 06:00 - 01/02/2022 07:00,26893
01/02/2022 07:00 - 01/02/2022 08:00,31442
01/02/2022 08:00 - 01/02/2022 09:00,33507
01/02/2022 09:00 - 01/02/2022 10:00,34049
01/02/2022 10:00 - 01/02/2022 11:00,34100
01/02/2022 11:00 - 01/02/2022 12:00,33867
01/02/2022 12:00 - 01/02/2022 13:00,33636
01/02/2022 13:00 - 01/02/2022 14:00,33344
01/02/2022 14:00 - 01/02/2022 15:00,32647
01/02/2022 15:00 - 01/02/2022 16:00,31924
01/02/2022 16:00 - 01/02/2022 17:00,31511
01/02/2022 17:00 - 01/02/2022 18:00,31661
01/02/2022 18:00 - 01/02/2022 19:00,32654
01/02/2022 19:00 - 01/02/2022 20:00,35096
01/02/2022 20:00 - 01/02/2022 21:00,36028
01/02/2022 21:00 - 01/02/2022 22:00,34920
01/02/2022 22:00 - 01/02/2022 23:00,31494
01/02/2022 23:00 - 02/02/2022 00:00,28265
02/02/2022 00:00 - 02/02/2022 01:00,26738
02/02/2022 01:00 - 02/02/2022 02:00,25098
02/02/2022 02:00 - 02/02/2022 03:00,24216
02/02/2022 03:00 - 02/02/2022 04:00,23871
02/02/2022 04:00 - 02/02/2022 05:00,23942
02/02/2022 05:00 - 02/02/2022 06:00,24469
02/02/2022 06:00 - 02/02/2022 07:00,27106
02/02/2022 07:00 - 02/02/2022 08:00,31485
02/02/2022 08:00 - 02/02/2022 09:00,33533
02/02/2022 09:00 - 02/02/2022 10:00,34073
02/02/2022 10:00 - 02/02/2022 11:00,34003
02/02/2022 11:00 - 02/02/2022 12:00,33321
02/02/2022 12:00 - 02/02/2022 13:00,32947
02/02/2022 13:00 - 02/02/2022 14:00,32722
02/02/2022 14:00 - 02/02/2022 15:00,32174
02/02/2022 15:00 - 02/02/2022 16:00,31388
02/02/2022 16:00 - 02/02/2022 17:00,31130
02/02/2022 17:00 - 02/02/2022 18:00,31106
02/02/2022 18:00 - 02/02/2022 19:00,31859
02/02/2022 19:00 - 02/02/2022 20:00,34143
02/02/2022 20:00 - 02/02/2022 21:00,35053
02/02/2022 21:00 - 02/02/2022 22:00,34185
02/02/2022 22:00 - 02/02/2022 23:00,31366
02/02/2022 23:00 - 03/02/2022 00:00,28315
03/02/2022 00:00 - 03/02/2022 01:00,26900
03/02/2022 01:00 - 03/02/2022 02:00,25281
03/02/2022 02:00 - 03/02/2022 03:00,24174
03/02/2022 03:00 - 03/02/2022 04:00,23743
03/02/2022 04:00 - 03/02/2022 05:00,23806
03/02/2022 05:00 - 03/02/2022 06:00,24395
03/02/2022 06:00 - 03/02/2022 07:00,26955
03/02/2022 07:00 - 03/02/2022 08:00,31185
03/02/2022 08:00 - 03/02/2022 09:00,33252
03/02/2022 09:00 - 03/02/2022 10:00,33652
03/02/2022 10:00 - 03/02/2022 11:00,33645
03/02/2022 11:00 - 03/02/2022 12:00,33036
03/02/2022 12:00 - 03/02/2022 13:00,32709
03/02/2022 13:00 - 03/02/2022 14:00,32339
03/02/2022 14:00 - 03/02/2022 15:00,31871
03/02/2022 15:00 - 03/02/2022 16:00,31332
03/02/2022 16:00 - 03/02/2022 17:00,31126
03/02/2022 17:00 - 03/02/2022 18:00,31194
03/02/2022 18:00 - 03/02/2022 19:00,32020
03/02/2022 19:00 - 03/02/2022 20:00,33949
03/02/2022 20:00 - 03/02/2022 21:00,34798
03/02/2022 21:00 - 03/02/2022 22:00,33740
03/02/2022 22:00 - 03/02/2022 23:00,30945
03/02/2022 23:00 - 04/02/2022 00:00,27895
04/02/2022 00:00 - 04/02/2022 01:00,26565
04/02/2022 01:00 - 04/02/2022 02:00,24954
04/02/2022 02:00 - 04/02/2022 03:00,23929
04/02/2022 03:00 - 04/02/2022 04:00,23443
04/02/2022 04:00 - 04/02/2022 05:00,23338
04/02/2022 05:00 - 04/02/2022 06:00,24087
04/02/2022 06:00 - 04/02/2022 07:00,26566
04/02/2022 07:00 - 04/02/2022 08:00,30749
04/02/2022 08:00 - 04/02/2022 09:00,32738
04/02/2022 09:00 - 04/02/2022 10:00,33269
04/02/2022 10:00 - 04/02/2022 11:00,33305
04/02/2022 11:00 - 04/02/2022 12:00,33147
04/02/2022 12:00 - 04/02/2022 13:00,32992
04/02/2022 13:00 - 04/02/2022 14:00,32774
04/02/2022 14:00 - 04/02/2022 15:00,32279
04/02/2022 15:00 - 04/02/2022 16:00,31711
04/02/2022 16:00 - 04/02/2022 17:00,31377
04/02/2022 17:00 - 04/02/2022 18:00,31211
04/02/2022 18:00 - 04/02/2022 19:00,31829
04/02/2022 19:00 - 04/02/2022 20:00,33352
04/02/2022 20:00 - 04/02/2022 21:00,33612
04/02/2022 21:00 - 04/02/2022 22:00,32734
04/02/2022 22:00 - 04/02/2022 23:00,30125
04/02/2022 23:00 - 05/02/2022 00:00,27680
05/02/2022 00:00 - 05/02/2022 01:00,26653
05/02/2022 01:00 - 05/02/2022 02:00,25091
05/02/2022 02:00 - 05/02/2022 03:00,23753
05/02/2022 03:00 - 05/02/2022 04:00,22907
05/02/2022 04:00 - 05/02/2022 05:00,22705
05/02/2022 05:00 - 05/02/2022 06:00,22528
05/02/2022 06:00 - 05/02/2022 07:00,22976
05/02/2022 07:00 - 05/02/2022 08:00,24237
05/02/2022 08:00 - 05/02/2022 09:00,25669
05/02/2022 09:00 - 05/02/2022 10:00,28216
05/02/2022 10:00 - 05/02/2022 11:00,29366
05/02/2022 11:00 - 05/02/2022 12:00,29523
05/02/2022 12:00 - 05/02/2022 13:00,29254
05/02/2022 13:00 - 05/02/2022 14:00,29027
05/02/2022 14:00 - 05/02/2022 15:00,28464
05/02/2022 15:00 - 05/02/2022 16:00,27316
05/02/2022 16:00 - 05/02/2022 17:00,26584
05/02/2022 17:00 - 05/02/2022 18:00,26490
05/02/2022 18:00 - 05/02/2022 19:00,27614
05/02/2022 19:00 - 05/02/2022 20:00,29785
05/02/2022 20:00 - 05/02/2022 21:00,30541
05/02/2022 21:00 - 05/02/2022 22:00,30358
05/02/2022 22:00 - 05/02/2022 23:00,28421
05/02/2022 23:00 - 06/02/2022 00:00,26522
06/02/2022 00:00 - 06/02/2022 01:00,24741
06/02/2022 01:00 - 06/02/2022 02:00,23138
06/02/2022 02:00 - 06/02/2022 03:00,21935
06/02/2022 03:00 - 06/02/2022 04:00,21366
06/02/2022 04:00 - 06/02/2022 05:00,21063
06/02/2022 05:00 - 06/02/2022 06:00,21113
06/02/2022 06:00 - 06/02/2022 07:00,21607
06/02/2022 07:00 - 06/02/2022 08:00,22319
06/02/2022 08:00 - 06/02/2022 09:00,22782
06/02/2022 09:00 - 06/02/2022 10:00,24630
06/02/2022 10:00 - 06/02/2022 11:00,26143
06/02/2022 11:00 - 06/02/2022 12:00,26526
06/02/2022 12:00 - 06/02/2022 13:00,26459
06/02/2022 13:00 - 06/02/2022 14:00,26795
06/02/2022 14:00 - 06/02/2022 15:00,26721
06/02/2022 15:00 - 06/02/2022 16:00,25565
06/02/2022 16:00 - 06/02/2022 17:00,24752
06/02/2022 17:00 - 06/02/2022 18:00,24731
06/02/2022 18:00 - 06/02/2022 19:00,26294
06/02/2022 19:00 - 06/02/2022 20:00,29349
06/02/2022 20:00 - 06/02/2022 21:00,30537
06/02/2022 21:00 - 06/02/2022 22:00,30562
06/02/2022 22:00 - 06/02/2022 23:00,28784
06/02/2022 23:00 - 07/02/2022 00:00,26479
07/02/2022 00:00 - 07/02/2022 01:00,24705
07/02/2022 01:00 - 07/02/2022 02:00,23109
07/02/2022 02:00 - 07/02/2022 03:00,22225
07/02/2022 03:00 - 07/02/2022 04:00,21797
07/02/2022 04:00 - 07/02/2022 05:00,21813
07/02/2022 05:00 - 07/02/2022 06:00,22708
07/02/2022 06:00 - 07/02/2022 07:00,25995
07/02/2022 07:00 - 07/02/2022 08:00,30687
07/02/2022 08:00 - 07/02/2022 09:00,32703
07/02/2022 09:00 - 07/02/2022 10:00,33240
07/02/2022 10:00 - 07/02/2022 11:00,33101
07/02/2022 11:00 - 07/02/2022 12:00,32776
07/02/2022 12:00 - 07/02/2022 13:00,32512
07/02/2022 13:00 - 07/02/2022 14:00,32205
07/02/2022 14:00 - 07/02/2022 15:00,31508
07/02/2022 15:00 - 07/02/2022 16:00,30671
07/02/2022 16:00 - 07/02/2022 17:00,30291
07/02/2022 17:00 - 07/02/2022 18:00,30359
07/02/2022 18:00 - 07/02/2022 19:00,31305
07/02/2022 19:00 - 07/02/2022 20:00,33759
07/02/2022 20:00 - 07/02/2022 21:00,34772
07/02/2022 21:00 - 07/02/2022 22:00,33725
07/02/2022 22:00 - 07/02/2022 23:00,30768
07/02/2022 23:00 - 08/02/2022 00:00,27637
08/02/2022 00:00 - 08/02/2022 01:00,26492
08/02/2022 01:00 - 08/02/2022 02:00,24850
08/02/2022 02:00 - 08/02/2022 03:00,23957
08/02/2022 03:00 - 08/02/2022 04:00,23635
08/02/2022 04:00 - 08/02/2022 05:00,23521
08/02/2022 05:00 - 08/02/2022 06:00,24279
08/02/2022 06:00 - 08/02/2022 07:00,27086
08/02/2022 07:00 - 08/02/2022 08:00,31377
08/02/2022 08:00 - 08/02/2022 09:00,33132
08/02/2022 09:00 - 08/02/2022 10:00,33473
08/02/2022 10:00 - 08/02/2022 11:00,33208
08/02/2022 11:00 - 08/02/2022 12:00,32733
08/02/2022 12:00 - 08/02/2022 13:00,32319
08/02/2022 13:00 - 08/02/2022 14:00,32075
08/02/2022 14:00 - 08/02/2022 15:00,31566
08/02/2022 15:00 - 08/02/2022 16:00,30732
08/02/2022 16:00 - 08/02/2022 17:00,30346
08/02/2022 17:00 - 08/02/2022 18:00,30408
08/02/2022 18:00 - 08/02/2022 19:00,31226
08/02/2022 19:00 - 08/02/2022 20:00,33711
08/02/2022 20:00 - 08/02/2022 21:00,34705
08/02/2022 21:00 - 08/02/2022 22:00,33746
08/02/2022 22:00 - 08/02/2022 23:00,30767
08/02/2022 23:00 - 09/02/2022 00:00,27743
09/02/2022 00:00 - 09/02/2022 01:00,26430
09/02/2022 01:00 - 09/02/2022 02:00,24996
09/02/2022 02:00 - 09/02/2022 03:00,23892
09/02/2022 03:00 - 09/02/2022 04:00,23402
09/02/2022 04:00 - 09/02/2022 05:00,23499
09/02/2022 05:00 - 09/02/2022 06:00,24114
09/02/2022 06:00 - 09/02/2022 07:00,26814
09/02/2022 07:00 - 09/02/2022 08:00,31011
09/02/2022 08:00 - 09/02/2022 09:00,32874
09/02/2022 09:00 - 09/02/2022 10:00,33565
09/02/2022 10:00 - 09/02/2022 11:00,33477
09/02/2022 11:00 - 09/02/2022 12:00,33049
09/02/2022 12:00 - 09/02/2022 13:00,32636
09/02/2022 13:00 - 09/02/2022 14:00,32239
09/02/2022 14:00 - 09/02/2022 15:00,31523
09/02/2022 15:00 - 09/02/2022 16:00,30819
09/02/2022 16:00 - 09/02/2022 17:00,30503
09/02/2022 17:00 - 09/02/2022 18:00,30552
09/02/2022 18:00 - 09/02/2022 19:00,31405
09/02/2022 19:00 - 09/02/2022 20:00,33923
09/02/2022 20:00 - 09/02/2022 21:00,34907
09/02/2022 21:00 - 09/02/2022 22:00,33915
09/02/2022 22:00 - 09/02/2022 23:00,31095
09/02/2022 23:00 - 10/02/2022 00:00,27911
10/02/2022 00:00 - 10/02/2022 01:00,26595
10/02/2022 01:00 - 10/02/2022 02:00,25044
10/02/2022 02:00 - 10/02/2022 03:00,24005
10/02/2022 03:00 - 10/02/2022 04:00,23632
10/02/2022 04:00 - 10/02/2022 05:00,23677
10/02/2022 05:00 - 10/02/2022 06:00,24409
10/02/2022 06:00 - 10/02/2022 07:00,27105
10/02/2022 07:00 - 10/02/2022 08:00,31375
10/02/2022 08:00 - 10/02/2022 09:00,33144
10/02/2022 09:00 - 10/02/2022 10:00,33573
10/02/2022 10:00 - 10/02/2022 11:00,33545
10/02/2022 11:00 - 10/02/2022 12:00,33061
10/02/2022 12:00 - 10/02/2022 13:00,32716
10/02/2022 13:00 - 10/02/2022 14:00,32367
10/02/2022 14:00 - 10/02/2022 15:00,31740
10/02/2022 15:00 - 10/02/2022 16:00,31221
10/02/2022 16:00 - 10/02/2022 17:00,30929
10/02/2022 17:00 - 10/02/2022 18:00,31065
10/02/2022 18:00 - 10/02/2022 19:00,31841
10/02/2022 19:00 - 10/02/2022 20:00,34151
10/02/2022 20:00 - 10/02/2022 21:00,35021
10/02/2022 21:00 - 10/02/2022 22:00,33958
10/02/2022 22:00 - 10/02/2022 23:00,31348
10/02/2022 23:00 - 11/02/2022 00:00,28365
11/02/2022 00:00 - 11/02/2022 01:00,26952
11/02/2022 01:00 - 11/02/2022 02:00,25317
11/02/2022 02:00 - 11/02/2022 03:00,24370
11/02/2022 03:00 - 11/02/2022 04:00,23916
11/02/2022 04:00 - 11/02/2022 05:00,23873
11/02/2022 05:00 - 11/02/2022 06:00,24498
11/02/2022 06:00 - 11/02/2022 07:00,27074
11/02/2022 07:00 - 11/02/2022 08:00,31134
11/02/2022 08:00 - 11/02/2022 09:00,32693
11/02/2022 09:00 - 11/02/2022 10:00,33261
11/02/2022 10:00 - 11/02/2022 11:00,33179
11/02/2022 11:00 - 11/02/2022 12:00,32625
11/02/2022 12:00 - 11/02/2022 13:00,32166
11/02/2022 13:00 - 11/02/2022 14:00,31787
11/02/2022 14:00 - 11/02/2022 15:00,31279
11/02/2022 15:00 - 11/02/2022 16:00,30581
11/02/2022 16:00 - 11/02/2022 17:00,30150
11/02/2022 17:00 - 11/02/2022 18:00,30005
11/02/2022 18:00 - 11/02/2022 19:00,30662
11/02/2022 19:00 - 11/02/2022 20:00,32883
11/02/2022 20:00 - 11/02/2022 21:00,33774
11/02/2022 21:00 - 11/02/2022 22:00,33036
11/02/2022 22:00 - 11/02/2022 23:00,30520
11/02/2022 23:00 - 12/02/2022 00:00,27996
12/02/2022 00:00 - 12/02/2022 01:00,26743
12/02/2022 01:00 - 12/02/2022 02:00,25060
12/02/2022 02:00 - 12/02/2022 03:00,23661
12/02/2022 03:00 - 12/02/2022 04:00,22966
12/02/2022 04:00 - 12/02/2022 05:00,22605
12/02/2022 05:00 - 12/02/2022 06:00,22408
12/02/2022 06:00 - 12/02/2022 07:00,23053
12/02/2022 07:00 - 12/02/2022 08:00,24334
12/02/2022 08:00 - 12/02/2022 09:00,25582
12/02/2022 09:00 - 12/02/2022 10:00,27891
12/02/2022 10:00 - 12/02/2022 11:00,29188
12/02/2022 11:00 - 12/02/2022 12:00,29269
12/02/2022 12:00 - 12/02/2022 13:00,29187
12/02/2022 13:00 - 12/02/2022 14:00,29265
12/02/2022 14:00 - 12/02/2022 15:00,28758
12/02/2022 15:00 - 12/02/2022 16:00,27470
12/02/2022 16:00 - 12/02/2022 17:00,26819
12/02/2022 17:00 - 12/02/2022 18:00,26653
12/02/2022 18:00 - 12/02/2022 19:00,27635
12/02/2022 19:00 - 12/02/2022 20:00,29819
12/02/2022 20:00 - 12/02/2022 21:00,30848
12/02/2022 21:00 - 12/02/2022 22:00,30489
12/02/2022 22:00 - 12/02/2022 23:00,28397
12/02/2022 23:00 - 13/02/2022 00:00,26220
13/02/2022 00:00 - 13/02/2022 01:00,24632
13/02/2022 01:00 - 13/02/2022 02:00,22957
13/02/2022 02:00 - 13/02/2022 03:00,21686
13/02/2022 03:00 - 13/02/2022 04:00,20889
13/02/2022 04:00 - 13/02/2022 05:00,20544
13/02/2022 05:00 - 13/02/2022 06:00,20492
13/02/2022 06:00 - 13/02/2022 07:00,20898
13/02/2022 07:00 - 13/02/2022 08:00,21457
13/02/2022 08:00 - 13/02/2022 09:00,21896
13/02/2022 09:00 - 13/02/2022 10:00,24028
13/02/2022 10:00 - 13/02/2022 11:00,25673
13/02/2022 11:00 - 13/02/2022 12:00,26162
13/02/2022 12:00 - 13/02/2022 13:00,26215
13/02/2022 13:00 - 13/02/2022 14:00,26896
13/02/2022 14:00 - 13/02/2022 15:00,26836
13/02/2022 15:00 - 13/02/2022 16:00,25714
13/02/2022 16:00 - 13/02/2022 17:00,25031
13/02/2022 17:00 - 13/02/2022 18:00,25217
13/02/2022 18:00 - 13/02/2022 19:00,26510
13/02/2022 19:00 - 13/02/2022 20:00,29031
13/02/2022 20:00 - 13/02/2022 21:00,30430
13/02/2022 21:00 - 13/02/2022 22:00,30133
13/02/2022 22:00 - 13/02/2022 23:00,28399
13/02/2022 23:00 - 14/02/2022 00:00,26023
14/02/2022 00:00 - 14/02/2022 01:00,24172
14/02/2022 01:00 - 14/02/2022 02:00,22585
14/02/2022 02:00 - 14/02/2022 03:00,21656
14/02/2022 03:00 - 14/02/2022 04:00,21307
14/02/2022 04:00 - 14/02/2022 05:00,21398
14/02/2022 05:00 - 14/02/2022 06:00,22310
14/02/2022 06:00 - 14/02/2022 07:00,25556
14/02/2022 07:00 - 14/02/2022 08:00,29842
14/02/2022 08:00 - 14/02/2022 09:00,31625
14/02/2022 09:00 - 14/02/2022 10:00,32436
14/02/2022 10:00 - 14/02/2022 11:00,32697
14/02/2022 11:00 - 14/02/2022 12:00,32464
14/02/2022 12:00 - 14/02/2022 13:00,32420
14/02/2022 13:00 - 14/02/2022 14:00,32350
14/02/2022 14:00 - 14/02/2022 15:00,31821
14/02/2022 15:00 - 14/02/2022 16:00,31253
14/02/2022 16:00 - 14/02/2022 17:00,30915
14/02/2022 17:00 - 14/02/2022 18:00,30873
14/02/2022 18:00 - 14/02/2022 19:00,31449
14/02/2022 19:00 - 14/02/2022 20:00,33897
14/02/2022 20:00 - 14/02/2022 21:00,34911
14/02/2022 21:00 - 14/02/2022 22:00,33955
14/02/2022 22:00 - 14/02/2022 23:00,31084
14/02/2022 23:00 - 15/02/2022 00:00,28067
15/02/2022 00:00 - 15/02/2022 01:00,26731
15/02/2022 01:00 - 15/02/2022 02:00,25181
15/02/2022 02:00 - 15/02/2022 03:00,24017
15/02/2022 03:00 - 15/02/2022 04:00,23543
15/02/2022 04:00 - 15/02/2022 05:00,23496
15/02/2022 05:00 - 15/02/2022 06:00,24320
15/02/2022 06:00 - 15/02/2022 07:00,27042
15/02/2022 07:00 - 15/02/2022 08:00,31340
15/02/2022 08:00 - 15/02/2022 09:00,32818
15/02/2022 09:00 - 15/02/2022 10:00,33236
15/02/2022 10:00 - 15/02/2022 11:00,33097
15/02/2022 11:00 - 15/02/2022 12:00,32694
15/02/2022 12:00 - 15/02/2022 13:00,32348
15/02/2022 13:00 - 15/02/2022 14:00,32108
15/02/2022 14:00 - 15/02/2022 15:00,31545
15/02/2022 15:00 - 15/02/2022 16:00,30851
15/02/2022 16:00 - 15/02/2022 17:00,30590
15/02/2022 17:00 - 15/02/2022 18:00,30659
15/02/2022 18:00 - 15/02/2022 19:00,31397
15/02/2022 19:00 - 15/02/2022 20:00,34038
15/02/2022 20:00 - 15/02/2022 21:00,35235
15/02/2022 21:00 - 15/02/2022 22:00,33994
15/02/2022 22:00 - 15/02/2022 23:00,30935
15/02/2022 23:00 - 16/02/2022 00:00,28053
16/02/2022 00:00 - 16/02/2022 01:00,26690
16/02/2022 01:00 - 16/02/2022 02:00,25153
16/02/2022 02:00 - 16/02/2022 03:00,24137
16/02/2022 03:00 - 16/02/2022 04:00,23635
16/02/2022 04:00 - 16/02/2022 05:00,23580
16/02/2022 05:00 - 16/02/2022 06:00,24273
16/02/2022 06:00 - 16/02/2022 07:00,27058
16/02/2022 07:00 - 16/02/2022 08:00,31140
16/02/2022 08:00 - 16/02/2022 09:00,32752
16/02/2022 09:00 - 16/02/2022 10:00,33162
16/02/2022 10:00 - 16/02/2022 11:00,33202
16/02/2022 11:00 - 16/02/2022 12:00,32745
16/02/2022 12:00 - 16/02/2022 13:00,32421
16/02/2022 13:00 - 16/02/2022 14:00,32384
16/02/2022 14:00 - 16/02/2022 15:00,31767
16/02/2022 15:00 - 16/02/2022 16:00,31078
16/02/2022 16:00 - 16/02/2022 17:00,30683
16/02/2022 17:00 - 16/02/2022 18:00,30533
16/02/2022 18:00 - 16/02/2022 19:00,31148
16/02/2022 19:00 - 16/02/2022 20:00,33670
16/02/2022 20:00 - 16/02/2022 21:00,34597
16/02/2022 21:00 - 16/02/2022 22:00,33648
16/02/2022 22:00 - 16/02/2022 23:00,30683
16/02/2022 23:00 - 17/02/2022 00:00,27689
17/02/2022 00:00 - 17/02/2022 01:00,26583
17/02/2022 01:00 - 17/02/2022 02:00,25078
17/02/2022 02:00 - 17/02/2022 03:00,24123
17/02/2022 03:00 - 17/02/2022 04:00,23667
17/02/2022 04:00 - 17/02/2022 05:00,23721
17/02/2022 05:00 - 17/02/2022 06:00,24423
17/02/2022 06:00 - 17/02/2022 07:00,27175
17/02/2022 07:00 - 17/02/2022 08:00,30981
17/02/2022 08:00 - 17/02/2022 09:00,32325
17/02/2022 09:00 - 17/02/2022 10:00,32789
17/02/2022 10:00 - 17/02/2022 11:00,32561
17/02/2022 11:00 - 17/02/2022 12:00,32213
17/02/2022 12:00 - 17/02/2022 13:00,32011
17/02/2022 13:00 - 17/02/2022 14:00,31745
17/02/2022 14:00 - 17/02/2022 15:00,31150
17/02/2022 15:00 - 17/02/2022 16:00,30557
17/02/2022 16:00 - 17/02/2022 17:00,30061
17/02/2022 17:00 - 17/02/2022 18:00,29889
17/02/2022 18:00 - 17/02/2022 19:00,30210
17/02/2022 19:00 - 17/02/2022 20:00,32939
17/02/2022 20:00 - 17/02/2022 21:00,33997
17/02/2022 21:00 - 17/02/2022 22:00,33107
17/02/2022 22:00 - 17/02/2022 23:00,30444
17/02/2022 23:00 - 18/02/2022 00:00,27649
18/02/2022 00:00 - 18/02/2022 01:00,26596
18/02/2022 01:00 - 18/02/2022 02:00,25042
18/02/2022 02:00 - 18/02/2022 03:00,24072
18/02/2022 03:00 - 18/02/2022 04:00,23680
18/02/2022 04:00 - 18/02/2022 05:00,23408
18/02/2022 05:00 - 18/02/2022 06:00,24125
18/02/2022 06:00 - 18/02/2022 07:00,26842
18/02/2022 07:00 - 18/02/2022 08:00,30778
18/02/2022 08:00 - 18/02/2022 09:00,32065
18/02/2022 09:00 - 18/02/2022 10:00,32250
18/02/2022 10:00 - 18/02/2022 11:00,32092
18/02/2022 11:00 - 18/02/2022 12:00,31801
18/02/2022 12:00 - 18/02/2022 13:00,31475
18/02/2022 13:00 - 18/02/2022 14:00,31263
18/02/2022 14:00 - 18/02/2022 15:00,30614
18/02/2022 15:00 - 18/02/2022 16:00,29820
18/02/2022 16:00 - 18/02/2022 17:00,29428
18/02/2022 17:00 - 18/02/2022 18:00,29369
18/02/2022 18:00 - 18/02/2022 19:00,29613
18/02/2022 19:00 - 18/02/2022 20:00,31968
18/02/2022 20:00 - 18/02/2022 21:00,32660
18/02/2022 21:00 - 18/02/2022 22:00,31915
18/02/2022 22:00 - 18/02/2022 23:00,29368
18/02/2022 23:00 - 19/02/2022 00:00,26915
19/02/2022 00:00 - 19/02/2022 01:00,26161
19/02/2022 01:00 - 19/02/2022 02:00,24708
19/02/2022 02:00 - 19/02/2022 03:00,23444
19/02/2022 03:00 - 19/02/2022 04:00,22702
19/02/2022 04:00 - 19/02/2022 05:00,22391
19/02/2022 05:00 - 19/02/2022 06:00,22215
19/02/2022 06:00 - 19/02/2022 07:00,22791
19/02/2022 07:00 - 19/02/2022 08:00,23978
19/02/2022 08:00 - 19/02/2022 09:00,25230
19/02/2022 09:00 - 19/02/2022 10:00,27392
19/02/2022 10:00 - 19/02/2022 11:00,29058
19/02/2022 11:00 - 19/02/2022 12:00,29465
19/02/2022 12:00 - 19/02/2022 13:00,29254
19/02/2022 13:00 - 19/02/2022 14:00,29428
19/02/2022 14:00 - 19/02/2022 15:00,28927
19/02/2022 15:00 - 19/02/2022 16:00,27593
19/02/2022 16:00 - 19/02/2022 17:00,26962
19/02/2022 17:00 - 19/02/2022 18:00,26714
19/02/2022 18:00 - 19/02/2022 19:00,27106
19/02/2022 19:00 - 19/02/2022 20:00,29353
19/02/2022 20:00 - 19/02/2022 21:00,30396
19/02/2022 21:00 - 19/02/2022 22:00,30096
19/02/2022 22:00 - 19/02/2022 23:00,28114
19/02/2022 23:00 - 20/02/2022 00:00,26095
20/02/2022 00:00 - 20/02/2022 01:00,24666
20/02/2022 01:00 - 20/02/2022 02:00,23103
20/02/2022 02:00 - 20/02/2022 03:00,21965
20/02/2022 03:00 - 20/02/2022 04:00,21284
20/02/2022 04:00 - 20/02/2022 05:00,20927
20/02/2022 05:00 - 20/02/2022 06:00,21003
20/02/2022 06:00 - 20/02/2022 07:00,21356
20/02/2022 07:00 - 20/02/2022 08:00,21957
20/02/2022 08:00 - 20/02/2022 09:00,22379
20/02/2022 09:00 - 20/02/2022 10:00,24491
20/02/2022 10:00 - 20/02/2022 11:00,25864
20/02/2022 11:00 - 20/02/2022 12:00,26116
20/02/2022 12:00 - 20/02/2022 13:00,25903
20/02/2022 13:00 - 20/02/2022 14:00,26384
20/02/2022 14:00 - 20/02/2022 15:00,26271
20/02/2022 15:00 - 20/02/2022 16:00,25136
20/02/2022 16:00 - 20/02/2022 17:00,24463
20/02/2022 17:00 - 20/02/2022 18:00,24264
20/02/2022 18:00 - 20/02/2022 19:00,25120
20/02/2022 19:00 - 20/02/2022 20:00,28198
20/02/2022 20:00 - 20/02/2022 21:00,29882
20/02/2022 21:00 - 20/02/2022 22:00,29963
20/02/2022 22:00 - 20/02/2022 23:00,28204
20/02/2022 23:00 - 21/02/2022 00:00,25899
21/02/2022 00:00 - 21/02/2022 01:00,24262
21/02/2022 01:00 - 21/02/2022 02:00,22838
21/02/2022 02:00 - 21/02/2022 03:00,22078
21/02/2022 03:00 - 21/02/2022 04:00,21755
21/02/2022 04:00 - 21/02/2022 05:00,21885
21/02/2022 05:00 - 21/02/2022 06:00,22837
21/02/2022 06:00 - 21/02/2022 07:00,26065
21/02/2022 07:00 - 21/02/2022 08:00,30271
21/02/2022 08:00 - 21/02/2022 09:00,32015
21/02/2022 09:00 - 21/02/2022 10:00,32570
21/02/2022 10:00 - 21/02/2022 11:00,32401
21/02/2022 11:00 - 21/02/2022 12:00,31988
21/02/2022 12:00 - 21/02/2022 13:00,31480
21/02/2022 13:00 - 21/02/2022 14:00,31268
21/02/2022 14:00 - 21/02/2022 15:00,30731
21/02/2022 15:00 - 21/02/2022 16:00,30051
21/02/2022 16:00 - 21/02/2022 17:00,29678
21/02/2022 17:00 - 21/02/2022 18:00,29457
21/02/2022 18:00 - 21/02/2022 19:00,29801
21/02/2022 19:00 - 21/02/2022 20:00,32552
21/02/2022 20:00 - 21/02/2022 21:00,33790
21/02/2022 21:00 - 21/02/2022 22:00,32987
21/02/2022 22:00 - 21/02/2022 23:00,30209
21/02/2022 23:00 - 22/02/2022 00:00,27359
22/02/2022 00:00 - 22/02/2022 01:00,26055
22/02/2022 01:00 - 22/02/2022 02:00,24526
22/02/2022 02:00 - 22/02/2022 03:00,23589
22/02/2022 03:00 - 22/02/2022 04:00,23217
22/02/2022 04:00 - 22/02/2022 05:00,23228
22/02/2022 05:00 - 22/02/2022 06:00,23999
22/02/2022 06:00 - 22/02/2022 07:00,26752
22/02/2022 07:00 - 22/02/2022 08:00,30514
22/02/2022 08:00 - 22/02/2022 09:00,31976
22/02/2022 09:00 - 22/02/2022 10:00,32538
22/02/2022 10:00 - 22/02/2022 11:00,32117
22/02/2022 11:00 - 22/02/2022 12:00,31578
22/02/2022 12:00 - 22/02/2022 13:00,31249
22/02/2022 13:00 - 22/02/2022 14:00,31142
22/02/2022 14:00 - 22/02/2022 15:00,30667
22/02/2022 15:00 - 22/02/2022 16:00,30011
22/02/2022 16:00 - 22/02/2022 17:00,29666
22/02/2022 17:00 - 22/02/2022 18:00,29504
22/02/2022 18:00 - 22/02/2022 19:00,29675
22/02/2022 19:00 - 22/02/2022 20:00,32448
22/02/2022 20:00 - 22/02/2022 21:00,33725
22/02/2022 21:00 - 22/02/2022 22:00,32934
22/02/2022 22:00 - 22/02/2022 23:00,29793
22/02/2022 23:00 - 23/02/2022 00:00,26907
23/02/2022 00:00 - 23/02/2022 01:00,25824
23/02/2022 01:00 - 23/02/2022 02:00,24555
23/02/2022 02:00 - 23/02/2022 03:00,23434
23/02/2022 03:00 - 23/02/2022 04:00,23084
23/02/2022 04:00 - 23/02/2022 05:00,23065
23/02/2022 05:00 - 23/02/2022 06:00,23722
23/02/2022 06:00 - 23/02/2022 07:00,26485
23/02/2022 07:00 - 23/02/2022 08:00,30513
23/02/2022 08:00 - 23/02/2022 09:00,31907
23/02/2022 09:00 - 23/02/2022 10:00,32387
23/02/2022 10:00 - 23/02/2022 11:00,32325
23/02/2022 11:00 - 23/02/2022 12:00,31829
23/02/2022 12:00 - 23/02/2022 13:00,31585
23/02/2022 13:00 - 23/02/2022 14:00,31363
23/02/2022 14:00 - 23/02/2022 15:00,30941
23/02/2022 15:00 - 23/02/2022 16:00,30286
23/02/2022 16:00 - 23/02/2022 17:00,29594
23/02/2022 17:00 - 23/02/2022 18:00,29590
23/02/2022 18:00 - 23/02/2022 19:00,29767
23/02/2022 19:00 - 23/02/2022 20:00,32396
23/02/2022 20:00 - 23/02/2022 21:00,33614
23/02/2022 21:00 - 23/02/2022 22:00,32700
23/02/2022 22:00 - 23/02/2022 23:00,29833
23/02/2022 23:00 - 24/02/2022 00:00,27169
24/02/2022 00:00 - 24/02/2022 01:00,25982
24/02/2022 01:00 - 24/02/2022 02:00,24508
24/02/2022 02:00 - 24/02/2022 03:00,23435
24/02/2022 03:00 - 24/02/2022 04:00,23029
24/02/2022 04:00 - 24/02/2022 05:00,23114
24/02/2022 05:00 - 24/02/2022 06:00,23680
24/02/2022 06:00 - 24/02/2022 07:00,26265
24/02/2022 07:00 - 24/02/2022 08:00,30164
24/02/2022 08:00 - 24/02/2022 09:00,31636
24/02/2022 09:00 - 24/02/2022 10:00,32138
24/02/2022 10:00 - 24/02/2022 11:00,32070
24/02/2022 11:00 - 24/02/2022 12:00,31716
24/02/2022 12:00 - 24/02/2022 13:00,31571
24/02/2022 13:00 - 24/02/2022 14:00,31417
24/02/2022 14:00 - 24/02/2022 15:00,31121
24/02/2022 15:00 - 24/02/2022 16:00,30496
24/02/2022 16:00 - 24/02/2022 17:00,30381
24/02/2022 17:00 - 24/02/2022 18:00,30373
24/02/2022 18:00 - 24/02/2022 19:00,30641
24/02/2022 19:00 - 24/02/2022 20:00,32871
24/02/2022 20:00 - 24/02/2022 21:00,33763
24/02/2022 21:00 - 24/02/2022 22:00,32751
24/02/2022 22:00 - 24/02/2022 23:00,29884
24/02/2022 23:00 - 25/02/2022 00:00,27151
25/02/2022 00:00 - 25/02/2022 01:00,25840
25/02/2022 01:00 - 25/02/2022 02:00,24389
25/02/2022 02:00 - 25/02/2022 03:00,23416
25/02/2022 03:00 - 25/02/2022 04:00,23038
25/02/2022 04:00 - 25/02/2022 05:00,23072
25/02/2022 05:00 - 25/02/2022 06:00,23590
25/02/2022 06:00 - 25/02/2022 07:00,26232
25/02/2022 07:00 - 25/02/2022 08:00,29816
25/02/2022 08:00 - 25/02/2022 09:00,31260
25/02/2022 09:00 - 25/02/2022 10:00,32368
25/02/2022 10:00 - 25/02/2022 11:00,32862
25/02/2022 11:00 - 25/02/2022 12:00,32904
25/02/2022 12:00 - 25/02/2022 13:00,32808
25/02/2022 13:00 - 25/02/2022 14:00,32599
25/02/2022 14:00 - 25/02/2022 15:00,31921
25/02/2022 15:00 - 25/02/2022 16:00,30864
25/02/2022 16:00 - 25/02/2022 17:00,30287
25/02/2022 17:00 - 25/02/2022 18:00,30194
25/02/2022 18:00 - 25/02/2022 19:00,30452
25/02/2022 19:00 - 25/02/2022 20:00,32484
25/02/2022 20:00 - 25/02/2022 21:00,33034
25/02/2022 21:00 - 25/02/2022 22:00,32018
25/02/2022 22:00 - 25/02/2022 23:00,29327
25/02/2022 23:00 - 26/02/2022 00:00,26946
26/02/2022 00:00 - 26/02/2022 01:00,26133
26/02/2022 01:00 - 26/02/2022 02:00,24674
26/02/2022 02:00 - 26/02/2022 03:00,23334
26/02/2022 03:00 - 26/02/2022 04:00,22674
26/02/2022 04:00 - 26/02/2022 05:00,22329
26/02/2022 05:00 - 26/02/2022 06:00,22328
26/02/2022 06:00 - 26/02/2022 07:00,22938
26/02/2022 07:00 - 26/02/2022 08:00,24005
26/02/2022 08:00 - 26/02/2022 09:00,25304
26/02/2022 09:00 - 26/02/2022 10:00,27752
26/02/2022 10:00 - 26/02/2022 11:00,29294
26/02/2022 11:00 - 26/02/2022 12:00,29514
26/02/2022 12:00 - 26/02/2022 13:00,29371
26/02/2022 13:00 - 26/02/2022 14:00,29446
26/02/2022 14:00 - 26/02/2022 15:00,29063
26/02/2022 15:00 - 26/02/2022 16:00,27799
26/02/2022 16:00 - 26/02/2022 17:00,27087
26/02/2022 17:00 - 26/02/2022 18:00,26654
26/02/2022 18:00 - 26/02/2022 19:00,26902
26/02/2022 19:00 - 26/02/2022 20:00,28913
26/02/2022 20:00 - 26/02/2022 21:00,29958
26/02/2022 21:00 - 26/02/2022 22:00,29791
26/02/2022 22:00 - 26/02/2022 23:00,27992
26/02/2022 23:00 - 27/02/2022 00:00,25998
27/02/2022 00:00 - 27/02/2022 01:00,24533
27/02/2022 01:00 - 27/02/2022 02:00,23025
27/02/2022 02:00 - 27/02/2022 03:00,21743
27/02/2022 03:00 - 27/02/2022 04:00,21142
27/02/2022 04:00 - 27/02/2022 05:00,20759
27/02/2022 05:00 - 27/02/2022 06:00,20793
27/02/2022 06:00 - 27/02/2022 07:00,21149
27/02/2022 07:00 - 27/02/2022 08:00,21630
27/02/2022 08:00 - 27/02/2022 09:00,22051
27/02/2022 09:00 - 27/02/2022 10:00,24271
27/02/2022 10:00 - 27/02/2022 11:00,25616
27/02/2022 11:00 - 27/02/2022 12:00,25958
27/02/2022 12:00 - 27/02/2022 13:00,26319
27/02/2022 13:00 - 27/02/2022 14:00,26673
27/02/2022 14:00 - 27/02/2022 15:00,26316
27/02/2022 15:00 - 27/02/2022 16:00,25346
27/02/2022 16:00 - 27/02/2022 17:00,24569
27/02/2022 17:00 - 27/02/2022 18:00,24113
27/02/2022 18:00 - 27/02/2022 19:00,24697
27/02/2022 19:00 - 27/02/2022 20:00,27374
27/02/2022 20:00 - 27/02/2022 21:00,28919
27/02/2022 21:00 - 27/02/2022 22:00,29008
27/02/2022 22:00 - 27/02/2022 23:00,27751
27/02/2022 23:00 - 28/02/2022 00:00,25931
28/02/2022 00:00 - 28/02/2022 01:00,24224
28/02/2022 01:00 - 28/02/2022 02:00,22865
28/02/2022 02:00 - 28/02/2022 03:00,21889
28/02/2022 03:00 - 28/02/2022 04:00,21379
28/02/2022 04:00 - 28/02/2022 05:00,21383
28/02/2022 05:00 - 28/02/2022 06:00,22103
28/02/2022 06:00 - 28/02/2022 07:00,24774
28/02/2022 07:00 - 28/02/2022 08:00,27840
28/02/2022 08:00 - 28/02/2022 09:00,29199
28/02/2022 09:00 - 28/02/2022 10:00,30462
28/02/2022 10:00 - 28/02/2022 11:00,31021
28/02/2022 11:00 - 28/02/2022 12:00,30825
28/02/2022 12:00 - 28/02/2022 13:00,30703
28/02/2022 13:00 - 28/02/2022 14:00,30709
28/02/2022 14:00 - 28/02/2022 15:00,30086
28/02/2022 15:00 - 28/02/2022 16:00,29271
28/02/2022 16:00 - 28/02/2022 17:00,28726
28/02/2022 17:00 - 28/02/2022 18:00,28548
28/02/2022 18:00 - 28/02/2022 19:00,28521
28/02/2022 19:00 - 28/02/2022 20:00,31157
28/02/2022 20:00 - 28/02/2022 21:00,32464
28/02/2022 21:00 - 28/02/2022 22:00,31763
28/02/2022 22:00 - 28/02/2022 23:00,29148
28/02/2022 23:00 - 01/03/2022 00:00,26473
01/03/2022 00:00 - 01/03/2022 01:00,25288
01/03/2022 01:00 - 01/03/2022 02:00,23865
01/03/2022 02:00 - 01/03/2022 03:00,22857
01/03/2022 03:00 - 01/03/2022 04:00,22529
01/03/2022 04:00 - 01/03/2022 05:00,22516
01/03/2022 05:00 - 01/03/2022 06:00,23275
01/03/2022 06:00 - 01/03/2022 07:00,25964
01/03/2022 07:00 - 01/03/2022 08:00,29543
01/03/2022 08:00 - 01/03/2022 09:00,31150
01/03/2022 09:00 - 01/03/2022 10:00,31770
01/03/2022 10:00 - 01/03/2022 11:00,31733
01/03/2022 11:00 - 01/03/2022 12:00,31426
01/03/2022 12:00 - 01/03/2022 13:00,31407
01/03/2022 13:00 - 01/03/2022 14:00,31211
01/03/2022 14:00 - 01/03/2022 15:00,30760
01/03/2022 15:00 - 01/03/2022 16:00,29945
01/03/2022 16:00 - 01/03/2022 17:00,29612
01/03/2022 17:00 - 01/03/2022 18:00,29424
01/03/2022 18:00 - 01/03/2022 19:00,29578
01/03/2022 19:00 - 01/03/2022 20:00,32180
01/03/2022 20:00 - 01/03/2022 21:00,33667
01/03/2022 21:00 - 01/03/2022 22:00,32678
01/03/2022 22:00 - 01/03/2022 23:00,29883
01/03/2022 23:00 - 02/03/2022 00:00,27065
02/03/2022 00:00 - 02/03/2022 01:00,25663
02/03/2022 01:00 - 02/03/2022 02:00,24134
02/03/2022 02:00 - 02/03/2022 03:00,23160
02/03/2022 03:00 - 02/03/2022 04:00,22715
02/03/2022 04:00 - 02/03/2022 05:00,22709
02/03/2022 05:00 - 02/03/2022 06:00,23245
02/03/2022 06:00 - 02/03/2022 07:00,26014
02/03/2022 07:00 - 02/03/2022 08:00,29608
02/03/2022 08:00 - 02/03/2022 09:00,31311
02/03/2022 09:00 - 02/03/2022 10:00,31968
02/03/2022 10:00 - 02/03/2022 11:00,31940
02/03/2022 11:00 - 02/03/2022 12:00,31826
02/03/2022 12:00 - 02/03/2022 13:00,31906
02/03/2022 13:00 - 02/03/2022 14:00,31915
02/03/2022 14:00 - 02/03/2022 15:00,31458
02/03/2022 15:00 - 02/03/2022 16:00,30894
02/03/2022 16:00 - 02/03/2022 17:00,30525
02/03/2022 17:00 - 02/03/2022 18:00,30107
02/03/2022 18:00 - 02/03/2022 19:00,30023
02/03/2022 19:00 - 02/03/2022 20:00,32404
02/03/2022 20:00 - 02/03/2022 21:00,33693
02/03/2022 21:00 - 02/03/2022 22:00,32750
02/03/2022 22:00 - 02/03/2022 23:00,30023
02/03/2022 23:00 - 03/03/2022 00:00,27120
03/03/2022 00:00 - 03/03/2022 01:00,25694
03/03/2022 01:00 - 03/03/2022 02:00,24224
03/03/2022 02:00 - 03/03/2022 03:00,23267
03/03/2022 03:00 - 03/03/2022 04:00,22951
03/03/2022 04:00 - 03/03/2022 05:00,22910
03/03/2022 05:00 - 03/03/2022 06:00,23353
03/03/2022 06:00 - 03/03/2022 07:00,25993
03/03/2022 07:00 - 03/03/2022 08:00,29666
03/03/2022 08:00 - 03/03/2022 09:00,31328
03/03/2022 09:00 - 03/03/2022 10:00,32101
03/03/2022 10:00 - 03/03/2022 11:00,32102
03/03/2022 11:00 - 03/03/2022 12:00,31943
03/03/2022 12:00 - 03/03/2022 13:00,32062
03/03/2022 13:00 - 03/03/2022 14:00,32294
03/03/2022 14:00 - 03/03/2022 15:00,31973
03/03/2022 15:00 - 03/03/2022 16:00,31426
03/03/2022 16:00 - 03/03/2022 17:00,31171
03/03/2022 17:00 - 03/03/2022 18:00,31293
03/03/2022 18:00 - 03/03/2022 19:00,31212
03/03/2022 19:00 - 03/03/2022 20:00,33077
03/03/2022 20:00 - 03/03/2022 21:00,33858
03/03/2022 21:00 - 03/03/2022 22:00,32779
03/03/2022 22:00 - 03/03/2022 23:00,30245
03/03/2022 23:00 - 04/03/2022 00:00,27560
04/03/2022 00:00 - 04/03/2022 01:00,25815
04/03/2022 01:00 - 04/03/2022 02:00,24465
04/03/2022 02:00 - 04/03/2022 03:00,23528
04/03/2022 03:00 - 04/03/2022 04:00,23160
04/03/2022 04:00 - 04/03/2022 05:00,23132
04/03/2022 05:00 - 04/03/2022 06:00,23843
04/03/2022 06:00 - 04/03/2022 07:00,26510
04/03/2022 07:00 - 04/03/2022 08:00,29763
04/03/2022 08:00 - 04/03/2022 09:00,31622
04/03/2022 09:00 - 04/03/2022 10:00,32497
04/03/2022 10:00 - 04/03/2022 11:00,32667
04/03/2022 11:00 - 04/03/2022 12:00,32636
04/03/2022 12:00 - 04/03/2022 13:00,32629
04/03/2022 13:00 - 04/03/2022 14:00,32369
04/03/2022 14:00 - 04/03/2022 15:00,31846
04/03/2022 15:00 - 04/03/2022 16:00,30946
04/03/2022 16:00 - 04/03/2022 17:00,30417
04/03/2022 17:00 - 04/03/2022 18:00,30003
04/03/2022 18:00 - 04/03/2022 19:00,29946
04/03/2022 19:00 - 04/03/2022 20:00,31660
04/03/2022 20:00 - 04/03/2022 21:00,32664
04/03/2022 21:00 - 04/03/2022 22:00,31815
04/03/2022 22:00 - 04/03/2022 23:00,29576
04/03/2022 23:00 - 05/03/2022 00:00,27181
05/03/2022 00:00 - 05/03/2022 01:00,26062
05/03/2022 01:00 - 05/03/2022 02:00,24401
05/03/2022 02:00 - 05/03/2022 03:00,22935
05/03/2022 03:00 - 05/03/2022 04:00,22541
05/03/2022 04:00 - 05/03/2022 05:00,22050
05/03/2022 05:00 - 05/03/2022 06:00,21802
05/03/2022 06:00 - 05/03/2022 07:00,22299
05/03/2022 07:00 - 05/03/2022 08:00,23189
05/03/2022 08:00 - 05/03/2022 09:00,24556
05/03/2022 09:00 - 05/03/2022 10:00,26909
05/03/2022 10:00 - 05/03/2022 11:00,28266
05/03/2022 11:00 - 05/03/2022 12:00,28100
05/03/2022 12:00 - 05/03/2022 13:00,28021
05/03/2022 13:00 - 05/03/2022 14:00,28202
05/03/2022 14:00 - 05/03/2022 15:00,27784
05/03/2022 15:00 - 05/03/2022 16:00,26746
05/03/2022 16:00 - 05/03/2022 17:00,25912
05/03/2022 17:00 - 05/03/2022 18:00,25541
05/03/2022 18:00 - 05/03/2022 19:00,25920
05/03/2022 19:00 - 05/03/2022 20:00,28023
05/03/2022 20:00 - 05/03/2022 21:00,29314
05/03/2022 21:00 - 05/03/2022 22:00,29251
05/03/2022 22:00 - 05/03/2022 23:00,27187
05/03/2022 23:00 - 06/03/2022 00:00,25264
06/03/2022 00:00 - 06/03/2022 01:00,23721
06/03/2022 01:00 - 06/03/2022 02:00,22097
06/03/2022 02:00 - 06/03/2022 03:00,21128
06/03/2022 03:00 - 06/03/2022 04:00,20491
06/03/2022 04:00 - 06/03/2022 05:00,20161
06/03/2022 05:00 - 06/03/2022 06:00,20179
06/03/2022 06:00 - 06/03/2022 07:00,20576
06/03/2022 07:00 - 06/03/2022 08:00,20823
06/03/2022 08:00 - 06/03/2022 09:00,21453
06/03/2022 09:00 - 06/03/2022 10:00,23279
06/03/2022 10:00 - 06/03/2022 11:00,24995
06/03/2022 11:00 - 06/03/2022 12:00,25727
06/03/2022 12:00 - 06/03/2022 13:00,25966
06/03/2022 13:00 - 06/03/2022 14:00,26641
06/03/2022 14:00 - 06/03/2022 15:00,26783
06/03/2022 15:00 - 06/03/2022 16:00,25500
06/03/2022 16:00 - 06/03/2022 17:00,24910
06/03/2022 17:00 - 06/03/2022 18:00,24560
06/03/2022 18:00 - 06/03/2022 19:00,25083
06/03/2022 19:00 - 06/03/2022 20:00,27658
06/03/2022 20:00 - 06/03/2022 21:00,29383
06/03/2022 21:00 - 06/03/2022 22:00,29345
06/03/2022 22:00 - 06/03/2022 23:00,27485
06/03/2022 23:00 - 07/03/2022 00:00,25132
07/03/2022 00:00 - 07/03/2022 01:00,23424
07/03/2022 01:00 - 07/03/2022 02:00,22063
07/03/2022 02:00 - 07/03/2022 03:00,21241
07/03/2022 03:00 - 07/03/2022 04:00,20969
07/03/2022 04:00 - 07/03/2022 05:00,21114
07/03/2022 05:00 - 07/03/2022 06:00,21998
07/03/2022 06:00 - 07/03/2022 07:00,25045
07/03/2022 07:00 - 07/03/2022 08:00,29049
07/03/2022 08:00 - 07/03/2022 09:00,31387
07/03/2022 09:00 - 07/03/2022 10:00,32423
07/03/2022 10:00 - 07/03/2022 11:00,32932
07/03/2022 11:00 - 07/03/2022 12:00,32916
07/03/2022 12:00 - 07/03/2022 13:00,33159
07/03/2022 13:00 - 07/03/2022 14:00,33010
07/03/2022 14:00 - 07/03/2022 15:00,32472
07/03/2022 15:00 - 07/03/2022 16:00,31709
07/03/2022 16:00 - 07/03/2022 17:00,31179
07/03/2022 17:00 - 07/03/2022 18:00,31064
07/03/2022 18:00 - 07/03/2022 19:00,30987
07/03/2022 19:00 - 07/03/2022 20:00,33065
07/03/2022 20:00 - 07/03/2022 21:00,34150
07/03/2022 21:00 - 07/03/2022 22:00,33184
07/03/2022 22:00 - 07/03/2022 23:00,30210
07/03/2022 23:00 - 08/03/2022 00:00,27227
08/03/2022 00:00 - 08/03/2022 01:00,25708
08/03/2022 01:00 - 08/03/2022 02:00,24001
08/03/2022 02:00 - 08/03/2022 03:00,22987
08/03/2022 03:00 - 08/03/2022 04:00,22585
08/03/2022 04:00 - 08/03/2022 05:00,22540
08/03/2022 05:00 - 08/03/2022 06:00,23049
08/03/2022 06:00 - 08/03/2022 07:00,25454
08/03/2022 07:00 - 08/03/2022 08:00,29237
08/03/2022 08:00 - 08/03/2022 09:00,31275
08/03/2022 09:00 - 08/03/2022 10:00,32190
08/03/2022 10:00 - 08/03/2022 11:00,32445
08/03/2022 11:00 - 08/03/2022 12:00,32440
08/03/2022 12:00 - 08/03/2022 13:00,32408
08/03/2022 13:00 - 08/03/2022 14:00,32350
08/03/2022 14:00 - 08/03/2022 15:00,31781
08/03/2022 15:00 - 08/03/2022 16:00,30969
08/03/2022 16:00 - 08/03/2022 17:00,30207
08/03/2022 17:00 - 08/03/2022 18:00,29992
08/03/2022 18:00 - 08/03/2022 19:00,29815
08/03/2022 19:00 - 08/03/2022 20:00,32018
08/03/2022 20:00 - 08/03/2022 21:00,33645
08/03/2022 21:00 - 08/03/2022 22:00,32876
08/03/2022 22:00 - 08/03/2022 23:00,30006
08/03/2022 23:00 - 09/03/2022 00:00,26903
09/03/2022 00:00 - 09/03/2022 01:00,25324
09/03/2022 01:00 - 09/03/2022 02:00,23664
09/03/2022 02:00 - 09/03/2022 03:00,22734
09/03/2022 03:00 - 09/03/2022 04:00,22423
09/03/2022 04:00 - 09/03/2022 05:00,22316
09/03/2022 05:00 - 09/03/2022 06:00,22971
09/03/2022 06:00 - 09/03/2022 07:00,25529
09/03/2022 07:00 - 09/03/2022 08:00,29412
09/03/2022 08:00 - 09/03/2022 09:00,31446
09/03/2022 09:00 - 09/03/2022 10:00,31935
09/03/2022 10:00 - 09/03/2022 11:00,31817
09/03/2022 11:00 - 09/03/2022 12:00,31681
09/03/2022 12:00 - 09/03/2022 13:00,31830
09/03/2022 13:00 - 09/03/2022 14:00,31687
09/03/2022 14:00 - 09/03/2022 15:00,31135
09/03/2022 15:00 - 09/03/2022 16:00,30409
09/03/2022 16:00 - 09/03/2022 17:00,29886
09/03/2022 17:00 - 09/03/2022 18:00,29547
09/03/2022 18:00 - 09/03/2022 19:00,29476
09/03/2022 19:00 - 09/03/2022 20:00,31766
09/03/2022 20:00 - 09/03/2022 21:00,33274
09/03/2022 21:00 - 09/03/2022 22:00,32305
09/03/2022 22:00 - 09/03/2022 23:00,29495
09/03/2022 23:00 - 10/03/2022 00:00,26763
10/03/2022 00:00 - 10/03/2022 01:00,25166
10/03/2022 01:00 - 10/03/2022 02:00,23721
10/03/2022 02:00 - 10/03/2022 03:00,22691
10/03/2022 03:00 - 10/03/2022 04:00,22295
10/03/2022 04:00 - 10/03/2022 05:00,22220
10/03/2022 05:00 - 10/03/2022 06:00,22794
10/03/2022 06:00 - 10/03/2022 07:00,25296
10/03/2022 07:00 - 10/03/2022 08:00,28939
10/03/2022 08:00 - 10/03/2022 09:00,30907
10/03/2022 09:00 - 10/03/2022 10:00,31673
10/03/2022 10:00 - 10/03/2022 11:00,31464
10/03/2022 11:00 - 10/03/2022 12:00,31369
10/03/2022 12:00 - 10/03/2022 13:00,31222
10/03/2022 13:00 - 10/03/2022 14:00,31141
10/03/2022 14:00 - 10/03/2022 15:00,30772
10/03/2022 15:00 - 10/03/2022 16:00,30007
10/03/2022 16:00 - 10/03/2022 17:00,29523
10/03/2022 17:00 - 10/03/2022 18:00,29439
10/03/2022 18:00 - 10/03/2022 19:00,29505
10/03/2022 19:00 - 10/03/2022 20:00,31766
10/03/2022 20:00 - 10/03/2022 21:00,33147
10/03/2022 21:00 - 10/03/2022 22:00,32365
10/03/2022 22:00 - 10/03/2022 23:00,29662
10/03/2022 23:00 - 11/03/2022 00:00,26772
11/03/2022 00:00 - 11/03/2022 01:00,25252
11/03/2022 01:00 - 11/03/2022 02:00,23846
11/03/2022 02:00 - 11/03/2022 03:00,22724
11/03/2022 03:00 - 11/03/2022 04:00,22314
11/03/2022 04:00 - 11/03/2022 05:00,22327
11/03/2022 05:00 - 11/03/2022 06:00,22964
11/03/2022 06:00 - 11/03/2022 07:00,25549
11/03/2022 07:00 - 11/03/2022 08:00,28799
11/03/2022 08:00 - 11/03/2022 09:00,30738
11/03/2022 09:00 - 11/03/2022 10:00,31697
11/03/2022 10:00 - 11/03/2022 11:00,32305
11/03/2022 11:00 - 11/03/2022 12:00,32287
11/03/2022 12:00 - 11/03/2022 13:00,32221
11/03/2022 13:00 - 11/03/2022 14:00,32170
11/03/2022 14:00 - 11/03/2022 15:00,31627
11/03/2022 15:00 - 11/03/2022 16:00,30699
11/03/2022 16:00 - 11/03/2022 17:00,30381
11/03/2022 17:00 - 11/03/2022 18:00,30194
11/03/2022 18:00 - 11/03/2022 19:00,30188
11/03/2022 19:00 - 11/03/2022 20:00,31679
11/03/2022 20:00 - 11/03/2022 21:00,32478
11/03/2022 21:00 - 11/03/2022 22:00,31634
11/03/2022 22:00 - 11/03/2022 23:00,29076
11/03/2022 23:00 - 12/03/2022 00:00,26627
12/03/2022 00:00 - 12/03/2022 01:00,25137
12/03/2022 01:00 - 12/03/2022 02:00,23481
12/03/2022 02:00 - 12/03/2022 03:00,22221
12/03/2022 03:00 - 12/03/2022 04:00,21489
12/03/2022 04:00 - 12/03/2022 05:00,21307
12/03/2022 05:00 - 12/03/2022 06:00,21338
12/03/2022 06:00 - 12/03/2022 07:00,21859
12/03/2022 07:00 - 12/03/2022 08:00,22590
12/03/2022 08:00 - 12/03/2022 09:00,24104
12/03/2022 09:00 - 12/03/2022 10:00,26426
12/03/2022 10:00 - 12/03/2022 11:00,27641
12/03/2022 11:00 - 12/03/2022 12:00,27947
12/03/2022 12:00 - 12/03/2022 13:00,27727
12/03/2022 13:00 - 12/03/2022 14:00,27801
12/03/2022 14:00 - 12/03/2022 15:00,27312
12/03/2022 15:00 - 12/03/2022 16:00,26060
12/03/2022 16:00 - 12/03/2022 17:00,25169
12/03/2022 17:00 - 12/03/2022 18:00,25081
12/03/2022 18:00 - 12/03/2022 19:00,25494
12/03/2022 19:00 - 12/03/2022 20:00,27590
12/03/2022 20:00 - 12/03/2022 21:00,28895
12/03/2022 21:00 - 12/03/2022 22:00,28596
12/03/2022 22:00 - 12/03/2022 23:00,26769
12/03/2022 23:00 - 13/03/2022 00:00,24756
13/03/2022 00:00 - 13/03/2022 01:00,23137
13/03/2022 01:00 - 13/03/2022 02:00,21631
13/03/2022 02:00 - 13/03/2022 03:00,20519
13/03/2022 03:00 - 13/03/2022 04:00,19860
13/03/2022 04:00 - 13/03/2022 05:00,19592
13/03/2022 05:00 - 13/03/2022 06:00,19573
13/03/2022 06:00 - 13/03/2022 07:00,19980
13/03/2022 07:00 - 13/03/2022 08:00,20067
13/03/2022 08:00 - 13/03/2022 09:00,20719
13/03/2022 09:00 - 13/03/2022 10:00,22671
13/03/2022 10:00 - 13/03/2022 11:00,24354
13/03/2022 11:00 - 13/03/2022 12:00,25000
13/03/2022 12:00 - 13/03/2022 13:00,25097
13/03/2022 13:00 - 13/03/2022 14:00,25417
13/03/2022 14:00 - 13/03/2022 15:00,25205
13/03/2022 15:00 - 13/03/2022 16:00,24014
13/03/2022 16:00 - 13/03/2022 17:00,23396
13/03/2022 17:00 - 13/03/2022 18:00,23196
13/03/2022 18:00 - 13/03/2022 19:00,23850
13/03/2022 19:00 - 13/03/2022 20:00,26234
13/03/2022 20:00 - 13/03/2022 21:00,28333
13/03/2022 21:00 - 13/03/2022 22:00,28465
13/03/2022 22:00 - 13/03/2022 23:00,26909
13/03/2022 23:00 - 14/03/2022 00:00,24670
14/03/2022 00:00 - 14/03/2022 01:00,22998
14/03/2022 01:00 - 14/03/2022 02:00,21683
14/03/2022 02:00 - 14/03/2022 03:00,20956
14/03/2022 03:00 - 14/03/2022 04:00,20677
14/03/2022 04:00 - 14/03/2022 05:00,20666
14/03/2022 05:00 - 14/03/2022 06:00,21551
14/03/2022 06:00 - 14/03/2022 07:00,24562
14/03/2022 07:00 - 14/03/2022 08:00,28114
14/03/2022 08:00 - 14/03/2022 09:00,30657
14/03/2022 09:00 - 14/03/2022 10:00,32014
14/03/2022 10:00 - 14/03/2022 11:00,32897
14/03/2022 11:00 - 14/03/2022 12:00,33265
14/03/2022 12:00 - 14/03/2022 13:00,33443
14/03/2022 13:00 - 14/03/2022 14:00,33346
14/03/2022 14:00 - 14/03/2022 15:00,32872
14/03/2022 15:00 - 14/03/2022 16:00,31835
14/03/2022 16:00 - 14/03/2022 17:00,31319
14/03/2022 17:00 - 14/03/2022 18:00,31005
14/03/2022 18:00 - 14/03/2022 19:00,30786
14/03/2022 19:00 - 14/03/2022 20:00,32407
14/03/2022 20:00 - 14/03/2022 21:00,33542
14/03/2022 21:00 - 14/03/2022 22:00,32353
14/03/2022 22:00 - 14/03/2022 23:00,29517
14/03/2022 23:00 - 15/03/2022 00:00,26700
15/03/2022 00:00 - 15/03/2022 01:00,24911
15/03/2022 01:00 - 15/03/2022 02:00,23451
15/03/2022 02:00 - 15/03/2022 03:00,22492
15/03/2022 03:00 - 15/03/2022 04:00,22151
15/03/2022 04:00 - 15/03/2022 05:00,22149
15/03/2022 05:00 - 15/03/2022 06:00,22735
15/03/2022 06:00 - 15/03/2022 07:00,25523
15/03/2022 07:00 - 15/03/2022 08:00,28633
15/03/2022 08:00 - 15/03/2022 09:00,30735
15/03/2022 09:00 - 15/03/2022 10:00,31632
15/03/2022 10:00 - 15/03/2022 11:00,32014
15/03/2022 11:00 - 15/03/2022 12:00,32053
15/03/2022 12:00 - 15/03/2022 13:00,32317
15/03/2022 13:00 - 15/03/2022 14:00,32305
15/03/2022 14:00 - 15/03/2022 15:00,31873
15/03/2022 15:00 - 15/03/2022 16:00,31073
15/03/2022 16:00 - 15/03/2022 17:00,30630
15/03/2022 17:00 - 15/03/2022 18:00,30313
15/03/2022 18:00 - 15/03/2022 19:00,30062
15/03/2022 19:00 - 15/03/2022 20:00,31747
15/03/2022 20:00 - 15/03/2022 21:00,33121
15/03/2022 21:00 - 15/03/2022 22:00,32015
15/03/2022 22:00 - 15/03/2022 23:00,29181
15/03/2022 23:00 - 16/03/2022 00:00,26343
16/03/2022 00:00 - 16/03/2022 01:00,24884
16/03/2022 01:00 - 16/03/2022 02:00,23519
16/03/2022 02:00 - 16/03/2022 03:00,22559
16/03/2022 03:00 - 16/03/2022 04:00,22176
16/03/2022 04:00 - 16/03/2022 05:00,22144
16/03/2022 05:00 - 16/03/2022 06:00,22705
16/03/2022 06:00 - 16/03/2022 07:00,25148
16/03/2022 07:00 - 16/03/2022 08:00,28294
16/03/2022 08:00 - 16/03/2022 09:00,30301
16/03/2022 09:00 - 16/03/2022 10:00,31402
16/03/2022 10:00 - 16/03/2022 11:00,32059
16/03/2022 11:00 - 16/03/2022 12:00,32296
16/03/2022 12:00 - 16/03/2022 13:00,32682
16/03/2022 13:00 - 16/03/2022 14:00,32765
16/03/2022 14:00 - 16/03/2022 15:00,32340
16/03/2022 15:00 - 16/03/2022 16:00,31284
16/03/2022 16:00 - 16/03/2022 17:00,30727
16/03/2022 17:00 - 16/03/2022 18:00,30476
16/03/2022 18:00 - 16/03/2022 19:00,30124
16/03/2022 19:00 - 16/03/2022 20:00,31663
16/03/2022 20:00 - 16/03/2022 21:00,33107
16/03/2022 21:00 - 16/03/2022 22:00,31975
16/03/2022 22:00 - 16/03/2022 23:00,29263
16/03/2022 23:00 - 17/03/2022 00:00,26445
17/03/2022 00:00 - 17/03/2022 01:00,24767
17/03/2022 01:00 - 17/03/2022 02:00,23350
17/03/2022 02:00 - 17/03/2022 03:00,22072
17/03/2022 03:00 - 17/03/2022 04:00,21554
17/03/2022 04:00 - 17/03/2022 05:00,21553
17/03/2022 05:00 - 17/03/2022 06:00,22177
17/03/2022 06:00 - 17/03/2022 07:00,24716
17/03/2022 07:00 - 17/03/2022 08:00,27840
17/03/2022 08:00 - 17/03/2022 09:00,30068
17/03/2022 09:00 - 17/03/2022 10:00,31227
17/03/2022 10:00 - 17/03/2022 11:00,31763
17/03/2022 11:00 - 17/03/2022 12:00,31944
17/03/2022 12:00 - 17/03/2022 13:00,32153
17/03/2022 13:00 - 17/03/2022 14:00,32041
17/03/2022 14:00 - 17/03/2022 15:00,31445
17/03/2022 15:00 - 17/03/2022 16:00,30633
17/03/2022 16:00 - 17/03/2022 17:00,30124
17/03/2022 17:00 - 17/03/2022 18:00,29819
17/03/2022 18:00 - 17/03/2022 19:00,29744
17/03/2022 19:00 - 17/03/2022 20:00,31406
17/03/2022 20:00 - 17/03/2022 21:00,32862
17/03/2022 21:00 - 17/03/2022 22:00,31829
17/03/2022 22:00 - 17/03/2022 23:00,29154
17/03/2022 23:00 - 18/03/2022 00:00,26386
18/03/2022 00:00 - 18/03/2022 01:00,24837
18/03/2022 01:00 - 18/03/2022 02:00,23337
18/03/2022 02:00 - 18/03/2022 03:00,22229
18/03/2022 03:00 - 18/03/2022 04:00,21759
18/03/2022 04:00 - 18/03/2022 05:00,21772
18/03/2022 05:00 - 18/03/2022 06:00,22340
18/03/2022 06:00 - 18/03/2022 07:00,24857
18/03/2022 07:00 - 18/03/2022 08:00,27847
18/03/2022 08:00 - 18/03/2022 09:00,29761
18/03/2022 09:00 - 18/03/2022 10:00,30580
18/03/2022 10:00 - 18/03/2022 11:00,31042
18/03/2022 11:00 - 18/03/2022 12:00,30866
18/03/2022 12:00 - 18/03/2022 13:00,30888
18/03/2022 13:00 - 18/03/2022 14:00,30861
18/03/2022 14:00 - 18/03/2022 15:00,30525
18/03/2022 15:00 - 18/03/2022 16:00,29678
18/03/2022 16:00 - 18/03/2022 17:00,29093
18/03/2022 17:00 - 18/03/2022 18:00,28891
18/03/2022 18:00 - 18/03/2022 19:00,28560
18/03/2022 19:00 - 18/03/2022 20:00,30127
18/03/2022 20:00 - 18/03/2022 21:00,31458
18/03/2022 21:00 - 18/03/2022 22:00,30676
18/03/2022 22:00 - 18/03/2022 23:00,28356
18/03/2022 23:00 - 19/03/2022 00:00,26052
19/03/2022 00:00 - 19/03/2022 01:00,24569
19/03/2022 01:00 - 19/03/2022 02:00,22835
19/03/2022 02:00 - 19/03/2022 03:00,21594
19/03/2022 03:00 - 19/03/2022 04:00,21032
19/03/2022 04:00 - 19/03/2022 05:00,20720
19/03/2022 05:00 - 19/03/2022 06:00,20636
19/03/2022 06:00 - 19/03/2022 07:00,21068
19/03/2022 07:00 - 19/03/2022 08:00,21600
19/03/2022 08:00 - 19/03/2022 09:00,23125
19/03/2022 09:00 - 19/03/2022 10:00,25360
19/03/2022 10:00 - 19/03/2022 11:00,26754
19/03/2022 11:00 - 19/03/2022 12:00,27104
19/03/2022 12:00 - 19/03/2022 13:00,27121
19/03/2022 13:00 - 19/03/2022 14:00,27298
19/03/2022 14:00 - 19/03/2022 15:00,26617
19/03/2022 15:00 - 19/03/2022 16:00,25386
19/03/2022 16:00 - 19/03/2022 17:00,24726
19/03/2022 17:00 - 19/03/2022 18:00,24488
19/03/2022 18:00 - 19/03/2022 19:00,24634
19/03/2022 19:00 - 19/03/2022 20:00,26178
19/03/2022 20:00 - 19/03/2022 21:00,27768
19/03/2022 21:00 - 19/03/2022 22:00,27695
19/03/2022 22:00 - 19/03/2022 23:00,26188
19/03/2022 23:00 - 20/03/2022 00:00,24207
20/03/2022 00:00 - 20/03/2022 01:00,22756
20/03/2022 01:00 - 20/03/2022 02:00,21321
20/03/2022 02:00 - 20/03/2022 03:00,20198
20/03/2022 03:00 - 20/03/2022 04:00,19437
20/03/2022 04:00 - 20/03/2022 05:00,19167
20/03/2022 05:00 - 20/03/2022 06:00,19130
20/03/2022 06:00 - 20/03/2022 07:00,19534
20/03/2022 07:00 - 20/03/2022 08:00,19695
20/03/2022 08:00 - 20/03/2022 09:00,20558
20/03/2022 09:00 - 20/03/2022 10:00,22510
20/03/2022 10:00 - 20/03/2022 11:00,24197
20/03/2022 11:00 - 20/03/2022 12:00,24900
20/03/2022 12:00 - 20/03/2022 13:00,25159
20/03/2022 13:00 - 20/03/2022 14:00,25795
20/03/2022 14:00 - 20/03/2022 15:00,25730
20/03/2022 15:00 - 20/03/2022 16:00,24278
20/03/2022 16:00 - 20/03/2022 17:00,23731
20/03/2022 17:00 - 20/03/2022 18:00,23578
20/03/2022 18:00 - 20/03/2022 19:00,24135
20/03/2022 19:00 - 20/03/2022 20:00,26032
20/03/2022 20:00 - 20/03/2022 21:00,28207
20/03/2022 21:00 - 20/03/2022 22:00,27951
20/03/2022 22:00 - 20/03/2022 23:00,26149
20/03/2022 23:00 - 21/03/2022 00:00,24184
21/03/2022 00:00 - 21/03/2022 01:00,22417
21/03/2022 01:00 - 21/03/2022 02:00,21057
21/03/2022 02:00 - 21/03/2022 03:00,20217
21/03/2022 03:00 - 21/03/2022 04:00,19865
21/03/2022 04:00 - 21/03/2022 05:00,19819
21/03/2022 05:00 - 21/03/2022 06:00,20757
21/03/2022 06:00 - 21/03/2022 07:00,23839
21/03/2022 07:00 - 21/03/2022 08:00,27075
21/03/2022 08:00 - 21/03/2022 09:00,29255
21/03/2022 09:00 - 21/03/2022 10:00,30397
21/03/2022 10:00 - 21/03/2022 11:00,30982
21/03/2022 11:00 - 21/03/2022 12:00,31213
21/03/2022 12:00 - 21/03/2022 13:00,31302
21/03/2022 13:00 - 21/03/2022 14:00,31360
21/03/2022 14:00 - 21/03/2022 15:00,30806
21/03/2022 15:00 - 21/03/2022 16:00,29841
21/03/2022 16:00 - 21/03/2022 17:00,29348
21/03/2022 17:00 - 21/03/2022 18:00,29259
21/03/2022 18:00 - 21/03/2022 19:00,29105
21/03/2022 19:00 - 21/03/2022 20:00,30755
21/03/2022 20:00 - 21/03/2022 21:00,32469
21/03/2022 21:00 - 21/03/2022 22:00,31518
21/03/2022 22:00 - 21/03/2022 23:00,28834
21/03/2022 23:00 - 22/03/2022 00:00,25861
22/03/2022 00:00 - 22/03/2022 01:00,24256
22/03/2022 01:00 - 22/03/2022 02:00,22698
22/03/2022 02:00 - 22/03/2022 03:00,21697
22/03/2022 03:00 - 22/03/2022 04:00,21407
22/03/2022 04:00 - 22/03/2022 05:00,21447
22/03/2022 05:00 - 22/03/2022 06:00,22083
22/03/2022 06:00 - 22/03/2022 07:00,24701
22/03/2022 07:00 - 22/03/2022 08:00,27749
22/03/2022 08:00 - 22/03/2022 09:00,29988
22/03/2022 09:00 - 22/03/2022 10:00,30901
22/03/2022 10:00 - 22/03/2022 11:00,31274
22/03/2022 11:00 - 22/03/2022 12:00,31261
22/03/2022 12:00 - 22/03/2022 13:00,31319
22/03/2022 13:00 - 22/03/2022 14:00,31388
22/03/2022 14:00 - 22/03/2022 15:00,31066
22/03/2022 15:00 - 22/03/2022 16:00,30069
22/03/2022 16:00 - 22/03/2022 17:00,29470
22/03/2022 17:00 - 22/03/2022 18:00,29504
22/03/2022 18:00 - 22/03/2022 19:00,29382
22/03/2022 19:00 - 22/03/2022 20:00,31131
22/03/2022 20:00 - 22/03/2022 21:00,32938
22/03/2022 21:00 - 22/03/2022 22:00,31918
22/03/2022 22:00 - 22/03/2022 23:00,29012
22/03/2022 23:00 - 23/03/2022 00:00,26177
23/03/2022 00:00 - 23/03/2022 01:00,24641
23/03/2022 01:00 - 23/03/2022 02:00,23142
23/03/2022 02:00 - 23/03/2022 03:00,22062
23/03/2022 03:00 - 23/03/2022 04:00,21469
23/03/2022 04:00 - 23/03/2022 05:00,21533
23/03/2022 05:00 - 23/03/2022 06:00,22050
23/03/2022 06:00 - 23/03/2022 07:00,24680
23/03/2022 07:00 - 23/03/2022 08:00,27857
23/03/2022 08:00 - 23/03/2022 09:00,30155
23/03/2022 09:00 - 23/03/2022 10:00,30958
23/03/2022 10:00 - 23/03/2022 11:00,31446
23/03/2022 11:00 - 23/03/2022 12:00,31504
23/03/2022 12:00 - 23/03/2022 13:00,31728
23/03/2022 13:00 - 23/03/2022 14:00,31726
23/03/2022 14:00 - 23/03/2022 15:00,31404
23/03/2022 15:00 - 23/03/2022 16:00,30492
23/03/2022 16:00 - 23/03/2022 17:00,30046
23/03/2022 17:00 - 23/03/2022 18:00,29899
23/03/2022 18:00 - 23/03/2022 19:00,29581
23/03/2022 19:00 - 23/03/2022 20:00,31353
23/03/2022 20:00 - 23/03/2022 21:00,33096
23/03/2022 21:00 - 23/03/2022 22:00,32052
23/03/2022 22:00 - 23/03/2022 23:00,29125
23/03/2022 23:00 - 24/03/2022 00:00,26168
24/03/2022 00:00 - 24/03/2022 01:00,24620
24/03/2022 01:00 - 24/03/2022 02:00,23096
24/03/2022 02:00 - 24/03/2022 03:00,22168
24/03/2022 03:00 - 24/03/2022 04:00,21737
24/03/2022 04:00 - 24/03/2022 05:00,21733
24/03/2022 05:00 - 24/03/2022 06:00,22344
24/03/2022 06:00 - 24/03/2022 07:00,24851
24/03/2022 07:00 - 24/03/2022 08:00,28082
24/03/2022 08:00 - 24/03/2022 09:00,30443
24/03/2022 09:00 - 24/03/2022 10:00,31284
24/03/2022 10:00 - 24/03/2022 11:00,31854
24/03/2022 11:00 - 24/03/2022 12:00,31790
24/03/2022 12:00 - 24/03/2022 13:00,31832
24/03/2022 13:00 - 24/03/2022 14:00,31983
24/03/2022 14:00 - 24/03/2022 15:00,31779
24/03/2022 15:00 - 24/03/2022 16:00,31002
24/03/2022 16:00 - 24/03/2022 17:00,30457
24/03/2022 17:00 - 24/03/2022 18:00,30369
24/03/2022 18:00 - 24/03/2022 19:00,30259
24/03/2022 19:00 - 24/03/2022 20:00,31779
24/03/2022 20:00 - 24/03/2022 21:00,33308
24/03/2022 21:00 - 24/03/2022 22:00,32323
24/03/2022 22:00 - 24/03/2022 23:00,29236
24/03/2022 23:00 - 25/03/2022 00:00,26394
25/03/2022 00:00 - 25/03/2022 01:00,24827
25/03/2022 01:00 - 25/03/2022 02:00,23295
25/03/2022 02:00 - 25/03/2022 03:00,22370
25/03/2022 03:00 - 25/03/2022 04:00,21763
25/03/2022 04:00 - 25/03/2022 05:00,21730
25/03/2022 05:00 - 25/03/2022 06:00,22369
25/03/2022 06:00 - 25/03/2022 07:00,24876
25/03/2022 07:00 - 25/03/2022 08:00,27853
25/03/2022 08:00 - 25/03/2022 09:00,29988
25/03/2022 09:00 - 25/03/2022 10:00,30911
25/03/2022 10:00 - 25/03/2022 11:00,31238
25/03/2022 11:00 - 25/03/2022 12:00,31233
25/03/2022 12:00 - 25/03/2022 13:00,31384
25/03/2022 13:00 - 25/03/2022 14:00,31478
25/03/2022 14:00 - 25/03/2022 15:00,31011
25/03/2022 15:00 - 25/03/2022 16:00,30180
25/03/2022 16:00 - 25/03/2022 17:00,29584
25/03/2022 17:00 - 25/03/2022 18:00,29245
25/03/2022 18:00 - 25/03/2022 19:00,28944
25/03/2022 19:00 - 25/03/2022 20:00,30435
25/03/2022 20:00 - 25/03/2022 21:00,31728
25/03/2022 21:00 - 25/03/2022 22:00,30964
25/03/2022 22:00 - 25/03/2022 23:00,28451
25/03/2022 23:00 - 26/03/2022 00:00,25948
26/03/2022 00:00 - 26/03/2022 01:00,24628
26/03/2022 01:00 - 26/03/2022 02:00,22948
26/03/2022 02:00 - 26/03/2022 03:00,21671
26/03/2022 03:00 - 26/03/2022 04:00,21072
26/03/2022 04:00 - 26/03/2022 05:00,20860
26/03/2022 05:00 - 26/03/2022 06:00,20682
26/03/2022 06:00 - 26/03/2022 07:00,21103
26/03/2022 07:00 - 26/03/2022 08:00,21819
26/03/2022 08:00 - 26/03/2022 09:00,23527
26/03/2022 09:00 - 26/03/2022 10:00,26005
26/03/2022 10:00 - 26/03/2022 11:00,27318
26/03/2022 11:00 - 26/03/2022 12:00,27799
26/03/2022 12:00 - 26/03/2022 13:00,27948
26/03/2022 13:00 - 26/03/2022 14:00,28206
26/03/2022 14:00 - 26/03/2022 15:00,27716
26/03/2022 15:00 - 26/03/2022 16:00,26498
26/03/2022 16:00 - 26/03/2022 17:00,25691
26/03/2022 17:00 - 26/03/2022 18:00,25367
26/03/2022 18:00 - 26/03/2022 19:00,25573
26/03/2022 19:00 - 26/03/2022 20:00,26922
26/03/2022 20:00 - 26/03/2022 21:00,28741
26/03/2022 21:00 - 26/03/2022 22:00,28506
26/03/2022 22:00 - 26/03/2022 23:00,26560
26/03/2022 23:00 - 27/03/2022 00:00,24505
27/03/2022 00:00 - 27/03/2022 01:00 (CET),22814
27/03/2022 01:00 (CET) - 27/03/2022 03:00 (CEST),21245
27/03/2022 03:00 (CEST) - 27/03/2022 04:00,20087
27/03/2022 04:00 - 27/03/2022 05:00,19532
27/03/2022 05:00 - 27/03/2022 06:00,19192
27/03/2022 06:00 - 27/03/2022 07:00,19591
27/03/2022 07:00 - 27/03/2022 08:00,20209
27/03/2022 08:00 - 27/03/2022 09:00,20148
27/03/2022 09:00 - 27/03/2022 10:00,21447
27/03/2022 10:00 - 27/03/2022 11:00,23269
27/03/2022 11:00 - 27/03/2022 12:00,24492
27/03/2022 12:00 - 27/03/2022 13:00,24942
27/03/2022 13:00 - 27/03/2022 14:00,25307
27/03/2022 14:00 - 27/03/2022 15:00,25194
27/03/2022 15:00 - 27/03/2022 16:00,23799
27/03/2022 16:00 - 27/03/2022 17:00,22936
27/03/2022 17:00 - 27/03/2022 18:00,22373
27/03/2022 18:00 - 27/03/2022 19:00,22441
27/03/2022 19:00 - 27/03/2022 20:00,23212
27/03/2022 20:00 - 27/03/2022 21:00,25823
27/03/2022 21:00 - 27/03/2022 22:00,28078
27/03/2022 22:00 - 27/03/2022 23:00,26596
27/03/2022 23:00 - 28/03/2022 00:00,24446
28/03/2022 00:00 - 28/03/2022 01:00,22397
28/03/2022 01:00 - 28/03/2022 02:00,20871
28/03/2022 02:00 - 28/03/2022 03:00,20079
28/03/2022 03:00 - 28/03/2022 04:00,19695
28/03/2022 04:00 - 28/03/2022 05:00,19627
28/03/2022 05:00 - 28/03/2022 06:00,20429
28/03/2022 06:00 - 28/03/2022 07:00,23428
28/03/2022 07:00 - 28/03/2022 08:00,27354
28/03/2022 08:00 - 28/03/2022 09:00,29529
28/03/2022 09:00 - 28/03/2022 10:00,30293
28/03/2022 10:00 - 28/03/2022 11:00,30740
28/03/2022 11:00 - 28/03/2022 12:00,30581
28/03/2022 12:00 - 28/03/2022 13:00,30439
28/03/2022 13:00 - 28/03/2022 14:00,30416
28/03/2022 14:00 - 28/03/2022 15:00,29912
28/03/2022 15:00 - 28/03/2022 16:00,29062
28/03/2022 16:00 - 28/03/2022 17:00,28364
28/03/2022 17:00 - 28/03/2022 18:00,27934
28/03/2022 18:00 - 28/03/2022 19:00,27482
28/03/2022 19:00 - 28/03/2022 20:00,28040
28/03/2022 20:00 - 28/03/2022 21:00,30151
28/03/2022 21:00 - 28/03/2022 22:00,31271
28/03/2022 22:00 - 28/03/2022 23:00,28593
28/03/2022 23:00 - 29/03/2022 00:00,25907
29/03/2022 00:00 - 29/03/2022 01:00,24201
29/03/2022 01:00 - 29/03/2022 02:00,22686
29/03/2022 02:00 - 29/03/2022 03:00,21743
29/03/2022 03:00 - 29/03/2022 04:00,21310
29/03/2022 04:00 - 29/03/2022 05:00,21257
29/03/2022 05:00 - 29/03/2022 06:00,21805
29/03/2022 06:00 - 29/03/2022 07:00,24359
29/03/2022 07:00 - 29/03/2022 08:00,28098
29/03/2022 08:00 - 29/03/2022 09:00,29971
29/03/2022 09:00 - 29/03/2022 10:00,30749
29/03/2022 10:00 - 29/03/2022 11:00,30974
29/03/2022 11:00 - 29/03/2022 12:00,30980
29/03/2022 12:00 - 29/03/2022 13:00,30940
29/03/2022 13:00 - 29/03/2022 14:00,30893
29/03/2022 14:00 - 29/03/2022 15:00,30293
29/03/2022 15:00 - 29/03/2022 16:00,29524
29/03/2022 16:00 - 29/03/2022 17:00,28857
29/03/2022 17:00 - 29/03/2022 18:00,28451
29/03/2022 18:00 - 29/03/2022 19:00,27965
29/03/2022 19:00 - 29/03/2022 20:00,28425
29/03/2022 20:00 - 29/03/2022 21:00,30464
29/03/2022 21:00 - 29/03/2022 22:00,31617
29/03/2022 22:00 - 29/03/2022 23:00,28997
29/03/2022 23:00 - 30/03/2022 00:00,26230
30/03/2022 00:00 - 30/03/2022 01:00,24676
30/03/2022 01:00 - 30/03/2022 02:00,23136
30/03/2022 02:00 - 30/03/2022 03:00,22192
30/03/2022 03:00 - 30/03/2022 04:00,21651
30/03/2022 04:00 - 30/03/2022 05:00,21410
30/03/2022 05:00 - 30/03/2022 06:00,22021
30/03/2022 06:00 - 30/03/2022 07:00,24623
30/03/2022 07:00 - 30/03/2022 08:00,28459
30/03/2022 08:00 - 30/03/2022 09:00,30287
30/03/2022 09:00 - 30/03/2022 10:00,31013
30/03/2022 10:00 - 30/03/2022 11:00,31298
30/03/2022 11:00 - 30/03/2022 12:00,31238
30/03/2022 12:00 - 30/03/2022 13:00,31446
30/03/2022 13:00 - 30/03/2022 14:00,31201
30/03/2022 14:00 - 30/03/2022 15:00,30493
30/03/2022 15:00 - 30/03/2022 16:00,29725
30/03/2022 16:00 - 30/03/2022 17:00,29427
30/03/2022 17:00 - 30/03/2022 18:00,29136
30/03/2022 18:00 - 30/03/2022 19:00,28600
30/03/2022 19:00 - 30/03/2022 20:00,28952
30/03/2022 20:00 - 30/03/2022 21:00,30474
30/03/2022 21:00 - 30/03/2022 22:00,31359
30/03/2022 22:00 - 30/03/2022 23:00,28935
30/03/2022 23:00 - 31/03/2022 00:00,26229
31/03/2022 00:00 - 31/03/2022 01:00,24517
31/03/2022 01:00 - 31/03/2022 02:00,23003
31/03/2022 02:00 - 31/03/2022 03:00,22214
31/03/2022 03:00 - 31/03/2022 04:00,21790
31/03/2022 04:00 - 31/03/2022 05:00,21624
31/03/2022 05:00 - 31/03/2022 06:00,22221
31/03/2022 06:00 - 31/03/2022 07:00,24717
31/03/2022 07:00 - 31/03/2022 08:00,28350
31/03/2022 08:00 - 31/03/2022 09:00,30347
31/03/2022 09:00 - 31/03/2022 10:00,30929
31/03/2022 10:00 - 31/03/2022 11:00,31135
31/03/2022 11:00 - 31/03/2022 12:00,31067
31/03/2022 12:00 - 31/03/2022 13:00,31335
31/03/2022 13:00 - 31/03/2022 14:00,31046
31/03/2022 14:00 - 31/03/2022 15:00,30308
31/03/2022 15:00 - 31/03/2022 16:00,29507
31/03/2022 16:00 - 31/03/2022 17:00,28847
31/03/2022 17:00 - 31/03/2022 18:00,28545
31/03/2022 18:00 - 31/03/2022 19:00,28317
31/03/2022 19:00 - 31/03/2022 20:00,28867
31/03/2022 20:00 - 31/03/2022 21:00,30671
31/03/2022 21:00 - 31/03/2022 22:00,31765
31/03/2022 22:00 - 31/03/2022 23:00,29333
31/03/2022 23:00 - 01/04/2022 00:00,26496
01/04/2022 00:00 - 01/04/2022 01:00,24806
01/04/2022 01:00 - 01/04/2022 02:00,23229
01/04/2022 02:00 - 01/04/2022 03:00,22369
01/04/2022 03:00 - 01/04/2022 04:00,21951
01/04/2022 04:00 - 01/04/2022 05:00,21845
01/04/2022 05:00 - 01/04/2022 06:00,22331
01/04/2022 06:00 - 01/04/2022 07:00,24949
01/04/2022 07:00 - 01/04/2022 08:00,29011
01/04/2022 08:00 - 01/04/2022 09:00,30964
01/04/2022 09:00 - 01/04/2022 10:00,31579
01/04/2022 10:00 - 01/04/2022 11:00,31757
01/04/2022 11:00 - 01/04/2022 12:00,31463
01/04/2022 12:00 - 01/04/2022 13:00,31481
01/04/2022 13:00 - 01/04/2022 14:00,31127
01/04/2022 14:00 - 01/04/2022 15:00,30377
01/04/2022 15:00 - 01/04/2022 16:00,29391
01/04/2022 16:00 - 01/04/2022 17:00,28650
01/04/2022 17:00 - 01/04/2022 18:00,28437
01/04/2022 18:00 - 01/04/2022 19:00,28217
01/04/2022 19:00 - 01/04/2022 20:00,28653
01/04/2022 20:00 - 01/04/2022 21:00,30220
01/04/2022 21:00 - 01/04/2022 22:00,31697
01/04/2022 22:00 - 01/04/2022 23:00,29592
01/04/2022 23:00 - 02/04/2022 00:00,27195
02/04/2022 00:00 - 02/04/2022 01:00,25691
02/04/2022 01:00 - 02/04/2022 02:00,24116
02/04/2022 02:00 - 02/04/2022 03:00,22862
02/04/2022 03:00 - 02/04/2022 04:00,22059
02/04/2022 04:00 - 02/04/2022 05:00,21737
02/04/2022 05:00 - 02/04/2022 06:00,21607
02/04/2022 06:00 - 02/04/2022 07:00,22102
02/04/2022 07:00 - 02/04/2022 08:00,23171
02/04/2022 08:00 - 02/04/2022 09:00,24238
02/04/2022 09:00 - 02/04/2022 10:00,26514
02/04/2022 10:00 - 02/04/2022 11:00,27813
02/04/2022 11:00 - 02/04/2022 12:00,27744
02/04/2022 12:00 - 02/04/2022 13:00,27534
02/04/2022 13:00 - 02/04/2022 14:00,27494
02/04/2022 14:00 - 02/04/2022 15:00,26866
02/04/2022 15:00 - 02/04/2022 16:00,25619
02/04/2022 16:00 - 02/04/2022 17:00,24863
02/04/2022 17:00 - 02/04/2022 18:00,24611
02/04/2022 18:00 - 02/04/2022 19:00,24794
02/04/2022 19:00 - 02/04/2022 20:00,25552
02/04/2022 20:00 - 02/04/2022 21:00,27286
02/04/2022 21:00 - 02/04/2022 22:00,29277
02/04/2022 22:00 - 02/04/2022 23:00,27757
02/04/2022 23:00 - 03/04/2022 00:00,25609
03/04/2022 00:00 - 03/04/2022 01:00,23997
03/04/2022 01:00 - 03/04/2022 02:00,22365
03/04/2022 02:00 - 03/04/2022 03:00,21209
03/04/2022 03:00 - 03/04/2022 04:00,20521
03/04/2022 04:00 - 03/04/2022 05:00,20306
03/04/2022 05:00 - 03/04/2022 06:00,20209
03/04/2022 06:00 - 03/04/2022 07:00,20531
03/04/2022 07:00 - 03/04/2022 08:00,20964
03/04/2022 08:00 - 03/04/2022 09:00,21367
03/04/2022 09:00 - 03/04/2022 10:00,23299
03/04/2022 10:00 - 03/04/2022 11:00,24676
03/04/2022 11:00 - 03/04/2022 12:00,25196
03/04/2022 12:00 - 03/04/2022 13:00,25487
03/04/2022 13:00 - 03/04/2022 14:00,26142
03/04/2022 14:00 - 03/04/2022 15:00,26083
03/04/2022 15:00 - 03/04/2022 16:00,24610
03/04/2022 16:00 - 03/04/2022 17:00,23993
03/04/2022 17:00 - 03/04/2022 18:00,23632
03/04/2022 18:00 - 03/04/2022 19:00,24133
03/04/2022 19:00 - 03/04/2022 20:00,25243
03/04/2022 20:00 - 03/04/2022 21:00,27723
03/04/2022 21:00 - 03/04/2022 22:00,29804
03/04/2022 22:00 - 03/04/2022 23:00,28210
03/04/2022 23:00 - 04/04/2022 00:00,25811
04/04/2022 00:00 - 04/04/2022 01:00,23783
04/04/2022 01:00 - 04/04/2022 02:00,22199
04/04/2022 02:00 - 04/04/2022 03:00,21468
04/04/2022 03:00 - 04/04/2022 04:00,21044
04/04/2022 04:00 - 04/04/2022 05:00,21069
04/04/2022 05:00 - 04/04/2022 06:00,21981
04/04/2022 06:00 - 04/04/2022 07:00,25306
04/04/2022 07:00 - 04/04/2022 08:00,29448
04/04/2022 08:00 - 04/04/2022 09:00,32008
04/04/2022 09:00 - 04/04/2022 10:00,32978
04/04/2022 10:00 - 04/04/2022 11:00,33717
04/04/2022 11:00 - 04/04/2022 12:00,33607
04/04/2022 12:00 - 04/04/2022 13:00,33550
04/04/2022 13:00 - 04/04/2022 14:00,33232
04/04/2022 14:00 - 04/04/2022 15:00,32884
04/04/2022 15:00 - 04/04/2022 16:00,32045
04/04/2022 16:00 - 04/04/2022 17:00,31425
04/04/2022 17:00 - 04/04/2022 18:00,31145
04/04/2022 18:00 - 04/04/2022 19:00,30882
04/04/2022 19:00 - 04/04/2022 20:00,31656
04/04/2022 20:00 - 04/04/2022 21:00,33418
04/04/2022 21:00 - 04/04/2022 22:00,34349
04/04/2022 22:00 - 04/04/2022 23:00,31437
04/04/2022 23:00 - 05/04/2022 00:00,28107
05/04/2022 00:00 - 05/04/2022 01:00,26125
05/04/2022 01:00 - 05/04/2022 02:00,24499
05/04/2022 02:00 - 05/04/2022 03:00,23494
05/04/2022 03:00 - 05/04/2022 04:00,23141
05/04/2022 04:00 - 05/04/2022 05:00,23160
05/04/2022 05:00 - 05/04/2022 06:00,23862
05/04/2022 06:00 - 05/04/2022 07:00,26629
05/04/2022 07:00 - 05/04/2022 08:00,30481
05/04/2022 08:00 - 05/04/2022 09:00,32880
05/04/2022 09:00 - 05/04/2022 10:00,34121
05/04/2022 10:00 - 05/04/2022 11:00,34794
05/04/2022 11:00 - 05/04/2022 12:00,34557
05/04/2022 12:00 - 05/04/2022 13:00,34601
05/04/2022 13:00 - 05/04/2022 14:00,34409
05/04/2022 14:00 - 05/04/2022 15:00,33602
05/04/2022 15:00 - 05/04/2022 16:00,32645
05/04/2022 16:00 - 05/04/2022 17:00,31835
05/04/2022 17:00 - 05/04/2022 18:00,31359
05/04/2022 18:00 - 05/04/2022 19:00,30972
05/04/2022 19:00 - 05/04/2022 20:00,31616
05/04/2022 20:00 - 05/04/2022 21:00,33342
05/04/2022 21:00 - 05/04/2022 22:00,34370
05/04/2022 22:00 - 05/04/2022 23:00,31591
05/04/2022 23:00 - 06/04/2022 00:00,28648
06/04/2022 00:00 - 06/04/2022 01:00,26515
06/04/2022 01:00 - 06/04/2022 02:00,24696
06/04/2022 02:00 - 06/04/2022 03:00,23834
06/04/2022 03:00 - 06/04/2022 04:00,23206
06/04/2022 04:00 - 06/04/2022 05:00,23242
06/04/2022 05:00 - 06/04/2022 06:00,23858
06/04/2022 06:00 - 06/04/2022 07:00,26221
06/04/2022 07:00 - 06/04/2022 08:00,30047
06/04/2022 08:00 - 06/04/2022 09:00,32269
06/04/2022 09:00 - 06/04/2022 10:00,33526
06/04/2022 10:00 - 06/04/2022 11:00,33743
06/04/2022 11:00 - 06/04/2022 12:00,33527
06/04/2022 12:00 - 06/04/2022 13:00,33138
06/04/2022 13:00 - 06/04/2022 14:00,32671
06/04/2022 14:00 - 06/04/2022 15:00,31884
06/04/2022 15:00 - 06/04/2022 16:00,30896
06/04/2022 16:00 - 06/04/2022 17:00,30128
06/04/2022 17:00 - 06/04/2022 18:00,29616
06/04/2022 18:00 - 06/04/2022 19:00,29231
06/04/2022 19:00 - 06/04/2022 20:00,29651
06/04/2022 20:00 - 06/04/2022 21:00,31591
06/04/2022 21:00 - 06/04/2022 22:00,33074
06/04/2022 22:00 - 06/04/2022 23:00,30655
06/04/2022 23:00 - 07/04/2022 00:00,27830
07/04/2022 00:00 - 07/04/2022 01:00,25653
07/04/2022 01:00 - 07/04/2022 02:00,24026
07/04/2022 02:00 - 07/04/2022 03:00,23036
07/04/2022 03:00 - 07/04/2022 04:00,22713
07/04/2022 04:00 - 07/04/2022 05:00,22760
07/04/2022 05:00 - 07/04/2022 06:00,23345
07/04/2022 06:00 - 07/04/2022 07:00,26052
07/04/2022 07:00 - 07/04/2022 08:00,29772
07/04/2022 08:00 - 07/04/2022 09:00,31652
07/04/2022 09:00 - 07/04/2022 10:00,32196
07/04/2022 10:00 - 07/04/2022 11:00,31879
07/04/2022 11:00 - 07/04/2022 12:00,31454
07/04/2022 12:00 - 07/04/2022 13:00,31023
07/04/2022 13:00 - 07/04/2022 14:00,30683
07/04/2022 14:00 - 07/04/2022 15:00,30026
07/04/2022 15:00 - 07/04/2022 16:00,29331
07/04/2022 16:00 - 07/04/2022 17:00,28880
07/04/2022 17:00 - 07/04/2022 18:00,28537
07/04/2022 18:00 - 07/04/2022 19:00,28205
07/04/2022 19:00 - 07/04/2022 20:00,28703
07/04/2022 20:00 - 07/04/2022 21:00,30518
07/04/2022 21:00 - 07/04/2022 22:00,32010
07/04/2022 22:00 - 07/04/2022 23:00,29663
07/04/2022 23:00 - 08/04/2022 00:00,26982
08/04/2022 00:00 - 08/04/2022 01:00,25499
08/04/2022 01:00 - 08/04/2022 02:00,23995
08/04/2022 02:00 - 08/04/2022 03:00,22899
08/04/2022 03:00 - 08/04/2022 04:00,22371
08/04/2022 04:00 - 08/04/2022 05:00,22417
08/04/2022 05:00 - 08/04/2022 06:00,23020
08/04/2022 06:00 - 08/04/2022 07:00,25536
08/04/2022 07:00 - 08/04/2022 08:00,28798
08/04/2022 08:00 - 08/04/2022 09:00,30506
08/04/2022 09:00 - 08/04/2022 10:00,31036
08/04/2022 10:00 - 08/04/2022 11:00,31005
08/04/2022 11:00 - 08/04/2022 12:00,30810
08/04/2022 12:00 - 08/04/2022 13:00,30528
08/04/2022 13:00 - 08/04/2022 14:00,30315
08/04/2022 14:00 - 08/04/2022 15:00,30032
08/04/2022 15:00 - 08/04/2022 16:00,29108
08/04/2022 16:00 - 08/04/2022 17:00,28526
08/04/2022 17:00 - 08/04/2022 18:00,28200
08/04/2022 18:00 - 08/04/2022 19:00,28023
08/04/2022 19:00 - 08/04/2022 20:00,28462
08/04/2022 20:00 - 08/04/2022 21:00,29782
08/04/2022 21:00 - 08/04/2022 22:00,30815
08/04/2022 22:00 - 08/04/2022 23:00,28544
08/04/2022 23:00 - 09/04/2022 00:00,26343
09/04/2022 00:00 - 09/04/2022 01:00,24878
09/04/2022 01:00 - 09/04/2022 02:00,23478
09/04/2022 02:00 - 09/04/2022 03:00,22334
09/04/2022 03:00 - 09/04/2022 04:00,21638
09/04/2022 04:00 - 09/04/2022 05:00,21419
09/04/2022 05:00 - 09/04/2022 06:00,21328
09/04/2022 06:00 - 09/04/2022 07:00,21931
09/04/2022 07:00 - 09/04/2022 08:00,22732
09/04/2022 08:00 - 09/04/2022 09:00,23884
09/04/2022 09:00 - 09/04/2022 10:00,25734
09/04/2022 10:00 - 09/04/2022 11:00,26924
09/04/2022 11:00 - 09/04/2022 12:00,26932
09/04/2022 12:00 - 09/04/2022 13:00,26631
09/04/2022 13:00 - 09/04/2022 14:00,26587
09/04/2022 14:00 - 09/04/2022 15:00,26120
09/04/2022 15:00 - 09/04/2022 16:00,24840
09/04/2022 16:00 - 09/04/2022 17:00,24085
09/04/2022 17:00 - 09/04/2022 18:00,23755
09/04/2022 18:00 - 09/04/2022 19:00,23798
09/04/2022 19:00 - 09/04/2022 20:00,24385
09/04/2022 20:00 - 09/04/2022 21:00,25698
09/04/2022 21:00 - 09/04/2022 22:00,27601
09/04/2022 22:00 - 09/04/2022 23:00,26433
09/04/2022 23:00 - 10/04/2022 00:00,24591
10/04/2022 00:00 - 10/04/2022 01:00,22895
10/04/2022 01:00 - 10/04/2022 02:00,21428
10/04/2022 02:00 - 10/04/2022 03:00,20346
10/04/2022 03:00 - 10/04/2022 04:00,19688
10/04/2022 04:00 - 10/04/2022 05:00,19448
10/04/2022 05:00 - 10/04/2022 06:00,19533
10/04/2022 06:00 - 10/04/2022 07:00,19821
10/04/2022 07:00 - 10/04/2022 08:00,20050
10/04/2022 08:00 - 10/04/2022 09:00,20728
10/04/2022 09:00 - 10/04/2022 10:00,22519
10/04/2022 10:00 - 10/04/2022 11:00,23827
10/04/2022 11:00 - 10/04/2022 12:00,24384
10/04/2022 12:00 - 10/04/2022 13:00,24190
10/04/2022 13:00 - 10/04/2022 14:00,24308
10/04/2022 14:00 - 10/04/2022 15:00,24107
10/04/2022 15:00 - 10/04/2022 16:00,23022
10/04/2022 16:00 - 10/04/2022 17:00,22058
10/04/2022 17:00 - 10/04/2022 18:00,21879
10/04/2022 18:00 - 10/04/2022 19:00,22170
10/04/2022 19:00 - 10/04/2022 20:00,22944
10/04/2022 20:00 - 10/04/2022 21:00,24669
10/04/2022 21:00 - 10/04/2022 22:00,26599
10/04/2022 22:00 - 10/04/2022 23:00,25694
10/04/2022 23:00 - 11/04/2022 00:00,23942
11/04/2022 00:00 - 11/04/2022 01:00,22474
11/04/2022 01:00 - 11/04/2022 02:00,21293
11/04/2022 02:00 - 11/04/2022 03:00,20539
11/04/2022 03:00 - 11/04/2022 04:00,20195
11/04/2022 04:00 - 11/04/2022 05:00,20151
11/04/2022 05:00 - 11/04/2022 06:00,20865
11/04/2022 06:00 - 11/04/2022 07:00,23397
11/04/2022 07:00 - 11/04/2022 08:00,26071
11/04/2022 08:00 - 11/04/2022 09:00,27558
11/04/2022 09:00 - 11/04/2022 10:00,28643
11/04/2022 10:00 - 11/04/2022 11:00,29114
11/04/2022 11:00 - 11/04/2022 12:00,29114
11/04/2022 12:00 - 11/04/2022 13:00,29363
11/04/2022 13:00 - 11/04/2022 14:00,29683
11/04/2022 14:00 - 11/04/2022 15:00,29230
11/04/2022 15:00 - 11/04/2022 16:00,28172
11/04/2022 16:00 - 11/04/2022 17:00,27723
11/04/2022 17:00 - 11/04/2022 18:00,27458
11/04/2022 18:00 - 11/04/2022 19:00,27309
11/04/2022 19:00 - 11/04/2022 20:00,27792
11/04/2022 20:00 - 11/04/2022 21:00,29179
11/04/2022 21:00 - 11/04/2022 22:00,30406
11/04/2022 22:00 - 11/04/2022 23:00,28246
11/04/2022 23:00 - 12/04/2022 00:00,25854
12/04/2022 00:00 - 12/04/2022 01:00,24328
12/04/2022 01:00 - 12/04/2022 02:00,22758
12/04/2022 02:00 - 12/04/2022 03:00,21975
12/04/2022 03:00 - 12/04/2022 04:00,21576
12/04/2022 04:00 - 12/04/2022 05:00,21422
12/04/2022 05:00 - 12/04/2022 06:00,21887
12/04/2022 06:00 - 12/04/2022 07:00,24073
12/04/2022 07:00 - 12/04/2022 08:00,26542
12/04/2022 08:00 - 12/04/2022 09:00,28234
12/04/2022 09:00 - 12/04/2022 10:00,29565
12/04/2022 10:00 - 12/04/2022 11:00,30112
12/04/2022 11:00 - 12/04/2022 12:00,30099
12/04/2022 12:00 - 12/04/2022 13:00,30292
12/04/2022 13:00 - 12/04/2022 14:00,30181
12/04/2022 14:00 - 12/04/2022 15:00,29669
12/04/2022 15:00 - 12/04/2022 16:00,28860
12/04/2022 16:00 - 12/04/2022 17:00,28350
12/04/2022 17:00 - 12/04/2022 18:00,28130
12/04/2022 18:00 - 12/04/2022 19:00,27817
12/04/2022 19:00 - 12/04/2022 20:00,28260
12/04/2022 20:00 - 12/04/2022 21:00,29700
12/04/2022 21:00 - 12/04/2022 22:00,30586
12/04/2022 22:00 - 12/04/2022 23:00,28390
12/04/2022 23:00 - 13/04/2022 00:00,26159
13/04/2022 00:00 - 13/04/2022 01:00,24718
13/04/2022 01:00 - 13/04/2022 02:00,23220
13/04/2022 02:00 - 13/04/2022 03:00,22208
13/04/2022 03:00 - 13/04/2022 04:00,21625
13/04/2022 04:00 - 13/04/2022 05:00,21495
13/04/2022 05:00 - 13/04/2022 06:00,21923
13/04/2022 06:00 - 13/04/2022 07:00,24111
13/04/2022 07:00 - 13/04/2022 08:00,26640
13/04/2022 08:00 - 13/04/2022 09:00,28259
13/04/2022 09:00 - 13/04/2022 10:00,29533
13/04/2022 10:00 - 13/04/2022 11:00,29918
13/04/2022 11:00 - 13/04/2022 12:00,30100
13/04/2022 12:00 - 13/04/2022 13:00,30182
13/04/2022 13:00 - 13/04/2022 14:00,30101
13/04/2022 14:00 - 13/04/2022 15:00,29521
13/04/2022 15:00 - 13/04/2022 16:00,28437
13/04/2022 16:00 - 13/04/2022 17:00,27912
13/04/2022 17:00 - 13/04/2022 18:00,27422
13/04/2022 18:00 - 13/04/2022 19:00,26902
13/04/2022 19:00 - 13/04/2022 20:00,27201
13/04/2022 20:00 - 13/04/2022 21:00,28278
13/04/2022 21:00 - 13/04/2022 22:00,29031
13/04/2022 22:00 - 13/04/2022 23:00,26995
13/04/2022 23:00 - 14/04/2022 00:00,24875
14/04/2022 00:00 - 14/04/2022 01:00,23424
14/04/2022 01:00 - 14/04/2022 02:00,21854
14/04/2022 02:00 - 14/04/2022 03:00,20681
14/04/2022 03:00 - 14/04/2022 04:00,20111
14/04/2022 04:00 - 14/04/2022 05:00,19908
14/04/2022 05:00 - 14/04/2022 06:00,19821
14/04/2022 06:00 - 14/04/2022 07:00,20533
14/04/2022 07:00 - 14/04/2022 08:00,21241
14/04/2022 08:00 - 14/04/2022 09:00,22009
14/04/2022 09:00 - 14/04/2022 10:00,23612
14/04/2022 10:00 - 14/04/2022 11:00,24492
14/04/2022 11:00 - 14/04/2022 12:00,24757
14/04/2022 12:00 - 14/04/2022 13:00,24745
14/04/2022 13:00 - 14/04/2022 14:00,24817
14/04/2022 14:00 - 14/04/2022 15:00,24398
14/04/2022 15:00 - 14/04/2022 16:00,23270
14/04/2022 16:00 - 14/04/2022 17:00,22690
14/04/2022 17:00 - 14/04/2022 18:00,22377
14/04/2022 18:00 - 14/04/2022 19:00,22388
14/04/2022 19:00 - 14/04/2022 20:00,22792
14/04/2022 20:00 - 14/04/2022 21:00,23957
14/04/2022 21:00 - 14/04/2022 22:00,25488
14/04/2022 22:00 - 14/04/2022 23:00,24450
14/04/2022 23:00 - 15/04/2022 00:00,22796
15/04/2022 00:00 - 15/04/2022 01:00,21647
15/04/2022 01:00 - 15/04/2022 02:00,20377
15/04/2022 02:00 - 15/04/2022 03:00,19283
15/04/2022 03:00 - 15/04/2022 04:00,18515
15/04/2022 04:00 - 15/04/2022 05:00,18264
15/04/2022 05:00 - 15/04/2022 06:00,18308
15/04/2022 06:00 - 15/04/2022 07:00,18669
15/04/2022 07:00 - 15/04/2022 08:00,18848
15/04/2022 08:00 - 15/04/2022 09:00,19292
15/04/2022 09:00 - 15/04/2022 10:00,20701
15/04/2022 10:00 - 15/04/2022 11:00,21978
15/04/2022 11:00 - 15/04/2022 12:00,22334
15/04/2022 12:00 - 15/04/2022 13:00,22170
15/04/2022 13:00 - 15/04/2022 14:00,22325
15/04/2022 14:00 - 15/04/2022 15:00,22254
15/04/2022 15:00 - 15/04/2022 16:00,21307
15/04/2022 16:00 - 15/04/2022 17:00,20724
15/04/2022 17:00 - 15/04/2022 18:00,20522
15/04/2022 18:00 - 15/04/2022 19:00,20602
15/04/2022 19:00 - 15/04/2022 20:00,21107
15/04/2022 20:00 - 15/04/2022 21:00,22222
15/04/2022 21:00 - 15/04/2022 22:00,23920
15/04/2022 22:00 - 15/04/2022 23:00,23335
15/04/2022 23:00 - 16/04/2022 00:00,22004
16/04/2022 00:00 - 16/04/2022 01:00,21017
16/04/2022 01:00 - 16/04/2022 02:00,19845
16/04/2022 02:00 - 16/04/2022 03:00,18802
16/04/2022 03:00 - 16/04/2022 04:00,18325
16/04/2022 04:00 - 16/04/2022 05:00,18090
16/04/2022 05:00 - 16/04/2022 06:00,18187
16/04/2022 06:00 - 16/04/2022 07:00,18932
16/04/2022 07:00 - 16/04/2022 08:00,19360
16/04/2022 08:00 - 16/04/2022 09:00,20287
16/04/2022 09:00 - 16/04/2022 10:00,21889
16/04/2022 10:00 - 16/04/2022 11:00,22937
16/04/2022 11:00 - 16/04/2022 12:00,23144
16/04/2022 12:00 - 16/04/2022 13:00,23071
16/04/2022 13:00 - 16/04/2022 14:00,23252
16/04/2022 14:00 - 16/04/2022 15:00,23112
16/04/2022 15:00 - 16/04/2022 16:00,22242
16/04/2022 16:00 - 16/04/2022 17:00,21652
16/04/2022 17:00 - 16/04/2022 18:00,21486
16/04/2022 18:00 - 16/04/2022 19:00,21814
16/04/2022 19:00 - 16/04/2022 20:00,22367
16/04/2022 20:00 - 16/04/2022 21:00,23391
16/04/2022 21:00 - 16/04/2022 22:00,25254
16/04/2022 22:00 - 16/04/2022 23:00,23812
16/04/2022 23:00 - 17/04/2022 00:00,22052
17/04/2022 00:00 - 17/04/2022 01:00,20774
17/04/2022 01:00 - 17/04/2022 02:00,19466
17/04/2022 02:00 - 17/04/2022 03:00,18602
17/04/2022 03:00 - 17/04/2022 04:00,17964
17/04/2022 04:00 - 17/04/2022 05:00,17614
17/04/2022 05:00 - 17/04/2022 06:00,17694
17/04/2022 06:00 - 17/04/2022 07:00,18065
17/04/2022 07:00 - 17/04/2022 08:00,18054
17/04/2022 08:00 - 17/04/2022 09:00,18581
17/04/2022 09:00 - 17/04/2022 10:00,19958
17/04/2022 10:00 - 17/04/2022 11:00,21170
17/04/2022 11:00 - 17/04/2022 12:00,21671
17/04/2022 12:00 - 17/04/2022 13:00,21633
17/04/2022 13:00 - 17/04/2022 14:00,21821
17/04/2022 14:00 - 17/04/2022 15:00,21793
17/04/2022 15:00 - 17/04/2022 16:00,20822
17/04/2022 16:00 - 17/04/2022 17:00,20236
17/04/2022 17:00 - 17/04/2022 18:00,20290
17/04/2022 18:00 - 17/04/2022 19:00,20379
17/04/2022 19:00 - 17/04/2022 20:00,21115
17/04/2022 20:00 - 17/04/2022 21:00,22589
17/04/2022 21:00 - 17/04/2022 22:00,24480
17/04/2022 22:00 - 17/04/2022 23:00,23465
17/04/2022 23:00 - 18/04/2022 00:00,21812
18/04/2022 00:00 - 18/04/2022 01:00,20353
18/04/2022 01:00 - 18/04/2022 02:00,19138
18/04/2022 02:00 - 18/04/2022 03:00,18178
18/04/2022 03:00 - 18/04/2022 04:00,17688
18/04/2022 04:00 - 18/04/2022 05:00,17810
18/04/2022 05:00 - 18/04/2022 06:00,18189
18/04/2022 06:00 - 18/04/2022 07:00,19537
18/04/2022 07:00 - 18/04/2022 08:00,21143
18/04/2022 08:00 - 18/04/2022 09:00,22543
18/04/2022 09:00 - 18/04/2022 10:00,23684
18/04/2022 10:00 - 18/04/2022 11:00,24123
18/04/2022 11:00 - 18/04/2022 12:00,24423
18/04/2022 12:00 - 18/04/2022 13:00,24431
18/04/2022 13:00 - 18/04/2022 14:00,24785
18/04/2022 14:00 - 18/04/2022 15:00,24500
18/04/2022 15:00 - 18/04/2022 16:00,23555
18/04/2022 16:00 - 18/04/2022 17:00,23084
18/04/2022 17:00 - 18/04/2022 18:00,22965
18/04/2022 18:00 - 18/04/2022 19:00,23285
18/04/2022 19:00 - 18/04/2022 20:00,23734
18/04/2022 20:00 - 18/04/2022 21:00,25359
18/04/2022 21:00 - 18/04/2022 22:00,27179
18/04/2022 22:00 - 18/04/2022 23:00,25406
18/04/2022 23:00 - 19/04/2022 00:00,23086
19/04/2022 00:00 - 19/04/2022 01:00,21714
19/04/2022 01:00 - 19/04/2022 02:00,20530
19/04/2022 02:00 - 19/04/2022 03:00,19787
19/04/2022 03:00 - 19/04/2022 04:00,19495
19/04/2022 04:00 - 19/04/2022 05:00,19538
19/04/2022 05:00 - 19/04/2022 06:00,20226
19/04/2022 06:00 - 19/04/2022 07:00,22660
19/04/2022 07:00 - 19/04/2022 08:00,25273
19/04/2022 08:00 - 19/04/2022 09:00,27088
19/04/2022 09:00 - 19/04/2022 10:00,28106
19/04/2022 10:00 - 19/04/2022 11:00,28351
19/04/2022 11:00 - 19/04/2022 12:00,28521
19/04/2022 12:00 - 19/04/2022 13:00,28561
19/04/2022 13:00 - 19/04/2022 14:00,28830
19/04/2022 14:00 - 19/04/2022 15:00,28432
19/04/2022 15:00 - 19/04/2022 16:00,27530
19/04/2022 16:00 - 19/04/2022 17:00,27163
19/04/2022 17:00 - 19/04/2022 18:00,26957
19/04/2022 18:00 - 19/04/2022 19:00,26764
19/04/2022 19:00 - 19/04/2022 20:00,27274
19/04/2022 20:00 - 19/04/2022 21:00,28540
19/04/2022 21:00 - 19/04/2022 22:00,29428
19/04/2022 22:00 - 19/04/2022 23:00,27260
19/04/2022 23:00 - 20/04/2022 00:00,24753
20/04/2022 00:00 - 20/04/2022 01:00,23352
20/04/2022 01:00 - 20/04/2022 02:00,22057
20/04/2022 02:00 - 20/04/2022 03:00,21301
20/04/2022 03:00 - 20/04/2022 04:00,20897
20/04/2022 04:00 - 20/04/2022 05:00,20935
20/04/2022 05:00 - 20/04/2022 06:00,21526
20/04/2022 06:00 - 20/04/2022 07:00,23738
20/04/2022 07:00 - 20/04/2022 08:00,26500
20/04/2022 08:00 - 20/04/2022 09:00,28473
20/04/2022 09:00 - 20/04/2022 10:00,29814
20/04/2022 10:00 - 20/04/2022 11:00,30385
20/04/2022 11:00 - 20/04/2022 12:00,30798
20/04/2022 12:00 - 20/04/2022 13:00,31074
20/04/2022 13:00 - 20/04/2022 14:00,31131
20/04/2022 14:00 - 20/04/2022 15:00,30390
20/04/2022 15:00 - 20/04/2022 16:00,29468
20/04/2022 16:00 - 20/04/2022 17:00,28959
20/04/2022 17:00 - 20/04/2022 18:00,28658
20/04/2022 18:00 - 20/04/2022 19:00,28294
20/04/2022 19:00 - 20/04/2022 20:00,28856
20/04/2022 20:00 - 20/04/2022 21:00,29929
20/04/2022 21:00 - 20/04/2022 22:00,30822
20/04/2022 22:00 - 20/04/2022 23:00,28654
20/04/2022 23:00 - 21/04/2022 00:00,26033
21/04/2022 00:00 - 21/04/2022 01:00,24310
21/04/2022 01:00 - 21/04/2022 02:00,22869
21/04/2022 02:00 - 21/04/2022 03:00,22130
21/04/2022 03:00 - 21/04/2022 04:00,21627
21/04/2022 04:00 - 21/04/2022 05:00,21668
21/04/2022 05:00 - 21/04/2022 06:00,22285
21/04/2022 06:00 - 21/04/2022 07:00,24586
21/04/2022 07:00 - 21/04/2022 08:00,27333
21/04/2022 08:00 - 21/04/2022 09:00,29281
21/04/2022 09:00 - 21/04/2022 10:00,30193
21/04/2022 10:00 - 21/04/2022 11:00,30487
21/04/2022 11:00 - 21/04/2022 12:00,30436
21/04/2022 12:00 - 21/04/2022 13:00,30538
21/04/2022 13:00 - 21/04/2022 14:00,30303
21/04/2022 14:00 - 21/04/2022 15:00,29818
21/04/2022 15:00 - 21/04/2022 16:00,29083
21/04/2022 16:00 - 21/04/2022 17:00,28586
21/04/2022 17:00 - 21/04/2022 18:00,28157
21/04/2022 18:00 - 21/04/2022 19:00,27702
21/04/2022 19:00 - 21/04/2022 20:00,27958
21/04/2022 20:00 - 21/04/2022 21:00,29377
21/04/2022 21:00 - 21/04/2022 22:00,30769
21/04/2022 22:00 - 21/04/2022 23:00,28708
21/04/2022 23:00 - 22/04/2022 00:00,26220
22/04/2022 00:00 - 22/04/2022 01:00,24402
22/04/2022 01:00 - 22/04/2022 02:00,22976
22/04/2022 02:00 - 22/04/2022 03:00,22016
22/04/2022 03:00 - 22/04/2022 04:00,21445
22/04/2022 04:00 - 22/04/2022 05:00,21498
22/04/2022 05:00 - 22/04/2022 06:00,22126
22/04/2022 06:00 - 22/04/2022 07:00,24456
22/04/2022 07:00 - 22/04/2022 08:00,27333
22/04/2022 08:00 - 22/04/2022 09:00,29288
22/04/2022 09:00 - 22/04/2022 10:00,30107
22/04/2022 10:00 - 22/04/2022 11:00,30367
22/04/2022 11:00 - 22/04/2022 12:00,30335
22/04/2022 12:00 - 22/04/2022 13:00,30795
22/04/2022 13:00 - 22/04/2022 14:00,30835
22/04/2022 14:00 - 22/04/2022 15:00,30221
22/04/2022 15:00 - 22/04/2022 16:00,29166
22/04/2022 16:00 - 22/04/2022 17:00,28699
22/04/2022 17:00 - 22/04/2022 18:00,28378
22/04/2022 18:00 - 22/04/2022 19:00,28037
22/04/2022 19:00 - 22/04/2022 20:00,28416
22/04/2022 20:00 - 22/04/2022 21:00,29413
22/04/2022 21:00 - 22/04/2022 22:00,30458
22/04/2022 22:00 - 22/04/2022 23:00,28494
22/04/2022 23:00 - 23/04/2022 00:00,26094
23/04/2022 00:00 - 23/04/2022 01:00,24652
23/04/2022 01:00 - 23/04/2022 02:00,23050
23/04/2022 02:00 - 23/04/2022 03:00,21820
23/04/2022 03:00 - 23/04/2022 04:00,21121
23/04/2022 04:00 - 23/04/2022 05:00,20771
23/04/2022 05:00 - 23/04/2022 06:00,20492
23/04/2022 06:00 - 23/04/2022 07:00,20855
23/04/2022 07:00 - 23/04/2022 08:00,21478
23/04/2022 08:00 - 23/04/2022 09:00,22782
23/04/2022 09:00 - 23/04/2022 10:00,24945
23/04/2022 10:00 - 23/04/2022 11:00,26257
23/04/2022 11:00 - 23/04/2022 12:00,26642
23/04/2022 12:00 - 23/04/2022 13:00,26925
23/04/2022 13:00 - 23/04/2022 14:00,27118
23/04/2022 14:00 - 23/04/2022 15:00,26752
23/04/2022 15:00 - 23/04/2022 16:00,25539
23/04/2022 16:00 - 23/04/2022 17:00,24734
23/04/2022 17:00 - 23/04/2022 18:00,24270
23/04/2022 18:00 - 23/04/2022 19:00,24231
23/04/2022 19:00 - 23/04/2022 20:00,24897
23/04/2022 20:00 - 23/04/2022 21:00,25919
23/04/2022 21:00 - 23/04/2022 22:00,27576
23/04/2022 22:00 - 23/04/2022 23:00,26157
23/04/2022 23:00 - 24/04/2022 00:00,24343
24/04/2022 00:00 - 24/04/2022 01:00,22835
24/04/2022 01:00 - 24/04/2022 02:00,21484
24/04/2022 02:00 - 24/04/2022 03:00,20162
24/04/2022 03:00 - 24/04/2022 04:00,19479
24/04/2022 04:00 - 24/04/2022 05:00,19223
24/04/2022 05:00 - 24/04/2022 06:00,19364
24/04/2022 06:00 - 24/04/2022 07:00,19639
24/04/2022 07:00 - 24/04/2022 08:00,19522
24/04/2022 08:00 - 24/04/2022 09:00,20128
24/04/2022 09:00 - 24/04/2022 10:00,21873
24/04/2022 10:00 - 24/04/2022 11:00,23261
24/04/2022 11:00 - 24/04/2022 12:00,23640
24/04/2022 12:00 - 24/04/2022 13:00,23698
24/04/2022 13:00 - 24/04/2022 14:00,23883
24/04/2022 14:00 - 24/04/2022 15:00,23709
24/04/2022 15:00 - 24/04/2022 16:00,22618
24/04/2022 16:00 - 24/04/2022 17:00,21930
24/04/2022 17:00 - 24/04/2022 18:00,21642
24/04/2022 18:00 - 24/04/2022 19:00,21859
24/04/2022 19:00 - 24/04/2022 20:00,22552
24/04/2022 20:00 - 24/04/2022 21:00,24420
24/04/2022 21:00 - 24/04/2022 22:00,26810
24/04/2022 22:00 - 24/04/2022 23:00,26051
24/04/2022 23:00 - 25/04/2022 00:00,23970
25/04/2022 00:00 - 25/04/2022 01:00,22388
25/04/2022 01:00 - 25/04/2022 02:00,21084
25/04/2022 02:00 - 25/04/2022 03:00,20298
25/04/2022 03:00 - 25/04/2022 04:00,19897
25/04/2022 04:00 - 25/04/2022 05:00,19987
25/04/2022 05:00 - 25/04/2022 06:00,20907
25/04/2022 06:00 - 25/04/2022 07:00,23580
25/04/2022 07:00 - 25/04/2022 08:00,26422
25/04/2022 08:00 - 25/04/2022 09:00,28239
25/04/2022 09:00 - 25/04/2022 10:00,28641
25/04/2022 10:00 - 25/04/2022 11:00,28805
25/04/2022 11:00 - 25/04/2022 12:00,28672
25/04/2022 12:00 - 25/04/2022 13:00,28707
25/04/2022 13:00 - 25/04/2022 14:00,28530
25/04/2022 14:00 - 25/04/2022 15:00,28139
25/04/2022 15:00 - 25/04/2022 16:00,27521
25/04/2022 16:00 - 25/04/2022 17:00,26952
25/04/2022 17:00 - 25/04/2022 18:00,26591
25/04/2022 18:00 - 25/04/2022 19:00,26254
25/04/2022 19:00 - 25/04/2022 20:00,26651
25/04/2022 20:00 - 25/04/2022 21:00,28032
25/04/2022 21:00 - 25/04/2022 22:00,29780
25/04/2022 22:00 - 25/04/2022 23:00,27972
25/04/2022 23:00 - 26/04/2022 00:00,25500
26/04/2022 00:00 - 26/04/2022 01:00,23890
26/04/2022 01:00 - 26/04/2022 02:00,22560
26/04/2022 02:00 - 26/04/2022 03:00,21774
26/04/2022 03:00 - 26/04/2022 04:00,21388
26/04/2022 04:00 - 26/04/2022 05:00,21295
26/04/2022 05:00 - 26/04/2022 06:00,21862
26/04/2022 06:00 - 26/04/2022 07:00,24446
26/04/2022 07:00 - 26/04/2022 08:00,27197
26/04/2022 08:00 - 26/04/2022 09:00,28884
26/04/2022 09:00 - 26/04/2022 10:00,29411
26/04/2022 10:00 - 26/04/2022 11:00,29305
26/04/2022 11:00 - 26/04/2022 12:00,29254
26/04/2022 12:00 - 26/04/2022 13:00,29332
26/04/2022 13:00 - 26/04/2022 14:00,29343
26/04/2022 14:00 - 26/04/2022 15:00,28935
26/04/2022 15:00 - 26/04/2022 16:00,28193
26/04/2022 16:00 - 26/04/2022 17:00,27740
26/04/2022 17:00 - 26/04/2022 18:00,27522
26/04/2022 18:00 - 26/04/2022 19:00,27284
26/04/2022 19:00 - 26/04/2022 20:00,27707
26/04/2022 20:00 - 26/04/2022 21:00,29426
26/04/2022 21:00 - 26/04/2022 22:00,30524
26/04/2022 22:00 - 26/04/2022 23:00,28313
26/04/2022 23:00 - 27/04/2022 00:00,25856
27/04/2022 00:00 - 27/04/2022 01:00,24314
27/04/2022 01:00 - 27/04/2022 02:00,22993
27/04/2022 02:00 - 27/04/2022 03:00,22228
27/04/2022 03:00 - 27/04/2022 04:00,21710
27/04/2022 04:00 - 27/04/2022 05:00,21642
27/04/2022 05:00 - 27/04/2022 06:00,22189
27/04/2022 06:00 - 27/04/2022 07:00,24431
27/04/2022 07:00 - 27/04/2022 08:00,27332
27/04/2022 08:00 - 27/04/2022 09:00,29214
27/04/2022 09:00 - 27/04/2022 10:00,29944
27/04/2022 10:00 - 27/04/2022 11:00,29973
27/04/2022 11:00 - 27/04/2022 12:00,29955
27/04/2022 12:00 - 27/04/2022 13:00,30150
27/04/2022 13:00 - 27/04/2022 14:00,30196
27/04/2022 14:00 - 27/04/2022 15:00,29815
27/04/2022 15:00 - 27/04/2022 16:00,29059
27/04/2022 16:00 - 27/04/2022 17:00,28555
27/04/2022 17:00 - 27/04/2022 18:00,28436
27/04/2022 18:00 - 27/04/2022 19:00,28126
27/04/2022 19:00 - 27/04/2022 20:00,28502
27/04/2022 20:00 - 27/04/2022 21:00,29641
27/04/2022 21:00 - 27/04/2022 22:00,30517
27/04/2022 22:00 - 27/04/2022 23:00,28370
27/04/2022 23:00 - 28/04/2022 00:00,25857
28/04/2022 00:00 - 28/04/2022 01:00,24367
28/04/2022 01:00 - 28/04/2022 02:00,22862
28/04/2022 02:00 - 28/04/2022 03:00,21990
28/04/2022 03:00 - 28/04/2022 04:00,21697
28/04/2022 04:00 - 28/04/2022 05:00,21677
28/04/2022 05:00 - 28/04/2022 06:00,22177
28/04/2022 06:00 - 28/04/2022 07:00,24535
28/04/2022 07:00 - 28/04/2022 08:00,27115
28/04/2022 08:00 - 28/04/2022 09:00,29136
28/04/2022 09:00 - 28/04/2022 10:00,29956
28/04/2022 10:00 - 28/04/2022 11:00,30198
28/04/2022 11:00 - 28/04/2022 12:00,30156
28/04/2022 12:00 - 28/04/2022 13:00,30347
28/04/2022 13:00 - 28/04/2022 14:00,30293
28/04/2022 14:00 - 28/04/2022 15:00,29583
28/04/2022 15:00 - 28/04/2022 16:00,28678
28/04/2022 16:00 - 28/04/2022 17:00,28163
28/04/2022 17:00 - 28/04/2022 18:00,27940
28/04/2022 18:00 - 28/04/2022 19:00,27772
28/04/2022 19:00 - 28/04/2022 20:00,28124
28/04/2022 20:00 - 28/04/2022 21:00,29305
28/04/2022 21:00 - 28/04/2022 22:00,30325
28/04/2022 22:00 - 28/04/2022 23:00,28358
28/04/2022 23:00 - 29/04/2022 00:00,25781
29/04/2022 00:00 - 29/04/2022 01:00,24292
29/04/2022 01:00 - 29/04/2022 02:00,22878
29/04/2022 02:00 - 29/04/2022 03:00,22005
29/04/2022 03:00 - 29/04/2022 04:00,21723
29/04/2022 04:00 - 29/04/2022 05:00,21639
29/04/2022 05:00 - 29/04/2022 06:00,22274
29/04/2022 06:00 - 29/04/2022 07:00,24471
29/04/2022 07:00 - 29/04/2022 08:00,26890
29/04/2022 08:00 - 29/04/2022 09:00,28530
29/04/2022 09:00 - 29/04/2022 10:00,29200
29/04/2022 10:00 - 29/04/2022 11:00,29195
29/04/2022 11:00 - 29/04/2022 12:00,29093
29/04/2022 12:00 - 29/04/2022 13:00,29307
29/04/2022 13:00 - 29/04/2022 14:00,29249
29/04/2022 14:00 - 29/04/2022 15:00,28694
29/04/2022 15:00 - 29/04/2022 16:00,27860
29/04/2022 16:00 - 29/04/2022 17:00,27277
29/04/2022 17:00 - 29/04/2022 18:00,27011
29/04/2022 18:00 - 29/04/2022 19:00,26947
29/04/2022 19:00 - 29/04/2022 20:00,27228
29/04/2022 20:00 - 29/04/2022 21:00,27682
29/04/2022 21:00 - 29/04/2022 22:00,28873
29/04/2022 22:00 - 29/04/2022 23:00,27164
29/04/2022 23:00 - 30/04/2022 00:00,24942
30/04/2022 00:00 - 30/04/2022 01:00,23613
30/04/2022 01:00 - 30/04/2022 02:00,22221
30/04/2022 02:00 - 30/04/2022 03:00,21154
30/04/2022 03:00 - 30/04/2022 04:00,20507
30/04/2022 04:00 - 30/04/2022 05:00,20301
30/04/2022 05:00 - 30/04/2022 06:00,20191
30/04/2022 06:00 - 30/04/2022 07:00,20526
30/04/2022 07:00 - 30/04/2022 08:00,20971
30/04/2022 08:00 - 30/04/2022 09:00,22447
30/04/2022 09:00 - 30/04/2022 10:00,24273
30/04/2022 10:00 - 30/04/2022 11:00,25317
30/04/2022 11:00 - 30/04/2022 12:00,25360
30/04/2022 12:00 - 30/04/2022 13:00,25336
30/04/2022 13:00 - 30/04/2022 14:00,25309
30/04/2022 14:00 - 30/04/2022 15:00,24764
30/04/2022 15:00 - 30/04/2022 16:00,23904
30/04/2022 16:00 - 30/04/2022 17:00,23368
30/04/2022 17:00 - 30/04/2022 18:00,22912
30/04/2022 18:00 - 30/04/2022 19:00,22932
30/04/2022 19:00 - 30/04/2022 20:00,23257
30/04/2022 20:00 - 30/04/2022 21:00,23949
30/04/2022 21:00 - 30/04/2022 22:00,25548
30/04/2022 22:00 - 30/04/2022 23:00,24575
30/04/2022 23:00 - 01/05/2022 00:00,22755
01/05/2022 00:00 - 01/05/2022 01:00,21146
01/05/2022 01:00 - 01/05/2022 02:00,19925
01/05/2022 02:00 - 01/05/2022 03:00,18964
01/05/2022 03:00 - 01/05/2022 04:00,18321
01/05/2022 04:00 - 01/05/2022 05:00,18013
01/05/2022 05:00 - 01/05/2022 06:00,17950
01/05/2022 06:00 - 01/05/2022 07:00,18003
01/05/2022 07:00 - 01/05/2022 08:00,17778
01/05/2022 08:00 - 01/05/2022 09:00,18749
01/05/2022 09:00 - 01/05/2022 10:00,20420
01/05/2022 10:00 - 01/05/2022 11:00,21684
01/05/2022 11:00 - 01/05/2022 12:00,22148
01/05/2022 12:00 - 01/05/2022 13:00,22293
01/05/2022 13:00 - 01/05/2022 14:00,22350
01/05/2022 14:00 - 01/05/2022 15:00,21943
01/05/2022 15:00 - 01/05/2022 16:00,21042
01/05/2022 16:00 - 01/05/2022 17:00,20586
01/05/2022 17:00 - 01/05/2022 18:00,20472
01/05/2022 18:00 - 01/05/2022 19:00,20845
01/05/2022 19:00 - 01/05/2022 20:00,21255
01/05/2022 20:00 - 01/05/2022 21:00,22378
01/05/2022 21:00 - 01/05/2022 22:00,24107
01/05/2022 22:00 - 01/05/2022 23:00,23523
01/05/2022 23:00 - 02/05/2022 00:00,21837
02/05/2022 00:00 - 02/05/2022 01:00,20499
02/05/2022 01:00 - 02/05/2022 02:00,19324
02/05/2022 02:00 - 02/05/2022 03:00,18605
02/05/2022 03:00 - 02/05/2022 04:00,18215
02/05/2022 04:00 - 02/05/2022 05:00,18121
02/05/2022 05:00 - 02/05/2022 06:00,18704
02/05/2022 06:00 - 02/05/2022 07:00,20774
02/05/2022 07:00 - 02/05/2022 08:00,22397
02/05/2022 08:00 - 02/05/2022 09:00,23945
02/05/2022 09:00 - 02/05/2022 10:00,25129
02/05/2022 10:00 - 02/05/2022 11:00,26195
02/05/2022 11:00 - 02/05/2022 12:00,26627
02/05/2022 12:00 - 02/05/2022 13:00,26836
02/05/2022 13:00 - 02/05/2022 14:00,27266
02/05/2022 14:00 - 02/05/2022 15:00,26976
02/05/2022 15:00 - 02/05/2022 16:00,26127
02/05/2022 16:00 - 02/05/2022 17:00,25737
02/05/2022 17:00 - 02/05/2022 18:00,25555
02/05/2022 18:00 - 02/05/2022 19:00,25338
02/05/2022 19:00 - 02/05/2022 20:00,25920
02/05/2022 20:00 - 02/05/2022 21:00,26949
02/05/2022 21:00 - 02/05/2022 22:00,28268
02/05/2022 22:00 - 02/05/2022 23:00,26497
02/05/2022 23:00 - 03/05/2022 00:00,24096
03/05/2022 00:00 - 03/05/2022 01:00,22867
03/05/2022 01:00 - 03/05/2022 02:00,21742
03/05/2022 02:00 - 03/05/2022 03:00,20943
03/05/2022 03:00 - 03/05/2022 04:00,20633
03/05/2022 04:00 - 03/05/2022 05:00,20640
03/05/2022 05:00 - 03/05/2022 06:00,21218
03/05/2022 06:00 - 03/05/2022 07:00,23674
03/05/2022 07:00 - 03/05/2022 08:00,26319
03/05/2022 08:00 - 03/05/2022 09:00,28275
03/05/2022 09:00 - 03/05/2022 10:00,29163
03/05/2022 10:00 - 03/05/2022 11:00,29083
03/05/2022 11:00 - 03/05/2022 12:00,29055
03/05/2022 12:00 - 03/05/2022 13:00,29203
03/05/2022 13:00 - 03/05/2022 14:00,29428
03/05/2022 14:00 - 03/05/2022 15:00,29374
03/05/2022 15:00 - 03/05/2022 16:00,28972
03/05/2022 16:00 - 03/05/2022 17:00,28433
03/05/2022 17:00 - 03/05/2022 18:00,28193
03/05/2022 18:00 - 03/05/2022 19:00,27983
03/05/2022 19:00 - 03/05/2022 20:00,28128
03/05/2022 20:00 - 03/05/2022 21:00,29061
03/05/2022 21:00 - 03/05/2022 22:00,30117
03/05/2022 22:00 - 03/05/2022 23:00,28049
03/05/2022 23:00 - 04/05/2022 00:00,25512
04/05/2022 00:00 - 04/05/2022 01:00,24071
04/05/2022 01:00 - 04/05/2022 02:00,22816
04/05/2022 02:00 - 04/05/2022 03:00,21785
04/05/2022 03:00 - 04/05/2022 04:00,21406
04/05/2022 04:00 - 04/05/2022 05:00,21332
04/05/2022 05:00 - 04/05/2022 06:00,21830
04/05/2022 06:00 - 04/05/2022 07:00,24287
04/05/2022 07:00 - 04/05/2022 08:00,26935
04/05/2022 08:00 - 04/05/2022 09:00,28820
04/05/2022 09:00 - 04/05/2022 10:00,29472
04/05/2022 10:00 - 04/05/2022 11:00,29612
04/05/2022 11:00 - 04/05/2022 12:00,29729
04/05/2022 12:00 - 04/05/2022 13:00,29995
04/05/2022 13:00 - 04/05/2022 14:00,30044
04/05/2022 14:00 - 04/05/2022 15:00,29487
04/05/2022 15:00 - 04/05/2022 16:00,28710
04/05/2022 16:00 - 04/05/2022 17:00,28129
04/05/2022 17:00 - 04/05/2022 18:00,27674
04/05/2022 18:00 - 04/05/2022 19:00,27454
04/05/2022 19:00 - 04/05/2022 20:00,27997
04/05/2022 20:00 - 04/05/2022 21:00,29151
04/05/2022 21:00 - 04/05/2022 22:00,29955
04/05/2022 22:00 - 04/05/2022 23:00,27955
04/05/2022 23:00 - 05/05/2022 00:00,25511
05/05/2022 00:00 - 05/05/2022 01:00,24133
05/05/2022 01:00 - 05/05/2022 02:00,22764
05/05/2022 02:00 - 05/05/2022 03:00,21828
05/05/2022 03:00 - 05/05/2022 04:00,21217
05/05/2022 04:00 - 05/05/2022 05:00,21254
05/05/2022 05:00 - 05/05/2022 06:00,21807
05/05/2022 06:00 - 05/05/2022 07:00,24176
05/05/2022 07:00 - 05/05/2022 08:00,26802
05/05/2022 08:00 - 05/05/2022 09:00,28547
05/05/2022 09:00 - 05/05/2022 10:00,29167
05/05/2022 10:00 - 05/05/2022 11:00,29143
05/05/2022 11:00 - 05/05/2022 12:00,29272
05/05/2022 12:00 - 05/05/2022 13:00,29253
05/05/2022 13:00 - 05/05/2022 14:00,29321
05/05/2022 14:00 - 05/05/2022 15:00,28908
05/05/2022 15:00 - 05/05/2022 16:00,28191
05/05/2022 16:00 - 05/05/2022 17:00,27650
05/05/2022 17:00 - 05/05/2022 18:00,27264
05/05/2022 18:00 - 05/05/2022 19:00,27059
05/05/2022 19:00 - 05/05/2022 20:00,27309
05/05/2022 20:00 - 05/05/2022 21:00,28248
05/05/2022 21:00 - 05/05/2022 22:00,29770
05/05/2022 22:00 - 05/05/2022 23:00,28025
05/05/2022 23:00 - 06/05/2022 00:00,25568
06/05/2022 00:00 - 06/05/2022 01:00,24011
06/05/2022 01:00 - 06/05/2022 02:00,22715
06/05/2022 02:00 - 06/05/2022 03:00,21779
06/05/2022 03:00 - 06/05/2022 04:00,21324
06/05/2022 04:00 - 06/05/2022 05:00,21162
06/05/2022 05:00 - 06/05/2022 06:00,21666
06/05/2022 06:00 - 06/05/2022 07:00,23881
06/05/2022 07:00 - 06/05/2022 08:00,26042
06/05/2022 08:00 - 06/05/2022 09:00,27823
06/05/2022 09:00 - 06/05/2022 10:00,28352
06/05/2022 10:00 - 06/05/2022 11:00,28499
06/05/2022 11:00 - 06/05/2022 12:00,28701
06/05/2022 12:00 - 06/05/2022 13:00,28945
06/05/2022 13:00 - 06/05/2022 14:00,28874
06/05/2022 14:00 - 06/05/2022 15:00,28320
06/05/2022 15:00 - 06/05/2022 16:00,27381
06/05/2022 16:00 - 06/05/2022 17:00,26990
06/05/2022 17:00 - 06/05/2022 18:00,26719
06/05/2022 18:00 - 06/05/2022 19:00,26424
06/05/2022 19:00 - 06/05/2022 20:00,26507
06/05/2022 20:00 - 06/05/2022 21:00,26992
06/05/2022 21:00 - 06/05/2022 22:00,28121
06/05/2022 22:00 - 06/05/2022 23:00,26857
06/05/2022 23:00 - 07/05/2022 00:00,24717
07/05/2022 00:00 - 07/05/2022 01:00,23320
07/05/2022 01:00 - 07/05/2022 02:00,21980
07/05/2022 02:00 - 07/05/2022 03:00,21001
07/05/2022 03:00 - 07/05/2022 04:00,20381
07/05/2022 04:00 - 07/05/2022 05:00,20019
07/05/2022 05:00 - 07/05/2022 06:00,19947
07/05/2022 06:00 - 07/05/2022 07:00,20482
07/05/2022 07:00 - 07/05/2022 08:00,20902
07/05/2022 08:00 - 07/05/2022 09:00,22588
07/05/2022 09:00 - 07/05/2022 10:00,24383
07/05/2022 10:00 - 07/05/2022 11:00,25472
07/05/2022 11:00 - 07/05/2022 12:00,25537
07/05/2022 12:00 - 07/05/2022 13:00,25589
07/05/2022 13:00 - 07/05/2022 14:00,25759
07/05/2022 14:00 - 07/05/2022 15:00,25335
07/05/2022 15:00 - 07/05/2022 16:00,24073
07/05/2022 16:00 - 07/05/2022 17:00,23300
07/05/2022 17:00 - 07/05/2022 18:00,23113
07/05/2022 18:00 - 07/05/2022 19:00,23185
07/05/2022 19:00 - 07/05/2022 20:00,23471
07/05/2022 20:00 - 07/05/2022 21:00,24133
07/05/2022 21:00 - 07/05/2022 22:00,25627
07/05/2022 22:00 - 07/05/2022 23:00,24782
07/05/2022 23:00 - 08/05/2022 00:00,22950
08/05/2022 00:00 - 08/05/2022 01:00,21312
08/05/2022 01:00 - 08/05/2022 02:00,20030
08/05/2022 02:00 - 08/05/2022 03:00,19095
08/05/2022 03:00 - 08/05/2022 04:00,18572
08/05/2022 04:00 - 08/05/2022 05:00,18261
08/05/2022 05:00 - 08/05/2022 06:00,18315
08/05/2022 06:00 - 08/05/2022 07:00,18577
08/05/2022 07:00 - 08/05/2022 08:00,18418
08/05/2022 08:00 - 08/05/2022 09:00,19342
08/05/2022 09:00 - 08/05/2022 10:00,21069
08/05/2022 10:00 - 08/05/2022 11:00,22276
08/05/2022 11:00 - 08/05/2022 12:00,22851
08/05/2022 12:00 - 08/05/2022 13:00,23079
08/05/2022 13:00 - 08/05/2022 14:00,23516
08/05/2022 14:00 - 08/05/2022 15:00,23493
08/05/2022 15:00 - 08/05/2022 16:00,22294
08/05/2022 16:00 - 08/05/2022 17:00,21605
08/05/2022 17:00 - 08/05/2022 18:00,21638
08/05/2022 18:00 - 08/05/2022 19:00,21933
08/05/2022 19:00 - 08/05/2022 20:00,22556
08/05/2022 20:00 - 08/05/2022 21:00,23479
08/05/2022 21:00 - 08/05/2022 22:00,25404
08/05/2022 22:00 - 08/05/2022 23:00,25065
08/05/2022 23:00 - 09/05/2022 00:00,23070
09/05/2022 00:00 - 09/05/2022 01:00,21470
09/05/2022 01:00 - 09/05/2022 02:00,20372
09/05/2022 02:00 - 09/05/2022 03:00,19700
09/05/2022 03:00 - 09/05/2022 04:00,19425
09/05/2022 04:00 - 09/05/2022 05:00,19562
09/05/2022 05:00 - 09/05/2022 06:00,20336
09/05/2022 06:00 - 09/05/2022 07:00,23138
09/05/2022 07:00 - 09/05/2022 08:00,25647
09/05/2022 08:00 - 09/05/2022 09:00,27566
09/05/2022 09:00 - 09/05/2022 10:00,27998
09/05/2022 10:00 - 09/05/2022 11:00,28260
09/05/2022 11:00 - 09/05/2022 12:00,28368
09/05/2022 12:00 - 09/05/2022 13:00,28847
09/05/2022 13:00 - 09/05/2022 14:00,29049
09/05/2022 14:00 - 09/05/2022 15:00,28695
09/05/2022 15:00 - 09/05/2022 16:00,28031
09/05/2022 16:00 - 09/05/2022 17:00,27725
09/05/2022 17:00 - 09/05/2022 18:00,27602
09/05/2022 18:00 - 09/05/2022 19:00,27406
09/05/2022 19:00 - 09/05/2022 20:00,27791
09/05/2022 20:00 - 09/05/2022 21:00,28299
09/05/2022 21:00 - 09/05/2022 22:00,29399
09/05/2022 22:00 - 09/05/2022 23:00,27724
09/05/2022 23:00 - 10/05/2022 00:00,25236
10/05/2022 00:00 - 10/05/2022 01:00,23969
10/05/2022 01:00 - 10/05/2022 02:00,22574
10/05/2022 02:00 - 10/05/2022 03:00,21673
10/05/2022 03:00 - 10/05/2022 04:00,21349
10/05/2022 04:00 - 10/05/2022 05:00,21204
10/05/2022 05:00 - 10/05/2022 06:00,21751
10/05/2022 06:00 - 10/05/2022 07:00,24045
10/05/2022 07:00 - 10/05/2022 08:00,26364
10/05/2022 08:00 - 10/05/2022 09:00,28057
10/05/2022 09:00 - 10/05/2022 10:00,28665
10/05/2022 10:00 - 10/05/2022 11:00,29033
10/05/2022 11:00 - 10/05/2022 12:00,29465
10/05/2022 12:00 - 10/05/2022 13:00,29566
10/05/2022 13:00 - 10/05/2022 14:00,29708
10/05/2022 14:00 - 10/05/2022 15:00,29175
10/05/2022 15:00 - 10/05/2022 16:00,28484
10/05/2022 16:00 - 10/05/2022 17:00,28041
10/05/2022 17:00 - 10/05/2022 18:00,28174
10/05/2022 18:00 - 10/05/2022 19:00,27860
10/05/2022 19:00 - 10/05/2022 20:00,28303
10/05/2022 20:00 - 10/05/2022 21:00,28831
10/05/2022 21:00 - 10/05/2022 22:00,29699
10/05/2022 22:00 - 10/05/2022 23:00,28203
10/05/2022 23:00 - 11/05/2022 00:00,25605
11/05/2022 00:00 - 11/05/2022 01:00,24356
11/05/2022 01:00 - 11/05/2022 02:00,22889
11/05/2022 02:00 - 11/05/2022 03:00,22072
11/05/2022 03:00 - 11/05/2022 04:00,21694
11/05/2022 04:00 - 11/05/2022 05:00,21598
11/05/2022 05:00 - 11/05/2022 06:00,22053
11/05/2022 06:00 - 11/05/2022 07:00,24192
11/05/2022 07:00 - 11/05/2022 08:00,26566
11/05/2022 08:00 - 11/05/2022 09:00,27532
11/05/2022 09:00 - 11/05/2022 10:00,27598
11/05/2022 10:00 - 11/05/2022 11:00,27721
11/05/2022 11:00 - 11/05/2022 12:00,28183
11/05/2022 12:00 - 11/05/2022 13:00,29578
11/05/2022 13:00 - 11/05/2022 14:00,29864
11/05/2022 14:00 - 11/05/2022 15:00,29457
11/05/2022 15:00 - 11/05/2022 16:00,28680
11/05/2022 16:00 - 11/05/2022 17:00,28379
11/05/2022 17:00 - 11/05/2022 18:00,28261
11/05/2022 18:00 - 11/05/2022 19:00,28002
11/05/2022 19:00 - 11/05/2022 20:00,28194
11/05/2022 20:00 - 11/05/2022 21:00,28851
11/05/2022 21:00 - 11/05/2022 22:00,29738
11/05/2022 22:00 - 11/05/2022 23:00,27944
11/05/2022 23:00 - 12/05/2022 00:00,25449
12/05/2022 00:00 - 12/05/2022 01:00,24197
12/05/2022 01:00 - 12/05/2022 02:00,22956
12/05/2022 02:00 - 12/05/2022 03:00,22234
12/05/2022 03:00 - 12/05/2022 04:00,21906
12/05/2022 04:00 - 12/05/2022 05:00,21857
12/05/2022 05:00 - 12/05/2022 06:00,22343
12/05/2022 06:00 - 12/05/2022 07:00,24406
12/05/2022 07:00 - 12/05/2022 08:00,26656
12/05/2022 08:00 - 12/05/2022 09:00,28074
12/05/2022 09:00 - 12/05/2022 10:00,28436
12/05/2022 10:00 - 12/05/2022 11:00,28621
12/05/2022 11:00 - 12/05/2022 12:00,28848
12/05/2022 12:00 - 12/05/2022 13:00,29361
12/05/2022 13:00 - 12/05/2022 14:00,29621
12/05/2022 14:00 - 12/05/2022 15:00,29381
12/05/2022 15:00 - 12/05/2022 16:00,28667
12/05/2022 16:00 - 12/05/2022 17:00,28565
12/05/2022 17:00 - 12/05/2022 18:00,28516
12/05/2022 18:00 - 12/05/2022 19:00,28132
12/05/2022 19:00 - 12/05/2022 20:00,28360
12/05/2022 20:00 - 12/05/2022 21:00,28850
12/05/2022 21:00 - 12/05/2022 22:00,29668
12/05/2022 22:00 - 12/05/2022 23:00,28121
12/05/2022 23:00 - 13/05/2022 00:00,25861
13/05/2022 00:00 - 13/05/2022 01:00,24520
13/05/2022 01:00 - 13/05/2022 02:00,23316
13/05/2022 02:00 - 13/05/2022 03:00,22496
13/05/2022 03:00 - 13/05/2022 04:00,22181
13/05/2022 04:00 - 13/05/2022 05:00,22045
13/05/2022 05:00 - 13/05/2022 06:00,22405
13/05/2022 06:00 - 13/05/2022 07:00,24392
13/05/2022 07:00 - 13/05/2022 08:00,26595
13/05/2022 08:00 - 13/05/2022 09:00,28121
13/05/2022 09:00 - 13/05/2022 10:00,28622
13/05/2022 10:00 - 13/05/2022 11:00,29001
13/05/2022 11:00 - 13/05/2022 12:00,29398
13/05/2022 12:00 - 13/05/2022 13:00,29753
13/05/2022 13:00 - 13/05/2022 14:00,29947
13/05/2022 14:00 - 13/05/2022 15:00,29471
13/05/2022 15:00 - 13/05/2022 16:00,28652
13/05/2022 16:00 - 13/05/2022 17:00,28270
13/05/2022 17:00 - 13/05/2022 18:00,28293
13/05/2022 18:00 - 13/05/2022 19:00,27993
13/05/2022 19:00 - 13/05/2022 20:00,28156
13/05/2022 20:00 - 13/05/2022 21:00,28338
13/05/2022 21:00 - 13/05/2022 22:00,28931
13/05/2022 22:00 - 13/05/2022 23:00,27587
13/05/2022 23:00 - 14/05/2022 00:00,25652
14/05/2022 00:00 - 14/05/2022 01:00,24509
14/05/2022 01:00 - 14/05/2022 02:00,23339
14/05/2022 02:00 - 14/05/2022 03:00,22220
14/05/2022 03:00 - 14/05/2022 04:00,21610
14/05/2022 04:00 - 14/05/2022 05:00,21195
14/05/2022 05:00 - 14/05/2022 06:00,20987
14/05/2022 06:00 - 14/05/2022 07:00,21243
14/05/2022 07:00 - 14/05/2022 08:00,21486
14/05/2022 08:00 - 14/05/2022 09:00,22739
14/05/2022 09:00 - 14/05/2022 10:00,24746
14/05/2022 10:00 - 14/05/2022 11:00,25562
14/05/2022 11:00 - 14/05/2022 12:00,25976
14/05/2022 12:00 - 14/05/2022 13:00,25768
14/05/2022 13:00 - 14/05/2022 14:00,25953
14/05/2022 14:00 - 14/05/2022 15:00,25488
14/05/2022 15:00 - 14/05/2022 16:00,24805
14/05/2022 16:00 - 14/05/2022 17:00,24383
14/05/2022 17:00 - 14/05/2022 18:00,24073
14/05/2022 18:00 - 14/05/2022 19:00,24298
14/05/2022 19:00 - 14/05/2022 20:00,24449
14/05/2022 20:00 - 14/05/2022 21:00,24867
14/05/2022 21:00 - 14/05/2022 22:00,26168
14/05/2022 22:00 - 14/05/2022 23:00,25409
14/05/2022 23:00 - 15/05/2022 00:00,23709
15/05/2022 00:00 - 15/05/2022 01:00,22099
15/05/2022 01:00 - 15/05/2022 02:00,21044
15/05/2022 02:00 - 15/05/2022 03:00,20064
15/05/2022 03:00 - 15/05/2022 04:00,19523
15/05/2022 04:00 - 15/05/2022 05:00,19121
15/05/2022 05:00 - 15/05/2022 06:00,19143
15/05/2022 06:00 - 15/05/2022 07:00,19331
15/05/2022 07:00 - 15/05/2022 08:00,19214
15/05/2022 08:00 - 15/05/2022 09:00,20005
15/05/2022 09:00 - 15/05/2022 10:00,21541
15/05/2022 10:00 - 15/05/2022 11:00,22644
15/05/2022 11:00 - 15/05/2022 12:00,23203
15/05/2022 12:00 - 15/05/2022 13:00,23467
15/05/2022 13:00 - 15/05/2022 14:00,23933
15/05/2022 14:00 - 15/05/2022 15:00,23830
15/05/2022 15:00 - 15/05/2022 16:00,22725
15/05/2022 16:00 - 15/05/2022 17:00,22050
15/05/2022 17:00 - 15/05/2022 18:00,22055
15/05/2022 18:00 - 15/05/2022 19:00,22558
15/05/2022 19:00 - 15/05/2022 20:00,23210
15/05/2022 20:00 - 15/05/2022 21:00,24228
15/05/2022 21:00 - 15/05/2022 22:00,25544
15/05/2022 22:00 - 15/05/2022 23:00,25473
15/05/2022 23:00 - 16/05/2022 00:00,23694
16/05/2022 00:00 - 16/05/2022 01:00,22202
16/05/2022 01:00 - 16/05/2022 02:00,21147
16/05/2022 02:00 - 16/05/2022 03:00,20401
16/05/2022 03:00 - 16/05/2022 04:00,20042
16/05/2022 04:00 - 16/05/2022 05:00,20099
16/05/2022 05:00 - 16/05/2022 06:00,20674
16/05/2022 06:00 - 16/05/2022 07:00,22787
16/05/2022 07:00 - 16/05/2022 08:00,25007
16/05/2022 08:00 - 16/05/2022 09:00,26636
16/05/2022 09:00 - 16/05/2022 10:00,27497
16/05/2022 10:00 - 16/05/2022 11:00,28068
16/05/2022 11:00 - 16/05/2022 12:00,28663
16/05/2022 12:00 - 16/05/2022 13:00,28981
16/05/2022 13:00 - 16/05/2022 14:00,29328
16/05/2022 14:00 - 16/05/2022 15:00,28915
16/05/2022 15:00 - 16/05/2022 16:00,28240
16/05/2022 16:00 - 16/05/2022 17:00,27939
16/05/2022 17:00 - 16/05/2022 18:00,27967
16/05/2022 18:00 - 16/05/2022 19:00,27757
16/05/2022 19:00 - 16/05/2022 20:00,28142
16/05/2022 20:00 - 16/05/2022 21:00,28507
16/05/2022 21:00 - 16/05/2022 22:00,29253
16/05/2022 22:00 - 16/05/2022 23:00,27960
16/05/2022 23:00 - 17/05/2022 00:00,25557
17/05/2022 00:00 - 17/05/2022 01:00,24337
17/05/2022 01:00 - 17/05/2022 02:00,23187
17/05/2022 02:00 - 17/05/2022 03:00,22268
17/05/2022 03:00 - 17/05/2022 04:00,21893
17/05/2022 04:00 - 17/05/2022 05:00,21790
17/05/2022 05:00 - 17/05/2022 06:00,22264
17/05/2022 06:00 - 17/05/2022 07:00,24411
17/05/2022 07:00 - 17/05/2022 08:00,26543
17/05/2022 08:00 - 17/05/2022 09:00,27923
17/05/2022 09:00 - 17/05/2022 10:00,28787
17/05/2022 10:00 - 17/05/2022 11:00,29191
17/05/2022 11:00 - 17/05/2022 12:00,29583
17/05/2022 12:00 - 17/05/2022 13:00,30141
17/05/2022 13:00 - 17/05/2022 14:00,30300
17/05/2022 14:00 - 17/05/2022 15:00,29648
17/05/2022 15:00 - 17/05/2022 16:00,29064
17/05/2022 16:00 - 17/05/2022 17:00,28830
17/05/2022 17:00 - 17/05/2022 18:00,28855
17/05/2022 18:00 - 17/05/2022 19:00,28637
17/05/2022 19:00 - 17/05/2022 20:00,28771
17/05/2022 20:00 - 17/05/2022 21:00,29032
17/05/2022 21:00 - 17/05/2022 22:00,29663
17/05/2022 22:00 - 17/05/2022 23:00,28355
17/05/2022 23:00 - 18/05/2022 00:00,25757
18/05/2022 00:00 - 18/05/2022 01:00,24696
18/05/2022 01:00 - 18/05/2022 02:00,23660
18/05/2022 02:00 - 18/05/2022 03:00,22717
18/05/2022 03:00 - 18/05/2022 04:00,22418
18/05/2022 04:00 - 18/05/2022 05:00,22282
18/05/2022 05:00 - 18/05/2022 06:00,22703
18/05/2022 06:00 - 18/05/2022 07:00,24502
18/05/2022 07:00 - 18/05/2022 08:00,26694
18/05/2022 08:00 - 18/05/2022 09:00,28477
18/05/2022 09:00 - 18/05/2022 10:00,29080
18/05/2022 10:00 - 18/05/2022 11:00,29752
18/05/2022 11:00 - 18/05/2022 12:00,30450
18/05/2022 12:00 - 18/05/2022 13:00,30979
18/05/2022 13:00 - 18/05/2022 14:00,31283
18/05/2022 14:00 - 18/05/2022 15:00,30960
18/05/2022 15:00 - 18/05/2022 16:00,30457
18/05/2022 16:00 - 18/05/2022 17:00,30217
18/05/2022 17:00 - 18/05/2022 18:00,30073
18/05/2022 18:00 - 18/05/2022 19:00,29529
18/05/2022 19:00 - 18/05/2022 20:00,29453
18/05/2022 20:00 - 18/05/2022 21:00,29594
18/05/2022 21:00 - 18/05/2022 22:00,30044
18/05/2022 22:00 - 18/05/2022 23:00,28490
18/05/2022 23:00 - 19/05/2022 00:00,26078
19/05/2022 00:00 - 19/05/2022 01:00,25072
19/05/2022 01:00 - 19/05/2022 02:00,23616
19/05/2022 02:00 - 19/05/2022 03:00,22978
19/05/2022 03:00 - 19/05/2022 04:00,22695
19/05/2022 04:00 - 19/05/2022 05:00,22656
19/05/2022 05:00 - 19/05/2022 06:00,23023
19/05/2022 06:00 - 19/05/2022 07:00,24852
19/05/2022 07:00 - 19/05/2022 08:00,26988
19/05/2022 08:00 - 19/05/2022 09:00,28707
19/05/2022 09:00 - 19/05/2022 10:00,29613
19/05/2022 10:00 - 19/05/2022 11:00,30196
19/05/2022 11:00 - 19/05/2022 12:00,30759
19/05/2022 12:00 - 19/05/2022 13:00,31464
19/05/2022 13:00 - 19/05/2022 14:00,31756
19/05/2022 14:00 - 19/05/2022 15:00,31426
19/05/2022 15:00 - 19/05/2022 16:00,30859
19/05/2022 16:00 - 19/05/2022 17:00,30736
19/05/2022 17:00 - 19/05/2022 18:00,30632
19/05/2022 18:00 - 19/05/2022 19:00,30056
19/05/2022 19:00 - 19/05/2022 20:00,30063
19/05/2022 20:00 - 19/05/2022 21:00,30220
19/05/2022 21:00 - 19/05/2022 22:00,30572
19/05/2022 22:00 - 19/05/2022 23:00,29123
19/05/2022 23:00 - 20/05/2022 00:00,26829
20/05/2022 00:00 - 20/05/2022 01:00,25618
20/05/2022 01:00 - 20/05/2022 02:00,24221
20/05/2022 02:00 - 20/05/2022 03:00,23292
20/05/2022 03:00 - 20/05/2022 04:00,22938
20/05/2022 04:00 - 20/05/2022 05:00,22781
20/05/2022 05:00 - 20/05/2022 06:00,23166
20/05/2022 06:00 - 20/05/2022 07:00,24995
20/05/2022 07:00 - 20/05/2022 08:00,27040
20/05/2022 08:00 - 20/05/2022 09:00,28664
20/05/2022 09:00 - 20/05/2022 10:00,29611
20/05/2022 10:00 - 20/05/2022 11:00,30167
20/05/2022 11:00 - 20/05/2022 12:00,30823
20/05/2022 12:00 - 20/05/2022 13:00,31520
20/05/2022 13:00 - 20/05/2022 14:00,31840
20/05/2022 14:00 - 20/05/2022 15:00,31469
20/05/2022 15:00 - 20/05/2022 16:00,30737
20/05/2022 16:00 - 20/05/2022 17:00,30480
20/05/2022 17:00 - 20/05/2022 18:00,30282
20/05/2022 18:00 - 20/05/2022 19:00,29932
20/05/2022 19:00 - 20/05/2022 20:00,29659
20/05/2022 20:00 - 20/05/2022 21:00,29446
20/05/2022 21:00 - 20/05/2022 22:00,29739
20/05/2022 22:00 - 20/05/2022 23:00,28537
20/05/2022 23:00 - 21/05/2022 00:00,26259
21/05/2022 00:00 - 21/05/2022 01:00,25414
21/05/2022 01:00 - 21/05/2022 02:00,24087
21/05/2022 02:00 - 21/05/2022 03:00,22963
21/05/2022 03:00 - 21/05/2022 04:00,22287
21/05/2022 04:00 - 21/05/2022 05:00,21912
21/05/2022 05:00 - 21/05/2022 06:00,21679
21/05/2022 06:00 - 21/05/2022 07:00,21716
21/05/2022 07:00 - 21/05/2022 08:00,22182
21/05/2022 08:00 - 21/05/2022 09:00,23719
21/05/2022 09:00 - 21/05/2022 10:00,25577
21/05/2022 10:00 - 21/05/2022 11:00,26997
21/05/2022 11:00 - 21/05/2022 12:00,27487
21/05/2022 12:00 - 21/05/2022 13:00,27905
21/05/2022 13:00 - 21/05/2022 14:00,28260
21/05/2022 14:00 - 21/05/2022 15:00,27874
21/05/2022 15:00 - 21/05/2022 16:00,27016
21/05/2022 16:00 - 21/05/2022 17:00,26486
21/05/2022 17:00 - 21/05/2022 18:00,26204
21/05/2022 18:00 - 21/05/2022 19:00,26290
21/05/2022 19:00 - 21/05/2022 20:00,26361
21/05/2022 20:00 - 21/05/2022 21:00,26580
21/05/2022 21:00 - 21/05/2022 22:00,27326
21/05/2022 22:00 - 21/05/2022 23:00,26537
21/05/2022 23:00 - 22/05/2022 00:00,24667
22/05/2022 00:00 - 22/05/2022 01:00,23111
22/05/2022 01:00 - 22/05/2022 02:00,21737
22/05/2022 02:00 - 22/05/2022 03:00,20753
22/05/2022 03:00 - 22/05/2022 04:00,20216
22/05/2022 04:00 - 22/05/2022 05:00,19916
22/05/2022 05:00 - 22/05/2022 06:00,19795
22/05/2022 06:00 - 22/05/2022 07:00,19834
22/05/2022 07:00 - 22/05/2022 08:00,19827
22/05/2022 08:00 - 22/05/2022 09:00,20853
22/05/2022 09:00 - 22/05/2022 10:00,22435
22/05/2022 10:00 - 22/05/2022 11:00,23750
22/05/2022 11:00 - 22/05/2022 12:00,24227
22/05/2022 12:00 - 22/05/2022 13:00,24663
22/05/2022 13:00 - 22/05/2022 14:00,25301
22/05/2022 14:00 - 22/05/2022 15:00,25308
22/05/2022 15:00 - 22/05/2022 16:00,24273
22/05/2022 16:00 - 22/05/2022 17:00,23425
22/05/2022 17:00 - 22/05/2022 18:00,23446
22/05/2022 18:00 - 22/05/2022 19:00,23840
22/05/2022 19:00 - 22/05/2022 20:00,24094
22/05/2022 20:00 - 22/05/2022 21:00,24932
22/05/2022 21:00 - 22/05/2022 22:00,26065
22/05/2022 22:00 - 22/05/2022 23:00,26108
22/05/2022 23:00 - 23/05/2022 00:00,24355
23/05/2022 00:00 - 23/05/2022 01:00,23032
23/05/2022 01:00 - 23/05/2022 02:00,21647
23/05/2022 02:00 - 23/05/2022 03:00,20962
23/05/2022 03:00 - 23/05/2022 04:00,20684
23/05/2022 04:00 - 23/05/2022 05:00,20732
23/05/2022 05:00 - 23/05/2022 06:00,21251
23/05/2022 06:00 - 23/05/2022 07:00,23521
23/05/2022 07:00 - 23/05/2022 08:00,25917
23/05/2022 08:00 - 23/05/2022 09:00,27832
23/05/2022 09:00 - 23/05/2022 10:00,28854
23/05/2022 10:00 - 23/05/2022 11:00,29485
23/05/2022 11:00 - 23/05/2022 12:00,29856
23/05/2022 12:00 - 23/05/2022 13:00,30492
23/05/2022 13:00 - 23/05/2022 14:00,30898
23/05/2022 14:00 - 23/05/2022 15:00,30433
23/05/2022 15:00 - 23/05/2022 16:00,29809
23/05/2022 16:00 - 23/05/2022 17:00,29758
23/05/2022 17:00 - 23/05/2022 18:00,29923
23/05/2022 18:00 - 23/05/2022 19:00,29492
23/05/2022 19:00 - 23/05/2022 20:00,29175
23/05/2022 20:00 - 23/05/2022 21:00,29192
23/05/2022 21:00 - 23/05/2022 22:00,29524
23/05/2022 22:00 - 23/05/2022 23:00,28279
23/05/2022 23:00 - 24/05/2022 00:00,25787
24/05/2022 00:00 - 24/05/2022 01:00,24749.2
24/05/2022 01:00 - 24/05/2022 02:00,23446
24/05/2022 02:00 - 24/05/2022 03:00,22771.2
24/05/2022 03:00 - 24/05/2022 04:00,22519.2
24/05/2022 04:00 - 24/05/2022 05:00,22402
24/05/2022 05:00 - 24/05/2022 06:00,22591.2
24/05/2022 06:00 - 24/05/2022 07:00,24551.2
24/05/2022 07:00 - 24/05/2022 08:00,26864
24/05/2022 08:00 - 24/05/2022 09:00,28346
24/05/2022 09:00 - 24/05/2022 10:00,29206
24/05/2022 10:00 - 24/05/2022 11:00,29497
24/05/2022 11:00 - 24/05/2022 12:00,29872
24/05/2022 12:00 - 24/05/2022 13:00,30483
24/05/2022 13:00 - 24/05/2022 14:00,30440
24/05/2022 14:00 - 24/05/2022 15:00,29883
24/05/2022 15:00 - 24/05/2022 16:00,29188
24/05/2022 16:00 - 24/05/2022 17:00,29040
24/05/2022 17:00 - 24/05/2022 18:00,28718
24/05/2022 18:00 - 24/05/2022 19:00,28341
24/05/2022 19:00 - 24/05/2022 20:00,28216
24/05/2022 20:00 - 24/05/2022 21:00,28512
24/05/2022 21:00 - 24/05/2022 22:00,28640
24/05/2022 22:00 - 24/05/2022 23:00,27594
24/05/2022 23:00 - 25/05/2022 00:00,25237
25/05/2022 00:00 - 25/05/2022 01:00,24168
25/05/2022 01:00 - 25/05/2022 02:00,23110
25/05/2022 02:00 - 25/05/2022 03:00,22295
25/05/2022 03:00 - 25/05/2022 04:00,21861
25/05/2022 04:00 - 25/05/2022 05:00,21737
25/05/2022 05:00 - 25/05/2022 06:00,22145
25/05/2022 06:00 - 25/05/2022 07:00,24122
25/05/2022 07:00 - 25/05/2022 08:00,26431
25/05/2022 08:00 - 25/05/2022 09:00,27715
25/05/2022 09:00 - 25/05/2022 10:00,28157
25/05/2022 10:00 - 25/05/2022 11:00,28479
25/05/2022 11:00 - 25/05/2022 12:00,28886
25/05/2022 12:00 - 25/05/2022 13:00,29210
25/05/2022 13:00 - 25/05/2022 14:00,29342
25/05/2022 14:00 - 25/05/2022 15:00,28684
25/05/2022 15:00 - 25/05/2022 16:00,27755
25/05/2022 16:00 - 25/05/2022 17:00,27464
25/05/2022 17:00 - 25/05/2022 18:00,27377
25/05/2022 18:00 - 25/05/2022 19:00,27217
25/05/2022 19:00 - 25/05/2022 20:00,27433
25/05/2022 20:00 - 25/05/2022 21:00,28002
25/05/2022 21:00 - 25/05/2022 22:00,28842
25/05/2022 22:00 - 25/05/2022 23:00,27841
25/05/2022 23:00 - 26/05/2022 00:00,25640
26/05/2022 00:00 - 26/05/2022 01:00,24279
26/05/2022 01:00 - 26/05/2022 02:00,23070
26/05/2022 02:00 - 26/05/2022 03:00,22234
26/05/2022 03:00 - 26/05/2022 04:00,21765
26/05/2022 04:00 - 26/05/2022 05:00,21604
26/05/2022 05:00 - 26/05/2022 06:00,22092
26/05/2022 06:00 - 26/05/2022 07:00,23947
26/05/2022 07:00 - 26/05/2022 08:00,26074
26/05/2022 08:00 - 26/05/2022 09:00,27729
26/05/2022 09:00 - 26/05/2022 10:00,28292
26/05/2022 10:00 - 26/05/2022 11:00,28664
26/05/2022 11:00 - 26/05/2022 12:00,28957
26/05/2022 12:00 - 26/05/2022 13:00,29508
26/05/2022 13:00 - 26/05/2022 14:00,29569
26/05/2022 14:00 - 26/05/2022 15:00,29078
26/05/2022 15:00 - 26/05/2022 16:00,28465
26/05/2022 16:00 - 26/05/2022 17:00,28261
26/05/2022 17:00 - 26/05/2022 18:00,28311
26/05/2022 18:00 - 26/05/2022 19:00,28119
26/05/2022 19:00 - 26/05/2022 20:00,28259
26/05/2022 20:00 - 26/05/2022 21:00,28447
26/05/2022 21:00 - 26/05/2022 22:00,28735
26/05/2022 22:00 - 26/05/2022 23:00,27826
26/05/2022 23:00 - 27/05/2022 00:00,25676
27/05/2022 00:00 - 27/05/2022 01:00,24739
27/05/2022 01:00 - 27/05/2022 02:00,23365
27/05/2022 02:00 - 27/05/2022 03:00,22417
27/05/2022 03:00 - 27/05/2022 04:00,22106
27/05/2022 04:00 - 27/05/2022 05:00,21971
27/05/2022 05:00 - 27/05/2022 06:00,22226
27/05/2022 06:00 - 27/05/2022 07:00,24099
27/05/2022 07:00 - 27/05/2022 08:00,26207
27/05/2022 08:00 - 27/05/2022 09:00,27604
27/05/2022 09:00 - 27/05/2022 10:00,28495
27/05/2022 10:00 - 27/05/2022 11:00,29002
27/05/2022 11:00 - 27/05/2022 12:00,29490
27/05/2022 12:00 - 27/05/2022 13:00,30026
27/05/2022 13:00 - 27/05/2022 14:00,30208
27/05/2022 14:00 - 27/05/2022 15:00,29843
27/05/2022 15:00 - 27/05/2022 16:00,29105
27/05/2022 16:00 - 27/05/2022 17:00,28818
27/05/2022 17:00 - 27/05/2022 18:00,28741
27/05/2022 18:00 - 27/05/2022 19:00,28555
27/05/2022 19:00 - 27/05/2022 20:00,28516
27/05/2022 20:00 - 27/05/2022 21:00,28234
27/05/2022 21:00 - 27/05/2022 22:00,28214
27/05/2022 22:00 - 27/05/2022 23:00,27383
27/05/2022 23:00 - 28/05/2022 00:00,25292
28/05/2022 00:00 - 28/05/2022 01:00,24304
28/05/2022 01:00 - 28/05/2022 02:00,23113
28/05/2022 02:00 - 28/05/2022 03:00,22044
28/05/2022 03:00 - 28/05/2022 04:00,21441
28/05/2022 04:00 - 28/05/2022 05:00,21188
28/05/2022 05:00 - 28/05/2022 06:00,21117
28/05/2022 06:00 - 28/05/2022 07:00,21151
28/05/2022 07:00 - 28/05/2022 08:00,21493
28/05/2022 08:00 - 28/05/2022 09:00,23061
28/05/2022 09:00 - 28/05/2022 10:00,25004
28/05/2022 10:00 - 28/05/2022 11:00,26332
28/05/2022 11:00 - 28/05/2022 12:00,26868
28/05/2022 12:00 - 28/05/2022 13:00,27137
28/05/2022 13:00 - 28/05/2022 14:00,27463
28/05/2022 14:00 - 28/05/2022 15:00,27099
28/05/2022 15:00 - 28/05/2022 16:00,25984
28/05/2022 16:00 - 28/05/2022 17:00,25459
28/05/2022 17:00 - 28/05/2022 18:00,25410
28/05/2022 18:00 - 28/05/2022 19:00,25561
28/05/2022 19:00 - 28/05/2022 20:00,25948
28/05/2022 20:00 - 28/05/2022 21:00,26172
28/05/2022 21:00 - 28/05/2022 22:00,26521
28/05/2022 22:00 - 28/05/2022 23:00,25929
28/05/2022 23:00 - 29/05/2022 00:00,24230
29/05/2022 00:00 - 29/05/2022 01:00,23050
29/05/2022 01:00 - 29/05/2022 02:00,21638
29/05/2022 02:00 - 29/05/2022 03:00,20607
29/05/2022 03:00 - 29/05/2022 04:00,20034
29/05/2022 04:00 - 29/05/2022 05:00,19684
29/05/2022 05:00 - 29/05/2022 06:00,19521
29/05/2022 06:00 - 29/05/2022 07:00,19571
29/05/2022 07:00 - 29/05/2022 08:00,19313
29/05/2022 08:00 - 29/05/2022 09:00,20416
29/05/2022 09:00 - 29/05/2022 10:00,21626
29/05/2022 10:00 - 29/05/2022 11:00,22865
29/05/2022 11:00 - 29/05/2022 12:00,23630
29/05/2022 12:00 - 29/05/2022 13:00,24157
29/05/2022 13:00 - 29/05/2022 14:00,24729
29/05/2022 14:00 - 29/05/2022 15:00,24851
29/05/2022 15:00 - 29/05/2022 16:00,23841
29/05/2022 16:00 - 29/05/2022 17:00,23260
29/05/2022 17:00 - 29/05/2022 18:00,23209
29/05/2022 18:00 - 29/05/2022 19:00,23453
29/05/2022 19:00 - 29/05/2022 20:00,23972
29/05/2022 20:00 - 29/05/2022 21:00,24642
29/05/2022 21:00 - 29/05/2022 22:00,25625
29/05/2022 22:00 - 29/05/2022 23:00,25958
29/05/2022 23:00 - 30/05/2022 00:00,24254
30/05/2022 00:00 - 30/05/2022 01:00,22656
30/05/2022 01:00 - 30/05/2022 02:00,21565
30/05/2022 02:00 - 30/05/2022 03:00,20968
30/05/2022 03:00 - 30/05/2022 04:00,20635
30/05/2022 04:00 - 30/05/2022 05:00,20612
30/05/2022 05:00 - 30/05/2022 06:00,21239
30/05/2022 06:00 - 30/05/2022 07:00,23435
30/05/2022 07:00 - 30/05/2022 08:00,25809
30/05/2022 08:00 - 30/05/2022 09:00,27655
30/05/2022 09:00 - 30/05/2022 10:00,28395
30/05/2022 10:00 - 30/05/2022 11:00,28901
30/05/2022 11:00 - 30/05/2022 12:00,29310
30/05/2022 12:00 - 30/05/2022 13:00,29713
30/05/2022 13:00 - 30/05/2022 14:00,29914
30/05/2022 14:00 - 30/05/2022 15:00,29720
30/05/2022 15:00 - 30/05/2022 16:00,29104
30/05/2022 16:00 - 30/05/2022 17:00,28769
30/05/2022 17:00 - 30/05/2022 18:00,28834
30/05/2022 18:00 - 30/05/2022 19:00,28391
30/05/2022 19:00 - 30/05/2022 20:00,28328
30/05/2022 20:00 - 30/05/2022 21:00,28596
30/05/2022 21:00 - 30/05/2022 22:00,29134
30/05/2022 22:00 - 30/05/2022 23:00,28097
30/05/2022 23:00 - 31/05/2022 00:00,26057
31/05/2022 00:00 - 31/05/2022 01:00,25062
31/05/2022 01:00 - 31/05/2022 02:00,23839
31/05/2022 02:00 - 31/05/2022 03:00,22942
31/05/2022 03:00 - 31/05/2022 04:00,22608
31/05/2022 04:00 - 31/05/2022 05:00,22577
31/05/2022 05:00 - 31/05/2022 06:00,23105
31/05/2022 06:00 - 31/05/2022 07:00,24775
31/05/2022 07:00 - 31/05/2022 08:00,26735
31/05/2022 08:00 - 31/05/2022 09:00,28213
31/05/2022 09:00 - 31/05/2022 10:00,28923
31/05/2022 10:00 - 31/05/2022 11:00,29448
31/05/2022 11:00 - 31/05/2022 12:00,29886
31/05/2022 12:00 - 31/05/2022 13:00,30381
31/05/2022 13:00 - 31/05/2022 14:00,30590
31/05/2022 14:00 - 31/05/2022 15:00,30229
31/05/2022 15:00 - 31/05/2022 16:00,29639
31/05/2022 16:00 - 31/05/2022 17:00,29471
31/05/2022 17:00 - 31/05/2022 18:00,29612
31/05/2022 18:00 - 31/05/2022 19:00,29656
31/05/2022 19:00 - 31/05/2022 20:00,29736
31/05/2022 20:00 - 31/05/2022 21:00,29665
31/05/2022 21:00 - 31/05/2022 22:00,29765
31/05/2022 22:00 - 31/05/2022 23:00,28856
31/05/2022 23:00 - 01/06/2022 00:00,26495
01/06/2022 00:00 - 01/06/2022 01:00,25273
01/06/2022 01:00 - 01/06/2022 02:00,24005
01/06/2022 02:00 - 01/06/2022 03:00,22994
01/06/2022 03:00 - 01/06/2022 04:00,22615
01/06/2022 04:00 - 01/06/2022 05:00,22634
01/06/2022 05:00 - 01/06/2022 06:00,22972
01/06/2022 06:00 - 01/06/2022 07:00,24751
01/06/2022 07:00 - 01/06/2022 08:00,26952
01/06/2022 08:00 - 01/06/2022 09:00,28315
01/06/2022 09:00 - 01/06/2022 10:00,29153
01/06/2022 10:00 - 01/06/2022 11:00,29698
01/06/2022 11:00 - 01/06/2022 12:00,30038
01/06/2022 12:00 - 01/06/2022 13:00,30543
01/06/2022 13:00 - 01/06/2022 14:00,30774
01/06/2022 14:00 - 01/06/2022 15:00,30545
01/06/2022 15:00 - 01/06/2022 16:00,30049
01/06/2022 16:00 - 01/06/2022 17:00,29888
01/06/2022 17:00 - 01/06/2022 18:00,29785
01/06/2022 18:00 - 01/06/2022 19:00,29445
01/06/2022 19:00 - 01/06/2022 20:00,29483
01/06/2022 20:00 - 01/06/2022 21:00,29756
01/06/2022 21:00 - 01/06/2022 22:00,29833
01/06/2022 22:00 - 01/06/2022 23:00,28819
01/06/2022 23:00 - 02/06/2022 00:00,26663
02/06/2022 00:00 - 02/06/2022 01:00,25623
02/06/2022 01:00 - 02/06/2022 02:00,24316
02/06/2022 02:00 - 02/06/2022 03:00,23370
02/06/2022 03:00 - 02/06/2022 04:00,22963
02/06/2022 04:00 - 02/06/2022 05:00,22788
02/06/2022 05:00 - 02/06/2022 06:00,23221
02/06/2022 06:00 - 02/06/2022 07:00,24947
02/06/2022 07:00 - 02/06/2022 08:00,27289
02/06/2022 08:00 - 02/06/2022 09:00,28387
02/06/2022 09:00 - 02/06/2022 10:00,29236
02/06/2022 10:00 - 02/06/2022 11:00,29755
02/06/2022 11:00 - 02/06/2022 12:00,30298
02/06/2022 12:00 - 02/06/2022 13:00,30899
02/06/2022 13:00 - 02/06/2022 14:00,31154
02/06/2022 14:00 - 02/06/2022 15:00,31103
02/06/2022 15:00 - 02/06/2022 16:00,30581
02/06/2022 16:00 - 02/06/2022 17:00,30388
02/06/2022 17:00 - 02/06/2022 18:00,30256
02/06/2022 18:00 - 02/06/2022 19:00,29584
02/06/2022 19:00 - 02/06/2022 20:00,29379
02/06/2022 20:00 - 02/06/2022 21:00,29803
02/06/2022 21:00 - 02/06/2022 22:00,30044
02/06/2022 22:00 - 02/06/2022 23:00,28952
02/06/2022 23:00 - 03/06/2022 00:00,26668
03/06/2022 00:00 - 03/06/2022 01:00,25648
03/06/2022 01:00 - 03/06/2022 02:00,24424
03/06/2022 02:00 - 03/06/2022 03:00,23723
03/06/2022 03:00 - 03/06/2022 04:00,23374
03/06/2022 04:00 - 03/06/2022 05:00,23340
03/06/2022 05:00 - 03/06/2022 06:00,23630
03/06/2022 06:00 - 03/06/2022 07:00,25280
03/06/2022 07:00 - 03/06/2022 08:00,27430
03/06/2022 08:00 - 03/06/2022 09:00,29028
03/06/2022 09:00 - 03/06/2022 10:00,29871
03/06/2022 10:00 - 03/06/2022 11:00,30326
03/06/2022 11:00 - 03/06/2022 12:00,30651
03/06/2022 12:00 - 03/06/2022 13:00,31173
03/06/2022 13:00 - 03/06/2022 14:00,31313
03/06/2022 14:00 - 03/06/2022 15:00,30837
03/06/2022 15:00 - 03/06/2022 16:00,29923
03/06/2022 16:00 - 03/06/2022 17:00,29515
03/06/2022 17:00 - 03/06/2022 18:00,29655
03/06/2022 18:00 - 03/06/2022 19:00,29361
03/06/2022 19:00 - 03/06/2022 20:00,29151
03/06/2022 20:00 - 03/06/2022 21:00,28855
03/06/2022 21:00 - 03/06/2022 22:00,28914
03/06/2022 22:00 - 03/06/2022 23:00,27963
03/06/2022 23:00 - 04/06/2022 00:00,26023
04/06/2022 00:00 - 04/06/2022 01:00,25341
04/06/2022 01:00 - 04/06/2022 02:00,24070
04/06/2022 02:00 - 04/06/2022 03:00,22979
04/06/2022 03:00 - 04/06/2022 04:00,22351
04/06/2022 04:00 - 04/06/2022 05:00,21881
04/06/2022 05:00 - 04/06/2022 06:00,21687
04/06/2022 06:00 - 04/06/2022 07:00,21711
04/06/2022 07:00 - 04/06/2022 08:00,22137
04/06/2022 08:00 - 04/06/2022 09:00,23603
04/06/2022 09:00 - 04/06/2022 10:00,25358
04/06/2022 10:00 - 04/06/2022 11:00,26493
04/06/2022 11:00 - 04/06/2022 12:00,26910
04/06/2022 12:00 - 04/06/2022 13:00,27089
04/06/2022 13:00 - 04/06/2022 14:00,27398
04/06/2022 14:00 - 04/06/2022 15:00,26961
04/06/2022 15:00 - 04/06/2022 16:00,25561
04/06/2022 16:00 - 04/06/2022 17:00,24920
04/06/2022 17:00 - 04/06/2022 18:00,24781
04/06/2022 18:00 - 04/06/2022 19:00,25042
04/06/2022 19:00 - 04/06/2022 20:00,25302
04/06/2022 20:00 - 04/06/2022 21:00,25556
04/06/2022 21:00 - 04/06/2022 22:00,26007
04/06/2022 22:00 - 04/06/2022 23:00,25897
04/06/2022 23:00 - 05/06/2022 00:00,24083
05/06/2022 00:00 - 05/06/2022 01:00,22771
05/06/2022 01:00 - 05/06/2022 02:00,21705
05/06/2022 02:00 - 05/06/2022 03:00,20833
05/06/2022 03:00 - 05/06/2022 04:00,20323
05/06/2022 04:00 - 05/06/2022 05:00,19932
05/06/2022 05:00 - 05/06/2022 06:00,19920
05/06/2022 06:00 - 05/06/2022 07:00,19798
05/06/2022 07:00 - 05/06/2022 08:00,19542
05/06/2022 08:00 - 05/06/2022 09:00,20585
05/06/2022 09:00 - 05/06/2022 10:00,21949
05/06/2022 10:00 - 05/06/2022 11:00,23229
05/06/2022 11:00 - 05/06/2022 12:00,23816
05/06/2022 12:00 - 05/06/2022 13:00,24333
05/06/2022 13:00 - 05/06/2022 14:00,24891
05/06/2022 14:00 - 05/06/2022 15:00,25038
05/06/2022 15:00 - 05/06/2022 16:00,23899
05/06/2022 16:00 - 05/06/2022 17:00,23394
05/06/2022 17:00 - 05/06/2022 18:00,23418
05/06/2022 18:00 - 05/06/2022 19:00,23886
05/06/2022 19:00 - 05/06/2022 20:00,24361
05/06/2022 20:00 - 05/06/2022 21:00,25125
05/06/2022 21:00 - 05/06/2022 22:00,25996
05/06/2022 22:00 - 05/06/2022 23:00,26479
05/06/2022 23:00 - 06/06/2022 00:00,24601
06/06/2022 00:00 - 06/06/2022 01:00,23042
06/06/2022 01:00 - 06/06/2022 02:00,21942
06/06/2022 02:00 - 06/06/2022 03:00,21131
06/06/2022 03:00 - 06/06/2022 04:00,20693
06/06/2022 04:00 - 06/06/2022 05:00,20578
06/06/2022 05:00 - 06/06/2022 06:00,21092
06/06/2022 06:00 - 06/06/2022 07:00,22909
06/06/2022 07:00 - 06/06/2022 08:00,24957
06/06/2022 08:00 - 06/06/2022 09:00,26327
06/06/2022 09:00 - 06/06/2022 10:00,27470
06/06/2022 10:00 - 06/06/2022 11:00,28118
06/06/2022 11:00 - 06/06/2022 12:00,28508
06/06/2022 12:00 - 06/06/2022 13:00,29169
06/06/2022 13:00 - 06/06/2022 14:00,29748
06/06/2022 14:00 - 06/06/2022 15:00,29470
06/06/2022 15:00 - 06/06/2022 16:00,28657
06/06/2022 16:00 - 06/06/2022 17:00,28584
06/06/2022 17:00 - 06/06/2022 18:00,28644
06/06/2022 18:00 - 06/06/2022 19:00,28374
06/06/2022 19:00 - 06/06/2022 20:00,28276
06/06/2022 20:00 - 06/06/2022 21:00,28640
06/06/2022 21:00 - 06/06/2022 22:00,29045
06/06/2022 22:00 - 06/06/2022 23:00,28319
06/06/2022 23:00 - 07/06/2022 00:00,26025
07/06/2022 00:00 - 07/06/2022 01:00,24963
07/06/2022 01:00 - 07/06/2022 02:00,23703
07/06/2022 02:00 - 07/06/2022 03:00,22890
07/06/2022 03:00 - 07/06/2022 04:00,22317
07/06/2022 04:00 - 07/06/2022 05:00,22143
07/06/2022 05:00 - 07/06/2022 06:00,22582
07/06/2022 06:00 - 07/06/2022 07:00,24449
07/06/2022 07:00 - 07/06/2022 08:00,26799
07/06/2022 08:00 - 07/06/2022 09:00,28527
07/06/2022 09:00 - 07/06/2022 10:00,29638
07/06/2022 10:00 - 07/06/2022 11:00,30454
07/06/2022 11:00 - 07/06/2022 12:00,31106
07/06/2022 12:00 - 07/06/2022 13:00,31750
07/06/2022 13:00 - 07/06/2022 14:00,32052
07/06/2022 14:00 - 07/06/2022 15:00,31630
07/06/2022 15:00 - 07/06/2022 16:00,30995
07/06/2022 16:00 - 07/06/2022 17:00,30952
07/06/2022 17:00 - 07/06/2022 18:00,31150
07/06/2022 18:00 - 07/06/2022 19:00,30856
07/06/2022 19:00 - 07/06/2022 20:00,30584
07/06/2022 20:00 - 07/06/2022 21:00,30383
07/06/2022 21:00 - 07/06/2022 22:00,30451
07/06/2022 22:00 - 07/06/2022 23:00,29411
07/06/2022 23:00 - 08/06/2022 00:00,26872
08/06/2022 00:00 - 08/06/2022 01:00,25716
08/06/2022 01:00 - 08/06/2022 02:00,24657
08/06/2022 02:00 - 08/06/2022 03:00,23726
08/06/2022 03:00 - 08/06/2022 04:00,23311
08/06/2022 04:00 - 08/06/2022 05:00,23202
08/06/2022 05:00 - 08/06/2022 06:00,23561
08/06/2022 06:00 - 08/06/2022 07:00,25281
08/06/2022 07:00 - 08/06/2022 08:00,27536
08/06/2022 08:00 - 08/06/2022 09:00,28886
08/06/2022 09:00 - 08/06/2022 10:00,29726
08/06/2022 10:00 - 08/06/2022 11:00,30458
08/06/2022 11:00 - 08/06/2022 12:00,30974
08/06/2022 12:00 - 08/06/2022 13:00,31680
08/06/2022 13:00 - 08/06/2022 14:00,32325
08/06/2022 14:00 - 08/06/2022 15:00,32043
08/06/2022 15:00 - 08/06/2022 16:00,31402
08/06/2022 16:00 - 08/06/2022 17:00,31316
08/06/2022 17:00 - 08/06/2022 18:00,30964
08/06/2022 18:00 - 08/06/2022 19:00,30493
08/06/2022 19:00 - 08/06/2022 20:00,30394
08/06/2022 20:00 - 08/06/2022 21:00,30344
08/06/2022 21:00 - 08/06/2022 22:00,30282
08/06/2022 22:00 - 08/06/2022 23:00,29397
08/06/2022 23:00 - 09/06/2022 00:00,27228
09/06/2022 00:00 - 09/06/2022 01:00,26352
09/06/2022 01:00 - 09/06/2022 02:00,25003
09/06/2022 02:00 - 09/06/2022 03:00,24109
09/06/2022 03:00 - 09/06/2022 04:00,23709
09/06/2022 04:00 - 09/06/2022 05:00,23514
09/06/2022 05:00 - 09/06/2022 06:00,23941
09/06/2022 06:00 - 09/06/2022 07:00,25400
09/06/2022 07:00 - 09/06/2022 08:00,27497
09/06/2022 08:00 - 09/06/2022 09:00,29041
09/06/2022 09:00 - 09/06/2022 10:00,29956
09/06/2022 10:00 - 09/06/2022 11:00,30610
09/06/2022 11:00 - 09/06/2022 12:00,31068
09/06/2022 12:00 - 09/06/2022 13:00,31805
09/06/2022 13:00 - 09/06/2022 14:00,32178
09/06/2022 14:00 - 09/06/2022 15:00,31913
09/06/2022 15:00 - 09/06/2022 16:00,31258
09/06/2022 16:00 - 09/06/2022 17:00,31124
09/06/2022 17:00 - 09/06/2022 18:00,31187
09/06/2022 18:00 - 09/06/2022 19:00,31054
09/06/2022 19:00 - 09/06/2022 20:00,30952
09/06/2022 20:00 - 09/06/2022 21:00,30784
09/06/2022 21:00 - 09/06/2022 22:00,30550
09/06/2022 22:00 - 09/06/2022 23:00,29690
09/06/2022 23:00 - 10/06/2022 00:00,27445
10/06/2022 00:00 - 10/06/2022 01:00,26339
10/06/2022 01:00 - 10/06/2022 02:00,24890
10/06/2022 02:00 - 10/06/2022 03:00,23905
10/06/2022 03:00 - 10/06/2022 04:00,23434
10/06/2022 04:00 - 10/06/2022 05:00,23311
10/06/2022 05:00 - 10/06/2022 06:00,23699
10/06/2022 06:00 - 10/06/2022 07:00,25234
10/06/2022 07:00 - 10/06/2022 08:00,27424
10/06/2022 08:00 - 10/06/2022 09:00,28945
10/06/2022 09:00 - 10/06/2022 10:00,30016
10/06/2022 10:00 - 10/06/2022 11:00,30903
10/06/2022 11:00 - 10/06/2022 12:00,31424
10/06/2022 12:00 - 10/06/2022 13:00,32371
10/06/2022 13:00 - 10/06/2022 14:00,32839
10/06/2022 14:00 - 10/06/2022 15:00,32537
10/06/2022 15:00 - 10/06/2022 16:00,31930
10/06/2022 16:00 - 10/06/2022 17:00,31746
10/06/2022 17:00 - 10/06/2022 18:00,31756
10/06/2022 18:00 - 10/06/2022 19:00,31525
10/06/2022 19:00 - 10/06/2022 20:00,31394
10/06/2022 20:00 - 10/06/2022 21:00,31084
10/06/2022 21:00 - 10/06/2022 22:00,30468
10/06/2022 22:00 - 10/06/2022 23:00,29521
10/06/2022 23:00 - 11/06/2022 00:00,27534
11/06/2022 00:00 - 11/06/2022 01:00,26599
11/06/2022 01:00 - 11/06/2022 02:00,25263
11/06/2022 02:00 - 11/06/2022 03:00,24081
11/06/2022 03:00 - 11/06/2022 04:00,23306
11/06/2022 04:00 - 11/06/2022 05:00,22918
11/06/2022 05:00 - 11/06/2022 06:00,22660
11/06/2022 06:00 - 11/06/2022 07:00,22459
11/06/2022 07:00 - 11/06/2022 08:00,22869
11/06/2022 08:00 - 11/06/2022 09:00,24404
11/06/2022 09:00 - 11/06/2022 10:00,26260
11/06/2022 10:00 - 11/06/2022 11:00,27594
11/06/2022 11:00 - 11/06/2022 12:00,28396
11/06/2022 12:00 - 11/06/2022 13:00,29045
11/06/2022 13:00 - 11/06/2022 14:00,29689
11/06/2022 14:00 - 11/06/2022 15:00,29471
11/06/2022 15:00 - 11/06/2022 16:00,28659
11/06/2022 16:00 - 11/06/2022 17:00,28165
11/06/2022 17:00 - 11/06/2022 18:00,28144
11/06/2022 18:00 - 11/06/2022 19:00,28141
11/06/2022 19:00 - 11/06/2022 20:00,27948
11/06/2022 20:00 - 11/06/2022 21:00,28003
11/06/2022 21:00 - 11/06/2022 22:00,28134
11/06/2022 22:00 - 11/06/2022 23:00,27667
11/06/2022 23:00 - 12/06/2022 00:00,26164
12/06/2022 00:00 - 12/06/2022 01:00,24592
12/06/2022 01:00 - 12/06/2022 02:00,23134
12/06/2022 02:00 - 12/06/2022 03:00,21998
12/06/2022 03:00 - 12/06/2022 04:00,21245
12/06/2022 04:00 - 12/06/2022 05:00,20734
12/06/2022 05:00 - 12/06/2022 06:00,20638
12/06/2022 06:00 - 12/06/2022 07:00,20518
12/06/2022 07:00 - 12/06/2022 08:00,20466
12/06/2022 08:00 - 12/06/2022 09:00,21236
12/06/2022 09:00 - 12/06/2022 10:00,22747
12/06/2022 10:00 - 12/06/2022 11:00,24234
12/06/2022 11:00 - 12/06/2022 12:00,25299
12/06/2022 12:00 - 12/06/2022 13:00,26167
12/06/2022 13:00 - 12/06/2022 14:00,26938
12/06/2022 14:00 - 12/06/2022 15:00,27426
12/06/2022 15:00 - 12/06/2022 16:00,26730
12/06/2022 16:00 - 12/06/2022 17:00,26399
12/06/2022 17:00 - 12/06/2022 18:00,26302
12/06/2022 18:00 - 12/06/2022 19:00,26461
12/06/2022 19:00 - 12/06/2022 20:00,26690
12/06/2022 20:00 - 12/06/2022 21:00,27306
12/06/2022 21:00 - 12/06/2022 22:00,28240
12/06/2022 22:00 - 12/06/2022 23:00,28713
12/06/2022 23:00 - 13/06/2022 00:00,26759
13/06/2022 00:00 - 13/06/2022 01:00,25070
13/06/2022 01:00 - 13/06/2022 02:00,23620
13/06/2022 02:00 - 13/06/2022 03:00,22511
13/06/2022 03:00 - 13/06/2022 04:00,21886
13/06/2022 04:00 - 13/06/2022 05:00,21644
13/06/2022 05:00 - 13/06/2022 06:00,22018
13/06/2022 06:00 - 13/06/2022 07:00,24375
13/06/2022 07:00 - 13/06/2022 08:00,27008
13/06/2022 08:00 - 13/06/2022 09:00,29040
13/06/2022 09:00 - 13/06/2022 10:00,30476
13/06/2022 10:00 - 13/06/2022 11:00,31502
13/06/2022 11:00 - 13/06/2022 12:00,32336
13/06/2022 12:00 - 13/06/2022 13:00,33320
13/06/2022 13:00 - 13/06/2022 14:00,34098
13/06/2022 14:00 - 13/06/2022 15:00,34272
13/06/2022 15:00 - 13/06/2022 16:00,34086
13/06/2022 16:00 - 13/06/2022 17:00,34140
13/06/2022 17:00 - 13/06/2022 18:00,34341
13/06/2022 18:00 - 13/06/2022 19:00,33861
13/06/2022 19:00 - 13/06/2022 20:00,33503
13/06/2022 20:00 - 13/06/2022 21:00,33189
13/06/2022 21:00 - 13/06/2022 22:00,32884
13/06/2022 22:00 - 13/06/2022 23:00,32180
13/06/2022 23:00 - 14/06/2022 00:00,29744
14/06/2022 00:00 - 14/06/2022 01:00,28353
14/06/2022 01:00 - 14/06/2022 02:00,26994
14/06/2022 02:00 - 14/06/2022 03:00,25912
14/06/2022 03:00 - 14/06/2022 04:00,25285
14/06/2022 04:00 - 14/06/2022 05:00,24916
14/06/2022 05:00 - 14/06/2022 06:00,25268
14/06/2022 06:00 - 14/06/2022 07:00,26933
14/06/2022 07:00 - 14/06/2022 08:00,29129
14/06/2022 08:00 - 14/06/2022 09:00,30876
14/06/2022 09:00 - 14/06/2022 10:00,32321
14/06/2022 10:00 - 14/06/2022 11:00,33475
14/06/2022 11:00 - 14/06/2022 12:00,34237
14/06/2022 12:00 - 14/06/2022 13:00,35190
14/06/2022 13:00 - 14/06/2022 14:00,35831
14/06/2022 14:00 - 14/06/2022 15:00,35839
14/06/2022 15:00 - 14/06/2022 16:00,35634
14/06/2022 16:00 - 14/06/2022 17:00,35691
14/06/2022 17:00 - 14/06/2022 18:00,35444
14/06/2022 18:00 - 14/06/2022 19:00,34814
14/06/2022 19:00 - 14/06/2022 20:00,34330
14/06/2022 20:00 - 14/06/2022 21:00,33921
14/06/2022 21:00 - 14/06/2022 22:00,33477
14/06/2022 22:00 - 14/06/2022 23:00,32796
14/06/2022 23:00 - 15/06/2022 00:00,30716
15/06/2022 00:00 - 15/06/2022 01:00,29098
15/06/2022 01:00 - 15/06/2022 02:00,27554
15/06/2022 02:00 - 15/06/2022 03:00,26258
15/06/2022 03:00 - 15/06/2022 04:00,25648
15/06/2022 04:00 - 15/06/2022 05:00,25350
15/06/2022 05:00 - 15/06/2022 06:00,25693
15/06/2022 06:00 - 15/06/2022 07:00,27320
15/06/2022 07:00 - 15/06/2022 08:00,29659
15/06/2022 08:00 - 15/06/2022 09:00,31458
15/06/2022 09:00 - 15/06/2022 10:00,33123
15/06/2022 10:00 - 15/06/2022 11:00,34399
15/06/2022 11:00 - 15/06/2022 12:00,35306
15/06/2022 12:00 - 15/06/2022 13:00,36341
15/06/2022 13:00 - 15/06/2022 14:00,37156
15/06/2022 14:00 - 15/06/2022 15:00,37378
15/06/2022 15:00 - 15/06/2022 16:00,37220
15/06/2022 16:00 - 15/06/2022 17:00,37055
15/06/2022 17:00 - 15/06/2022 18:00,36969
15/06/2022 18:00 - 15/06/2022 19:00,36129
15/06/2022 19:00 - 15/06/2022 20:00,35360
15/06/2022 20:00 - 15/06/2022 21:00,34482
15/06/2022 21:00 - 15/06/2022 22:00,33975
15/06/2022 22:00 - 15/06/2022 23:00,32797
15/06/2022 23:00 - 16/06/2022 00:00,30366
16/06/2022 00:00 - 16/06/2022 01:00,28969
16/06/2022 01:00 - 16/06/2022 02:00,27517
16/06/2022 02:00 - 16/06/2022 03:00,26322
16/06/2022 03:00 - 16/06/2022 04:00,25745
16/06/2022 04:00 - 16/06/2022 05:00,25376
16/06/2022 05:00 - 16/06/2022 06:00,25565
16/06/2022 06:00 - 16/06/2022 07:00,27117
16/06/2022 07:00 - 16/06/2022 08:00,29284
16/06/2022 08:00 - 16/06/2022 09:00,31192
16/06/2022 09:00 - 16/06/2022 10:00,32783
16/06/2022 10:00 - 16/06/2022 11:00,33991
16/06/2022 11:00 - 16/06/2022 12:00,35048
16/06/2022 12:00 - 16/06/2022 13:00,36203
16/06/2022 13:00 - 16/06/2022 14:00,37030
16/06/2022 14:00 - 16/06/2022 15:00,37286
16/06/2022 15:00 - 16/06/2022 16:00,36968
16/06/2022 16:00 - 16/06/2022 17:00,36755
16/06/2022 17:00 - 16/06/2022 18:00,36520
16/06/2022 18:00 - 16/06/2022 19:00,35639
16/06/2022 19:00 - 16/06/2022 20:00,34971
16/06/2022 20:00 - 16/06/2022 21:00,34198
16/06/2022 21:00 - 16/06/2022 22:00,33498
16/06/2022 22:00 - 16/06/2022 23:00,32502
16/06/2022 23:00 - 17/06/2022 00:00,30177
17/06/2022 00:00 - 17/06/2022 01:00,28633
17/06/2022 01:00 - 17/06/2022 02:00,26747
17/06/2022 02:00 - 17/06/2022 03:00,25541
17/06/2022 03:00 - 17/06/2022 04:00,25120
17/06/2022 04:00 - 17/06/2022 05:00,24978
17/06/2022 05:00 - 17/06/2022 06:00,25309
17/06/2022 06:00 - 17/06/2022 07:00,26799
17/06/2022 07:00 - 17/06/2022 08:00,28886
17/06/2022 08:00 - 17/06/2022 09:00,30916
17/06/2022 09:00 - 17/06/2022 10:00,32617
17/06/2022 10:00 - 17/06/2022 11:00,34173
17/06/2022 11:00 - 17/06/2022 12:00,35352
17/06/2022 12:00 - 17/06/2022 13:00,36709
17/06/2022 13:00 - 17/06/2022 14:00,37508
17/06/2022 14:00 - 17/06/2022 15:00,37527
17/06/2022 15:00 - 17/06/2022 16:00,37066
17/06/2022 16:00 - 17/06/2022 17:00,36770
17/06/2022 17:00 - 17/06/2022 18:00,36509
17/06/2022 18:00 - 17/06/2022 19:00,35747
17/06/2022 19:00 - 17/06/2022 20:00,34858
17/06/2022 20:00 - 17/06/2022 21:00,33939
17/06/2022 21:00 - 17/06/2022 22:00,32939
17/06/2022 22:00 - 17/06/2022 23:00,32079
17/06/2022 23:00 - 18/06/2022 00:00,30185
18/06/2022 00:00 - 18/06/2022 01:00,28819
18/06/2022 01:00 - 18/06/2022 02:00,27114
18/06/2022 02:00 - 18/06/2022 03:00,25541
18/06/2022 03:00 - 18/06/2022 04:00,24571
18/06/2022 04:00 - 18/06/2022 05:00,24107
18/06/2022 05:00 - 18/06/2022 06:00,23800
18/06/2022 06:00 - 18/06/2022 07:00,23617
18/06/2022 07:00 - 18/06/2022 08:00,24091
18/06/2022 08:00 - 18/06/2022 09:00,25679
18/06/2022 09:00 - 18/06/2022 10:00,27714
18/06/2022 10:00 - 18/06/2022 11:00,29619
18/06/2022 11:00 - 18/06/2022 12:00,30658
18/06/2022 12:00 - 18/06/2022 13:00,31290
18/06/2022 13:00 - 18/06/2022 14:00,31872
18/06/2022 14:00 - 18/06/2022 15:00,31842
18/06/2022 15:00 - 18/06/2022 16:00,31272
18/06/2022 16:00 - 18/06/2022 17:00,30658
18/06/2022 17:00 - 18/06/2022 18:00,30476
18/06/2022 18:00 - 18/06/2022 19:00,30201
18/06/2022 19:00 - 18/06/2022 20:00,29942
18/06/2022 20:00 - 18/06/2022 21:00,29696
18/06/2022 21:00 - 18/06/2022 22:00,29532
18/06/2022 22:00 - 18/06/2022 23:00,29267
18/06/2022 23:00 - 19/06/2022 00:00,27539
19/06/2022 00:00 - 19/06/2022 01:00,25839
19/06/2022 01:00 - 19/06/2022 02:00,24159
19/06/2022 02:00 - 19/06/2022 03:00,23009
19/06/2022 03:00 - 19/06/2022 04:00,22250
19/06/2022 04:00 - 19/06/2022 05:00,21910
19/06/2022 05:00 - 19/06/2022 06:00,21682
19/06/2022 06:00 - 19/06/2022 07:00,21441
19/06/2022 07:00 - 19/06/2022 08:00,21193
19/06/2022 08:00 - 19/06/2022 09:00,22125
19/06/2022 09:00 - 19/06/2022 10:00,23245
19/06/2022 10:00 - 19/06/2022 11:00,24292
19/06/2022 11:00 - 19/06/2022 12:00,25119
19/06/2022 12:00 - 19/06/2022 13:00,25601
19/06/2022 13:00 - 19/06/2022 14:00,26371
19/06/2022 14:00 - 19/06/2022 15:00,26635
19/06/2022 15:00 - 19/06/2022 16:00,25934
19/06/2022 16:00 - 19/06/2022 17:00,25461
19/06/2022 17:00 - 19/06/2022 18:00,25611
19/06/2022 18:00 - 19/06/2022 19:00,25935
19/06/2022 19:00 - 19/06/2022 20:00,26288
19/06/2022 20:00 - 19/06/2022 21:00,26799
19/06/2022 21:00 - 19/06/2022 22:00,27455
19/06/2022 22:00 - 19/06/2022 23:00,28239
19/06/2022 23:00 - 20/06/2022 00:00,26670
20/06/2022 00:00 - 20/06/2022 01:00,25111
20/06/2022 01:00 - 20/06/2022 02:00,23784
20/06/2022 02:00 - 20/06/2022 03:00,22901
20/06/2022 03:00 - 20/06/2022 04:00,22551
20/06/2022 04:00 - 20/06/2022 05:00,22486
20/06/2022 05:00 - 20/06/2022 06:00,23019
20/06/2022 06:00 - 20/06/2022 07:00,25175
20/06/2022 07:00 - 20/06/2022 08:00,27804
20/06/2022 08:00 - 20/06/2022 09:00,29873
20/06/2022 09:00 - 20/06/2022 10:00,31356
20/06/2022 10:00 - 20/06/2022 11:00,32370
20/06/2022 11:00 - 20/06/2022 12:00,32913
20/06/2022 12:00 - 20/06/2022 13:00,33706
20/06/2022 13:00 - 20/06/2022 14:00,33949
20/06/2022 14:00 - 20/06/2022 15:00,33750
20/06/2022 15:00 - 20/06/2022 16:00,32993
20/06/2022 16:00 - 20/06/2022 17:00,32708
20/06/2022 17:00 - 20/06/2022 18:00,32645
20/06/2022 18:00 - 20/06/2022 19:00,31915
20/06/2022 19:00 - 20/06/2022 20:00,31545
20/06/2022 20:00 - 20/06/2022 21:00,31353
20/06/2022 21:00 - 20/06/2022 22:00,31033
20/06/2022 22:00 - 20/06/2022 23:00,30147
20/06/2022 23:00 - 21/06/2022 00:00,27968
21/06/2022 00:00 - 21/06/2022 01:00,26758
21/06/2022 01:00 - 21/06/2022 02:00,25722
21/06/2022 02:00 - 21/06/2022 03:00,24773
21/06/2022 03:00 - 21/06/2022 04:00,24261
21/06/2022 04:00 - 21/06/2022 05:00,23960
21/06/2022 05:00 - 21/06/2022 06:00,24496
21/06/2022 06:00 - 21/06/2022 07:00,26292
21/06/2022 07:00 - 21/06/2022 08:00,28569
21/06/2022 08:00 - 21/06/2022 09:00,30292
21/06/2022 09:00 - 21/06/2022 10:00,31588
21/06/2022 10:00 - 21/06/2022 11:00,32355
21/06/2022 11:00 - 21/06/2022 12:00,32934
21/06/2022 12:00 - 21/06/2022 13:00,33526
21/06/2022 13:00 - 21/06/2022 14:00,33851
21/06/2022 14:00 - 21/06/2022 15:00,33546
21/06/2022 15:00 - 21/06/2022 16:00,32826
21/06/2022 16:00 - 21/06/2022 17:00,32392
21/06/2022 17:00 - 21/06/2022 18:00,32025
21/06/2022 18:00 - 21/06/2022 19:00,31569
21/06/2022 19:00 - 21/06/2022 20:00,31507
21/06/2022 20:00 - 21/06/2022 21:00,31024
21/06/2022 21:00 - 21/06/2022 22:00,30762
21/06/2022 22:00 - 21/06/2022 23:00,29730
21/06/2022 23:00 - 22/06/2022 00:00,27609
22/06/2022 00:00 - 22/06/2022 01:00,26631
22/06/2022 01:00 - 22/06/2022 02:00,25457
22/06/2022 02:00 - 22/06/2022 03:00,24321
22/06/2022 03:00 - 22/06/2022 04:00,23894
22/06/2022 04:00 - 22/06/2022 05:00,23590
22/06/2022 05:00 - 22/06/2022 06:00,24085
22/06/2022 06:00 - 22/06/2022 07:00,25635
22/06/2022 07:00 - 22/06/2022 08:00,27846
22/06/2022 08:00 - 22/06/2022 09:00,29680
22/06/2022 09:00 - 22/06/2022 10:00,30596
22/06/2022 10:00 - 22/06/2022 11:00,31284
22/06/2022 11:00 - 22/06/2022 12:00,31586
22/06/2022 12:00 - 22/06/2022 13:00,32024
22/06/2022 13:00 - 22/06/2022 14:00,32203
22/06/2022 14:00 - 22/06/2022 15:00,31822
22/06/2022 15:00 - 22/06/2022 16:00,31128
22/06/2022 16:00 - 22/06/2022 17:00,30816
22/06/2022 17:00 - 22/06/2022 18:00,30789
22/06/2022 18:00 - 22/06/2022 19:00,30445
22/06/2022 19:00 - 22/06/2022 20:00,30337
22/06/2022 20:00 - 22/06/2022 21:00,30151
22/06/2022 21:00 - 22/06/2022 22:00,30045
22/06/2022 22:00 - 22/06/2022 23:00,29433
22/06/2022 23:00 - 23/06/2022 00:00,27437
23/06/2022 00:00 - 23/06/2022 01:00,26326
23/06/2022 01:00 - 23/06/2022 02:00,25053
23/06/2022 02:00 - 23/06/2022 03:00,24103
23/06/2022 03:00 - 23/06/2022 04:00,23551
23/06/2022 04:00 - 23/06/2022 05:00,23328
23/06/2022 05:00 - 23/06/2022 06:00,23675
23/06/2022 06:00 - 23/06/2022 07:00,25103
23/06/2022 07:00 - 23/06/2022 08:00,27025
23/06/2022 08:00 - 23/06/2022 09:00,28597
23/06/2022 09:00 - 23/06/2022 10:00,29735
23/06/2022 10:00 - 23/06/2022 11:00,30404
23/06/2022 11:00 - 23/06/2022 12:00,30678
23/06/2022 12:00 - 23/06/2022 13:00,31077
23/06/2022 13:00 - 23/06/2022 14:00,31244
23/06/2022 14:00 - 23/06/2022 15:00,30600
23/06/2022 15:00 - 23/06/2022 16:00,29663
23/06/2022 16:00 - 23/06/2022 17:00,29440
23/06/2022 17:00 - 23/06/2022 18:00,29435
23/06/2022 18:00 - 23/06/2022 19:00,28988
23/06/2022 19:00 - 23/06/2022 20:00,28729
23/06/2022 20:00 - 23/06/2022 21:00,28614
23/06/2022 21:00 - 23/06/2022 22:00,28203
23/06/2022 22:00 - 23/06/2022 23:00,27352
23/06/2022 23:00 - 24/06/2022 00:00,25663
24/06/2022 00:00 - 24/06/2022 01:00,24883
24/06/2022 01:00 - 24/06/2022 02:00,23845
24/06/2022 02:00 - 24/06/2022 03:00,22960
24/06/2022 03:00 - 24/06/2022 04:00,22370
24/06/2022 04:00 - 24/06/2022 05:00,22215
24/06/2022 05:00 - 24/06/2022 06:00,22257
24/06/2022 06:00 - 24/06/2022 07:00,22996
24/06/2022 07:00 - 24/06/2022 08:00,24037
24/06/2022 08:00 - 24/06/2022 09:00,25000
24/06/2022 09:00 - 24/06/2022 10:00,25840
24/06/2022 10:00 - 24/06/2022 11:00,26549
24/06/2022 11:00 - 24/06/2022 12:00,27038
24/06/2022 12:00 - 24/06/2022 13:00,27545
24/06/2022 13:00 - 24/06/2022 14:00,28020
24/06/2022 14:00 - 24/06/2022 15:00,27984
24/06/2022 15:00 - 24/06/2022 16:00,27129
24/06/2022 16:00 - 24/06/2022 17:00,26822
24/06/2022 17:00 - 24/06/2022 18:00,26733
24/06/2022 18:00 - 24/06/2022 19:00,26716
24/06/2022 19:00 - 24/06/2022 20:00,26987
24/06/2022 20:00 - 24/06/2022 21:00,27058
24/06/2022 21:00 - 24/06/2022 22:00,27093
24/06/2022 22:00 - 24/06/2022 23:00,26815
24/06/2022 23:00 - 25/06/2022 00:00,25069
25/06/2022 00:00 - 25/06/2022 01:00,24522
25/06/2022 01:00 - 25/06/2022 02:00,23314
25/06/2022 02:00 - 25/06/2022 03:00,22303
25/06/2022 03:00 - 25/06/2022 04:00,21584
25/06/2022 04:00 - 25/06/2022 05:00,21321
25/06/2022 05:00 - 25/06/2022 06:00,21153
25/06/2022 06:00 - 25/06/2022 07:00,21326
25/06/2022 07:00 - 25/06/2022 08:00,21736
25/06/2022 08:00 - 25/06/2022 09:00,23103
25/06/2022 09:00 - 25/06/2022 10:00,24943
25/06/2022 10:00 - 25/06/2022 11:00,26257
25/06/2022 11:00 - 25/06/2022 12:00,26796
25/06/2022 12:00 - 25/06/2022 13:00,27092
25/06/2022 13:00 - 25/06/2022 14:00,27523
25/06/2022 14:00 - 25/06/2022 15:00,27127
25/06/2022 15:00 - 25/06/2022 16:00,26150
25/06/2022 16:00 - 25/06/2022 17:00,25546
25/06/2022 17:00 - 25/06/2022 18:00,25474
25/06/2022 18:00 - 25/06/2022 19:00,25766
25/06/2022 19:00 - 25/06/2022 20:00,26033
25/06/2022 20:00 - 25/06/2022 21:00,25949
25/06/2022 21:00 - 25/06/2022 22:00,25847
25/06/2022 22:00 - 25/06/2022 23:00,25572
25/06/2022 23:00 - 26/06/2022 00:00,24170
26/06/2022 00:00 - 26/06/2022 01:00,22848
26/06/2022 01:00 - 26/06/2022 02:00,21647
26/06/2022 02:00 - 26/06/2022 03:00,20723
26/06/2022 03:00 - 26/06/2022 04:00,20013
26/06/2022 04:00 - 26/06/2022 05:00,19800
26/06/2022 05:00 - 26/06/2022 06:00,19764
26/06/2022 06:00 - 26/06/2022 07:00,19750
26/06/2022 07:00 - 26/06/2022 08:00,19649
26/06/2022 08:00 - 26/06/2022 09:00,20409
26/06/2022 09:00 - 26/06/2022 10:00,22029
26/06/2022 10:00 - 26/06/2022 11:00,23508
26/06/2022 11:00 - 26/06/2022 12:00,24160
26/06/2022 12:00 - 26/06/2022 13:00,24617
26/06/2022 13:00 - 26/06/2022 14:00,25263
26/06/2022 14:00 - 26/06/2022 15:00,25492
26/06/2022 15:00 - 26/06/2022 16:00,24536
26/06/2022 16:00 - 26/06/2022 17:00,23952
26/06/2022 17:00 - 26/06/2022 18:00,23740
26/06/2022 18:00 - 26/06/2022 19:00,24045
26/06/2022 19:00 - 26/06/2022 20:00,24375
26/06/2022 20:00 - 26/06/2022 21:00,24753
26/06/2022 21:00 - 26/06/2022 22:00,25386
26/06/2022 22:00 - 26/06/2022 23:00,25801
26/06/2022 23:00 - 27/06/2022 00:00,24292
27/06/2022 00:00 - 27/06/2022 01:00,22767
27/06/2022 01:00 - 27/06/2022 02:00,21536
27/06/2022 02:00 - 27/06/2022 03:00,20614
27/06/2022 03:00 - 27/06/2022 04:00,20211
27/06/2022 04:00 - 27/06/2022 05:00,20130
27/06/2022 05:00 - 27/06/2022 06:00,20778
27/06/2022 06:00 - 27/06/2022 07:00,22936
27/06/2022 07:00 - 27/06/2022 08:00,25285
27/06/2022 08:00 - 27/06/2022 09:00,27283
27/06/2022 09:00 - 27/06/2022 10:00,28861
27/06/2022 10:00 - 27/06/2022 11:00,29836
27/06/2022 11:00 - 27/06/2022 12:00,30384
27/06/2022 12:00 - 27/06/2022 13:00,30854
27/06/2022 13:00 - 27/06/2022 14:00,31220
27/06/2022 14:00 - 27/06/2022 15:00,30746
27/06/2022 15:00 - 27/06/2022 16:00,29839
27/06/2022 16:00 - 27/06/2022 17:00,29559
27/06/2022 17:00 - 27/06/2022 18:00,29589
27/06/2022 18:00 - 27/06/2022 19:00,29265
27/06/2022 19:00 - 27/06/2022 20:00,29127
27/06/2022 20:00 - 27/06/2022 21:00,29028
27/06/2022 21:00 - 27/06/2022 22:00,28952
27/06/2022 22:00 - 27/06/2022 23:00,28148
27/06/2022 23:00 - 28/06/2022 00:00,25986
28/06/2022 00:00 - 28/06/2022 01:00,24926
28/06/2022 01:00 - 28/06/2022 02:00,23839
28/06/2022 02:00 - 28/06/2022 03:00,22880
28/06/2022 03:00 - 28/06/2022 04:00,22521
28/06/2022 04:00 - 28/06/2022 05:00,22535
28/06/2022 05:00 - 28/06/2022 06:00,22999
28/06/2022 06:00 - 28/06/2022 07:00,24702
28/06/2022 07:00 - 28/06/2022 08:00,26713
28/06/2022 08:00 - 28/06/2022 09:00,28342
28/06/2022 09:00 - 28/06/2022 10:00,29649
28/06/2022 10:00 - 28/06/2022 11:00,30436
28/06/2022 11:00 - 28/06/2022 12:00,30921
28/06/2022 12:00 - 28/06/2022 13:00,31432
28/06/2022 13:00 - 28/06/2022 14:00,31671
28/06/2022 14:00 - 28/06/2022 15:00,31221
28/06/2022 15:00 - 28/06/2022 16:00,30453
28/06/2022 16:00 - 28/06/2022 17:00,30415
28/06/2022 17:00 - 28/06/2022 18:00,30514
28/06/2022 18:00 - 28/06/2022 19:00,30279
28/06/2022 19:00 - 28/06/2022 20:00,30311
28/06/2022 20:00 - 28/06/2022 21:00,30179
28/06/2022 21:00 - 28/06/2022 22:00,29868
28/06/2022 22:00 - 28/06/2022 23:00,29107
28/06/2022 23:00 - 29/06/2022 00:00,26730
29/06/2022 00:00 - 29/06/2022 01:00,25821
29/06/2022 01:00 - 29/06/2022 02:00,24498
29/06/2022 02:00 - 29/06/2022 03:00,23435
29/06/2022 03:00 - 29/06/2022 04:00,23041
29/06/2022 04:00 - 29/06/2022 05:00,22858
29/06/2022 05:00 - 29/06/2022 06:00,23294
29/06/2022 06:00 - 29/06/2022 07:00,24962
29/06/2022 07:00 - 29/06/2022 08:00,26840
29/06/2022 08:00 - 29/06/2022 09:00,28261
29/06/2022 09:00 - 29/06/2022 10:00,29765
29/06/2022 10:00 - 29/06/2022 11:00,30669
29/06/2022 11:00 - 29/06/2022 12:00,31263
29/06/2022 12:00 - 29/06/2022 13:00,32020
29/06/2022 13:00 - 29/06/2022 14:00,32499
29/06/2022 14:00 - 29/06/2022 15:00,32140
29/06/2022 15:00 - 29/06/2022 16:00,31386
29/06/2022 16:00 - 29/06/2022 17:00,31025
29/06/2022 17:00 - 29/06/2022 18:00,30908
29/06/2022 18:00 - 29/06/2022 19:00,30562
29/06/2022 19:00 - 29/06/2022 20:00,30286
29/06/2022 20:00 - 29/06/2022 21:00,29896
29/06/2022 21:00 - 29/06/2022 22:00,29494
29/06/2022 22:00 - 29/06/2022 23:00,28790
29/06/2022 23:00 - 30/06/2022 00:00,26871
30/06/2022 00:00 - 30/06/2022 01:00,25871
30/06/2022 01:00 - 30/06/2022 02:00,24616
30/06/2022 02:00 - 30/06/2022 03:00,23601
30/06/2022 03:00 - 30/06/2022 04:00,23079
30/06/2022 04:00 - 30/06/2022 05:00,22891
30/06/2022 05:00 - 30/06/2022 06:00,23172
30/06/2022 06:00 - 30/06/2022 07:00,24833
30/06/2022 07:00 - 30/06/2022 08:00,26752
30/06/2022 08:00 - 30/06/2022 09:00,28313
30/06/2022 09:00 - 30/06/2022 10:00,29597
30/06/2022 10:00 - 30/06/2022 11:00,30453
30/06/2022 11:00 - 30/06/2022 12:00,31013
30/06/2022 12:00 - 30/06/2022 13:00,31635
30/06/2022 13:00 - 30/06/2022 14:00,32063
30/06/2022 14:00 - 30/06/2022 15:00,31627
30/06/2022 15:00 - 30/06/2022 16:00,30958
30/06/2022 16:00 - 30/06/2022 17:00,30716
30/06/2022 17:00 - 30/06/2022 18:00,30568
30/06/2022 18:00 - 30/06/2022 19:00,30106
30/06/2022 19:00 - 30/06/2022 20:00,29753
30/06/2022 20:00 - 30/06/2022 21:00,29472
30/06/2022 21:00 - 30/06/2022 22:00,29294
30/06/2022 22:00 - 30/06/2022 23:00,28727
30/06/2022 23:00 - 01/07/2022 00:00,26712
01/07/2022 00:00 - 01/07/2022 01:00,25684
01/07/2022 01:00 - 01/07/2022 02:00,24337
01/07/2022 02:00 - 01/07/2022 03:00,23350
01/07/2022 03:00 - 01/07/2022 04:00,22936
01/07/2022 04:00 - 01/07/2022 05:00,22729
01/07/2022 05:00 - 01/07/2022 06:00,23146
01/07/2022 06:00 - 01/07/2022 07:00,24718
01/07/2022 07:00 - 01/07/2022 08:00,26592
01/07/2022 08:00 - 01/07/2022 09:00,27971
01/07/2022 09:00 - 01/07/2022 10:00,29157
01/07/2022 10:00 - 01/07/2022 11:00,30127
01/07/2022 11:00 - 01/07/2022 12:00,30736
01/07/2022 12:00 - 01/07/2022 13:00,31323
01/07/2022 13:00 - 01/07/2022 14:00,31566
01/07/2022 14:00 - 01/07/2022 15:00,31257
01/07/2022 15:00 - 01/07/2022 16:00,30519
01/07/2022 16:00 - 01/07/2022 17:00,30093
01/07/2022 17:00 - 01/07/2022 18:00,30068
01/07/2022 18:00 - 01/07/2022 19:00,29884
01/07/2022 19:00 - 01/07/2022 20:00,29792
01/07/2022 20:00 - 01/07/2022 21:00,29380
01/07/2022 21:00 - 01/07/2022 22:00,28684
01/07/2022 22:00 - 01/07/2022 23:00,27891
01/07/2022 23:00 - 02/07/2022 00:00,26220
02/07/2022 00:00 - 02/07/2022 01:00,25696
02/07/2022 01:00 - 02/07/2022 02:00,24396
02/07/2022 02:00 - 02/07/2022 03:00,23429
02/07/2022 03:00 - 02/07/2022 04:00,22720
02/07/2022 04:00 - 02/07/2022 05:00,22259
02/07/2022 05:00 - 02/07/2022 06:00,22204
02/07/2022 06:00 - 02/07/2022 07:00,22275
02/07/2022 07:00 - 02/07/2022 08:00,22673
02/07/2022 08:00 - 02/07/2022 09:00,24111
02/07/2022 09:00 - 02/07/2022 10:00,25952
02/07/2022 10:00 - 02/07/2022 11:00,27529
02/07/2022 11:00 - 02/07/2022 12:00,28047
02/07/2022 12:00 - 02/07/2022 13:00,28419
02/07/2022 13:00 - 02/07/2022 14:00,28712
02/07/2022 14:00 - 02/07/2022 15:00,28534
02/07/2022 15:00 - 02/07/2022 16:00,27656
02/07/2022 16:00 - 02/07/2022 17:00,27155
02/07/2022 17:00 - 02/07/2022 18:00,26937
02/07/2022 18:00 - 02/07/2022 19:00,26993
02/07/2022 19:00 - 02/07/2022 20:00,27387
02/07/2022 20:00 - 02/07/2022 21:00,27613
02/07/2022 21:00 - 02/07/2022 22:00,27771
02/07/2022 22:00 - 02/07/2022 23:00,27369
02/07/2022 23:00 - 03/07/2022 00:00,25893
03/07/2022 00:00 - 03/07/2022 01:00,24307
03/07/2022 01:00 - 03/07/2022 02:00,23013
03/07/2022 02:00 - 03/07/2022 03:00,21798
03/07/2022 03:00 - 03/07/2022 04:00,21064
03/07/2022 04:00 - 03/07/2022 05:00,20686
03/07/2022 05:00 - 03/07/2022 06:00,20606
03/07/2022 06:00 - 03/07/2022 07:00,20565
03/07/2022 07:00 - 03/07/2022 08:00,20481
03/07/2022 08:00 - 03/07/2022 09:00,21370
03/07/2022 09:00 - 03/07/2022 10:00,22814
03/07/2022 10:00 - 03/07/2022 11:00,24311
03/07/2022 11:00 - 03/07/2022 12:00,25132
03/07/2022 12:00 - 03/07/2022 13:00,25797
03/07/2022 13:00 - 03/07/2022 14:00,26476
03/07/2022 14:00 - 03/07/2022 15:00,26746
03/07/2022 15:00 - 03/07/2022 16:00,25949
03/07/2022 16:00 - 03/07/2022 17:00,25489
03/07/2022 17:00 - 03/07/2022 18:00,25254
03/07/2022 18:00 - 03/07/2022 19:00,25561
03/07/2022 19:00 - 03/07/2022 20:00,25953
03/07/2022 20:00 - 03/07/2022 21:00,26134
03/07/2022 21:00 - 03/07/2022 22:00,26682
03/07/2022 22:00 - 03/07/2022 23:00,27259
03/07/2022 23:00 - 04/07/2022 00:00,25970
04/07/2022 00:00 - 04/07/2022 01:00,24404
04/07/2022 01:00 - 04/07/2022 02:00,23074
04/07/2022 02:00 - 04/07/2022 03:00,22174
04/07/2022 03:00 - 04/07/2022 04:00,21716
04/07/2022 04:00 - 04/07/2022 05:00,21561
04/07/2022 05:00 - 04/07/2022 06:00,22067
04/07/2022 06:00 - 04/07/2022 07:00,24090
04/07/2022 07:00 - 04/07/2022 08:00,26462
04/07/2022 08:00 - 04/07/2022 09:00,28008
04/07/2022 09:00 - 04/07/2022 10:00,29410
04/07/2022 10:00 - 04/07/2022 11:00,30547
04/07/2022 11:00 - 04/07/2022 12:00,31331
04/07/2022 12:00 - 04/07/2022 13:00,32169
04/07/2022 13:00 - 04/07/2022 14:00,32757
04/07/2022 14:00 - 04/07/2022 15:00,32635
04/07/2022 15:00 - 04/07/2022 16:00,32112
04/07/2022 16:00 - 04/07/2022 17:00,31873
04/07/2022 17:00 - 04/07/2022 18:00,31828
04/07/2022 18:00 - 04/07/2022 19:00,31446
04/07/2022 19:00 - 04/07/2022 20:00,31251
04/07/2022 20:00 - 04/07/2022 21:00,31205
04/07/2022 21:00 - 04/07/2022 22:00,30871
04/07/2022 22:00 - 04/07/2022 23:00,30535
04/07/2022 23:00 - 05/07/2022 00:00,28361
05/07/2022 00:00 - 05/07/2022 01:00,26968
05/07/2022 01:00 - 05/07/2022 02:00,25297
05/07/2022 02:00 - 05/07/2022 03:00,24146
05/07/2022 03:00 - 05/07/2022 04:00,23822
05/07/2022 04:00 - 05/07/2022 05:00,23556
05/07/2022 05:00 - 05/07/2022 06:00,23990
05/07/2022 06:00 - 05/07/2022 07:00,25796
05/07/2022 07:00 - 05/07/2022 08:00,27922
05/07/2022 08:00 - 05/07/2022 09:00,29269
05/07/2022 09:00 - 05/07/2022 10:00,30719
05/07/2022 10:00 - 05/07/2022 11:00,31958
05/07/2022 11:00 - 05/07/2022 12:00,32885
05/07/2022 12:00 - 05/07/2022 13:00,33761
05/07/2022 13:00 - 05/07/2022 14:00,34312
05/07/2022 14:00 - 05/07/2022 15:00,34139
05/07/2022 15:00 - 05/07/2022 16:00,33555
05/07/2022 16:00 - 05/07/2022 17:00,33255
05/07/2022 17:00 - 05/07/2022 18:00,33089
05/07/2022 18:00 - 05/07/2022 19:00,32425
05/07/2022 19:00 - 05/07/2022 20:00,32019
05/07/2022 20:00 - 05/07/2022 21:00,31613
05/07/2022 21:00 - 05/07/2022 22:00,31308
05/07/2022 22:00 - 05/07/2022 23:00,30451
05/07/2022 23:00 - 06/07/2022 00:00,28236
06/07/2022 00:00 - 06/07/2022 01:00,27251
06/07/2022 01:00 - 06/07/2022 02:00,25860
06/07/2022 02:00 - 06/07/2022 03:00,24810
06/07/2022 03:00 - 06/07/2022 04:00,24393
06/07/2022 04:00 - 06/07/2022 05:00,24127
06/07/2022 05:00 - 06/07/2022 06:00,24494
06/07/2022 06:00 - 06/07/2022 07:00,26185
06/07/2022 07:00 - 06/07/2022 08:00,28274
06/07/2022 08:00 - 06/07/2022 09:00,29968
06/07/2022 09:00 - 06/07/2022 10:00,31156
06/07/2022 10:00 - 06/07/2022 11:00,32188
06/07/2022 11:00 - 06/07/2022 12:00,32858
06/07/2022 12:00 - 06/07/2022 13:00,33527
06/07/2022 13:00 - 06/07/2022 14:00,34009
06/07/2022 14:00 - 06/07/2022 15:00,33655
06/07/2022 15:00 - 06/07/2022 16:00,32789
06/07/2022 16:00 - 06/07/2022 17:00,32062
06/07/2022 17:00 - 06/07/2022 18:00,31879
06/07/2022 18:00 - 06/07/2022 19:00,31167
06/07/2022 19:00 - 06/07/2022 20:00,30862
06/07/2022 20:00 - 06/07/2022 21:00,30563
06/07/2022 21:00 - 06/07/2022 22:00,30196
06/07/2022 22:00 - 06/07/2022 23:00,29522
06/07/2022 23:00 - 07/07/2022 00:00,27551
07/07/2022 00:00 - 07/07/2022 01:00,26716
07/07/2022 01:00 - 07/07/2022 02:00,25332
07/07/2022 02:00 - 07/07/2022 03:00,24317
07/07/2022 03:00 - 07/07/2022 04:00,23660
07/07/2022 04:00 - 07/07/2022 05:00,23515
07/07/2022 05:00 - 07/07/2022 06:00,23885
07/07/2022 06:00 - 07/07/2022 07:00,25572
07/07/2022 07:00 - 07/07/2022 08:00,27550
07/07/2022 08:00 - 07/07/2022 09:00,28946
07/07/2022 09:00 - 07/07/2022 10:00,30134
07/07/2022 10:00 - 07/07/2022 11:00,30941
07/07/2022 11:00 - 07/07/2022 12:00,31652
07/07/2022 12:00 - 07/07/2022 13:00,32310
07/07/2022 13:00 - 07/07/2022 14:00,32856
07/07/2022 14:00 - 07/07/2022 15:00,32788
07/07/2022 15:00 - 07/07/2022 16:00,32355
07/07/2022 16:00 - 07/07/2022 17:00,32119
07/07/2022 17:00 - 07/07/2022 18:00,32037
07/07/2022 18:00 - 07/07/2022 19:00,31598
07/07/2022 19:00 - 07/07/2022 20:00,31396
07/07/2022 20:00 - 07/07/2022 21:00,31033
07/07/2022 21:00 - 07/07/2022 22:00,30611
07/07/2022 22:00 - 07/07/2022 23:00,30099
07/07/2022 23:00 - 08/07/2022 00:00,28243
08/07/2022 00:00 - 08/07/2022 01:00,27140
08/07/2022 01:00 - 08/07/2022 02:00,25651
08/07/2022 02:00 - 08/07/2022 03:00,24460
08/07/2022 03:00 - 08/07/2022 04:00,24066
08/07/2022 04:00 - 08/07/2022 05:00,23773
08/07/2022 05:00 - 08/07/2022 06:00,24144
08/07/2022 06:00 - 08/07/2022 07:00,25793
08/07/2022 07:00 - 08/07/2022 08:00,27766
08/07/2022 08:00 - 08/07/2022 09:00,29192
08/07/2022 09:00 - 08/07/2022 10:00,30520
08/07/2022 10:00 - 08/07/2022 11:00,31590
08/07/2022 11:00 - 08/07/2022 12:00,32395
08/07/2022 12:00 - 08/07/2022 13:00,33112
08/07/2022 13:00 - 08/07/2022 14:00,33751
08/07/2022 14:00 - 08/07/2022 15:00,33656
08/07/2022 15:00 - 08/07/2022 16:00,32931
08/07/2022 16:00 - 08/07/2022 17:00,32583
08/07/2022 17:00 - 08/07/2022 18:00,32410
08/07/2022 18:00 - 08/07/2022 19:00,31947
08/07/2022 19:00 - 08/07/2022 20:00,31730
08/07/2022 20:00 - 08/07/2022 21:00,31361
08/07/2022 21:00 - 08/07/2022 22:00,30392
08/07/2022 22:00 - 08/07/2022 23:00,29643
08/07/2022 23:00 - 09/07/2022 00:00,27719
09/07/2022 00:00 - 09/07/2022 01:00,26863
09/07/2022 01:00 - 09/07/2022 02:00,25596
09/07/2022 02:00 - 09/07/2022 03:00,24302
09/07/2022 03:00 - 09/07/2022 04:00,23438
09/07/2022 04:00 - 09/07/2022 05:00,22886
09/07/2022 05:00 - 09/07/2022 06:00,22677
09/07/2022 06:00 - 09/07/2022 07:00,22668
09/07/2022 07:00 - 09/07/2022 08:00,23061
09/07/2022 08:00 - 09/07/2022 09:00,24377
09/07/2022 09:00 - 09/07/2022 10:00,26243
09/07/2022 10:00 - 09/07/2022 11:00,27836
09/07/2022 11:00 - 09/07/2022 12:00,28600
09/07/2022 12:00 - 09/07/2022 13:00,29332
09/07/2022 13:00 - 09/07/2022 14:00,29920
09/07/2022 14:00 - 09/07/2022 15:00,29977
09/07/2022 15:00 - 09/07/2022 16:00,29437
09/07/2022 16:00 - 09/07/2022 17:00,29038
09/07/2022 17:00 - 09/07/2022 18:00,28946
09/07/2022 18:00 - 09/07/2022 19:00,28962
09/07/2022 19:00 - 09/07/2022 20:00,29083
09/07/2022 20:00 - 09/07/2022 21:00,28856
09/07/2022 21:00 - 09/07/2022 22:00,28495
09/07/2022 22:00 - 09/07/2022 23:00,28150
09/07/2022 23:00 - 10/07/2022 00:00,26667
10/07/2022 00:00 - 10/07/2022 01:00,25101
10/07/2022 01:00 - 10/07/2022 02:00,23603
10/07/2022 02:00 - 10/07/2022 03:00,22519
10/07/2022 03:00 - 10/07/2022 04:00,21918
10/07/2022 04:00 - 10/07/2022 05:00,21558
10/07/2022 05:00 - 10/07/2022 06:00,21368
10/07/2022 06:00 - 10/07/2022 07:00,21152
10/07/2022 07:00 - 10/07/2022 08:00,20986
10/07/2022 08:00 - 10/07/2022 09:00,21844
10/07/2022 09:00 - 10/07/2022 10:00,23274
10/07/2022 10:00 - 10/07/2022 11:00,25131
10/07/2022 11:00 - 10/07/2022 12:00,26153
10/07/2022 12:00 - 10/07/2022 13:00,26905
10/07/2022 13:00 - 10/07/2022 14:00,27962
10/07/2022 14:00 - 10/07/2022 15:00,28539
10/07/2022 15:00 - 10/07/2022 16:00,28078
10/07/2022 16:00 - 10/07/2022 17:00,27643
10/07/2022 17:00 - 10/07/2022 18:00,27577
10/07/2022 18:00 - 10/07/2022 19:00,27730
10/07/2022 19:00 - 10/07/2022 20:00,28128
10/07/2022 20:00 - 10/07/2022 21:00,28297
10/07/2022 21:00 - 10/07/2022 22:00,28839
10/07/2022 22:00 - 10/07/2022 23:00,29545
10/07/2022 23:00 - 11/07/2022 00:00,28120
11/07/2022 00:00 - 11/07/2022 01:00,26483
11/07/2022 01:00 - 11/07/2022 02:00,25017
11/07/2022 02:00 - 11/07/2022 03:00,23940
11/07/2022 03:00 - 11/07/2022 04:00,23434
11/07/2022 04:00 - 11/07/2022 05:00,23061
11/07/2022 05:00 - 11/07/2022 06:00,23591
11/07/2022 06:00 - 11/07/2022 07:00,25709
11/07/2022 07:00 - 11/07/2022 08:00,27754
11/07/2022 08:00 - 11/07/2022 09:00,29862
11/07/2022 09:00 - 11/07/2022 10:00,31679
11/07/2022 10:00 - 11/07/2022 11:00,33060
11/07/2022 11:00 - 11/07/2022 12:00,34112
11/07/2022 12:00 - 11/07/2022 13:00,35078
11/07/2022 13:00 - 11/07/2022 14:00,35773
11/07/2022 14:00 - 11/07/2022 15:00,35854
11/07/2022 15:00 - 11/07/2022 16:00,35411
11/07/2022 16:00 - 11/07/2022 17:00,35191
11/07/2022 17:00 - 11/07/2022 18:00,35141
11/07/2022 18:00 - 11/07/2022 19:00,34413
11/07/2022 19:00 - 11/07/2022 20:00,33940
11/07/2022 20:00 - 11/07/2022 21:00,33230
11/07/2022 21:00 - 11/07/2022 22:00,32687
11/07/2022 22:00 - 11/07/2022 23:00,32176
11/07/2022 23:00 - 12/07/2022 00:00,30135
12/07/2022 00:00 - 12/07/2022 01:00,28835
12/07/2022 01:00 - 12/07/2022 02:00,27167
12/07/2022 02:00 - 12/07/2022 03:00,26018
12/07/2022 03:00 - 12/07/2022 04:00,25408
12/07/2022 04:00 - 12/07/2022 05:00,25018
12/07/2022 05:00 - 12/07/2022 06:00,25243
12/07/2022 06:00 - 12/07/2022 07:00,26857
12/07/2022 07:00 - 12/07/2022 08:00,28803
12/07/2022 08:00 - 12/07/2022 09:00,30555
12/07/2022 09:00 - 12/07/2022 10:00,32433
12/07/2022 10:00 - 12/07/2022 11:00,33856
12/07/2022 11:00 - 12/07/2022 12:00,34852
12/07/2022 12:00 - 12/07/2022 13:00,35842
12/07/2022 13:00 - 12/07/2022 14:00,36558
12/07/2022 14:00 - 12/07/2022 15:00,36892
12/07/2022 15:00 - 12/07/2022 16:00,36506
12/07/2022 16:00 - 12/07/2022 17:00,36255
12/07/2022 17:00 - 12/07/2022 18:00,36171
12/07/2022 18:00 - 12/07/2022 19:00,35558
12/07/2022 19:00 - 12/07/2022 20:00,35076
12/07/2022 20:00 - 12/07/2022 21:00,34400
12/07/2022 21:00 - 12/07/2022 22:00,33739
12/07/2022 22:00 - 12/07/2022 23:00,32990
12/07/2022 23:00 - 13/07/2022 00:00,30884
13/07/2022 00:00 - 13/07/2022 01:00,29505
13/07/2022 01:00 - 13/07/2022 02:00,27834
13/07/2022 02:00 - 13/07/2022 03:00,26570
13/07/2022 03:00 - 13/07/2022 04:00,25929
13/07/2022 04:00 - 13/07/2022 05:00,25577
13/07/2022 05:00 - 13/07/2022 06:00,25692
13/07/2022 06:00 - 13/07/2022 07:00,27432
13/07/2022 07:00 - 13/07/2022 08:00,29311
13/07/2022 08:00 - 13/07/2022 09:00,31072
13/07/2022 09:00 - 13/07/2022 10:00,33002
13/07/2022 10:00 - 13/07/2022 11:00,34650
13/07/2022 11:00 - 13/07/2022 12:00,35716
13/07/2022 12:00 - 13/07/2022 13:00,36759
13/07/2022 13:00 - 13/07/2022 14:00,37736
13/07/2022 14:00 - 13/07/2022 15:00,37850
13/07/2022 15:00 - 13/07/2022 16:00,37431
13/07/2022 16:00 - 13/07/2022 17:00,37141
13/07/2022 17:00 - 13/07/2022 18:00,36799
13/07/2022 18:00 - 13/07/2022 19:00,35976
13/07/2022 19:00 - 13/07/2022 20:00,35523
13/07/2022 20:00 - 13/07/2022 21:00,34963
13/07/2022 21:00 - 13/07/2022 22:00,34337
13/07/2022 22:00 - 13/07/2022 23:00,33659
13/07/2022 23:00 - 14/07/2022 00:00,31541
14/07/2022 00:00 - 14/07/2022 01:00,30270
14/07/2022 01:00 - 14/07/2022 02:00,28383
14/07/2022 02:00 - 14/07/2022 03:00,27119
14/07/2022 03:00 - 14/07/2022 04:00,26361
14/07/2022 04:00 - 14/07/2022 05:00,25946
14/07/2022 05:00 - 14/07/2022 06:00,26164
14/07/2022 06:00 - 14/07/2022 07:00,27778
14/07/2022 07:00 - 14/07/2022 08:00,29599
14/07/2022 08:00 - 14/07/2022 09:00,31220
14/07/2022 09:00 - 14/07/2022 10:00,32913
14/07/2022 10:00 - 14/07/2022 11:00,34371
14/07/2022 11:00 - 14/07/2022 12:00,35489
14/07/2022 12:00 - 14/07/2022 13:00,36819
14/07/2022 13:00 - 14/07/2022 14:00,37620
14/07/2022 14:00 - 14/07/2022 15:00,37898
14/07/2022 15:00 - 14/07/2022 16:00,37414
14/07/2022 16:00 - 14/07/2022 17:00,37309
14/07/2022 17:00 - 14/07/2022 18:00,36912
14/07/2022 18:00 - 14/07/2022 19:00,36187
14/07/2022 19:00 - 14/07/2022 20:00,35637
14/07/2022 20:00 - 14/07/2022 21:00,34972
14/07/2022 21:00 - 14/07/2022 22:00,34331
14/07/2022 22:00 - 14/07/2022 23:00,33790
14/07/2022 23:00 - 15/07/2022 00:00,31541
15/07/2022 00:00 - 15/07/2022 01:00,30415
15/07/2022 01:00 - 15/07/2022 02:00,28563
15/07/2022 02:00 - 15/07/2022 03:00,27214
15/07/2022 03:00 - 15/07/2022 04:00,26351
15/07/2022 04:00 - 15/07/2022 05:00,25981
15/07/2022 05:00 - 15/07/2022 06:00,26051
15/07/2022 06:00 - 15/07/2022 07:00,27522
15/07/2022 07:00 - 15/07/2022 08:00,29190
15/07/2022 08:00 - 15/07/2022 09:00,30743
15/07/2022 09:00 - 15/07/2022 10:00,32543
15/07/2022 10:00 - 15/07/2022 11:00,34133
15/07/2022 11:00 - 15/07/2022 12:00,35360
15/07/2022 12:00 - 15/07/2022 13:00,36512
15/07/2022 13:00 - 15/07/2022 14:00,37492
15/07/2022 14:00 - 15/07/2022 15:00,37700
15/07/2022 15:00 - 15/07/2022 16:00,37117
15/07/2022 16:00 - 15/07/2022 17:00,36987
15/07/2022 17:00 - 15/07/2022 18:00,36685
15/07/2022 18:00 - 15/07/2022 19:00,35941
15/07/2022 19:00 - 15/07/2022 20:00,35420
15/07/2022 20:00 - 15/07/2022 21:00,34599
15/07/2022 21:00 - 15/07/2022 22:00,33582
15/07/2022 22:00 - 15/07/2022 23:00,32763
15/07/2022 23:00 - 16/07/2022 00:00,30757
16/07/2022 00:00 - 16/07/2022 01:00,29749
16/07/2022 01:00 - 16/07/2022 02:00,28197
16/07/2022 02:00 - 16/07/2022 03:00,26837
16/07/2022 03:00 - 16/07/2022 04:00,25979
16/07/2022 04:00 - 16/07/2022 05:00,25407
16/07/2022 05:00 - 16/07/2022 06:00,24928
16/07/2022 06:00 - 16/07/2022 07:00,24884
16/07/2022 07:00 - 16/07/2022 08:00,25018
16/07/2022 08:00 - 16/07/2022 09:00,26129
16/07/2022 09:00 - 16/07/2022 10:00,27934
16/07/2022 10:00 - 16/07/2022 11:00,29602
16/07/2022 11:00 - 16/07/2022 12:00,30590
16/07/2022 12:00 - 16/07/2022 13:00,31488
16/07/2022 13:00 - 16/07/2022 14:00,32435
16/07/2022 14:00 - 16/07/2022 15:00,32674
16/07/2022 15:00 - 16/07/2022 16:00,32194
16/07/2022 16:00 - 16/07/2022 17:00,31985
16/07/2022 17:00 - 16/07/2022 18:00,31675
16/07/2022 18:00 - 16/07/2022 19:00,31427
16/07/2022 19:00 - 16/07/2022 20:00,31455
16/07/2022 20:00 - 16/07/2022 21:00,31408
16/07/2022 21:00 - 16/07/2022 22:00,31345
16/07/2022 22:00 - 16/07/2022 23:00,30936
16/07/2022 23:00 - 17/07/2022 00:00,29037
17/07/2022 00:00 - 17/07/2022 01:00,27489
17/07/2022 01:00 - 17/07/2022 02:00,26017
17/07/2022 02:00 - 17/07/2022 03:00,24765
17/07/2022 03:00 - 17/07/2022 04:00,23886
17/07/2022 04:00 - 17/07/2022 05:00,23354
17/07/2022 05:00 - 17/07/2022 06:00,22979
17/07/2022 06:00 - 17/07/2022 07:00,22799
17/07/2022 07:00 - 17/07/2022 08:00,22455
17/07/2022 08:00 - 17/07/2022 09:00,22938
17/07/2022 09:00 - 17/07/2022 10:00,24370
17/07/2022 10:00 - 17/07/2022 11:00,26044
17/07/2022 11:00 - 17/07/2022 12:00,27204
17/07/2022 12:00 - 17/07/2022 13:00,28230
17/07/2022 13:00 - 17/07/2022 14:00,29403
17/07/2022 14:00 - 17/07/2022 15:00,30183
17/07/2022 15:00 - 17/07/2022 16:00,29925
17/07/2022 16:00 - 17/07/2022 17:00,29666
17/07/2022 17:00 - 17/07/2022 18:00,29417
17/07/2022 18:00 - 17/07/2022 19:00,29480
17/07/2022 19:00 - 17/07/2022 20:00,29771
17/07/2022 20:00 - 17/07/2022 21:00,30079
17/07/2022 21:00 - 17/07/2022 22:00,30748
17/07/2022 22:00 - 17/07/2022 23:00,31389
17/07/2022 23:00 - 18/07/2022 00:00,29947
18/07/2022 00:00 - 18/07/2022 01:00,28268
18/07/2022 01:00 - 18/07/2022 02:00,26500
18/07/2022 02:00 - 18/07/2022 03:00,25257
18/07/2022 03:00 - 18/07/2022 04:00,24638
18/07/2022 04:00 - 18/07/2022 05:00,24325
18/07/2022 05:00 - 18/07/2022 06:00,24809
18/07/2022 06:00 - 18/07/2022 07:00,26987
18/07/2022 07:00 - 18/07/2022 08:00,29025
18/07/2022 08:00 - 18/07/2022 09:00,31107
18/07/2022 09:00 - 18/07/2022 10:00,33070
18/07/2022 10:00 - 18/07/2022 11:00,34350
18/07/2022 11:00 - 18/07/2022 12:00,35465
18/07/2022 12:00 - 18/07/2022 13:00,36496
18/07/2022 13:00 - 18/07/2022 14:00,37231
18/07/2022 14:00 - 18/07/2022 15:00,37387
18/07/2022 15:00 - 18/07/2022 16:00,37066
18/07/2022 16:00 - 18/07/2022 17:00,37112
18/07/2022 17:00 - 18/07/2022 18:00,36755
18/07/2022 18:00 - 18/07/2022 19:00,35687
18/07/2022 19:00 - 18/07/2022 20:00,35163
18/07/2022 20:00 - 18/07/2022 21:00,34652
18/07/2022 21:00 - 18/07/2022 22:00,34330
18/07/2022 22:00 - 18/07/2022 23:00,33712
18/07/2022 23:00 - 19/07/2022 00:00,31403
19/07/2022 00:00 - 19/07/2022 01:00,29870
19/07/2022 01:00 - 19/07/2022 02:00,28110
19/07/2022 02:00 - 19/07/2022 03:00,26719
19/07/2022 03:00 - 19/07/2022 04:00,25965
19/07/2022 04:00 - 19/07/2022 05:00,25581
19/07/2022 05:00 - 19/07/2022 06:00,25860
19/07/2022 06:00 - 19/07/2022 07:00,27628
19/07/2022 07:00 - 19/07/2022 08:00,29348
19/07/2022 08:00 - 19/07/2022 09:00,31109
19/07/2022 09:00 - 19/07/2022 10:00,32725
19/07/2022 10:00 - 19/07/2022 11:00,34014
19/07/2022 11:00 - 19/07/2022 12:00,34734
19/07/2022 12:00 - 19/07/2022 13:00,35604
19/07/2022 13:00 - 19/07/2022 14:00,36389
19/07/2022 14:00 - 19/07/2022 15:00,36457
19/07/2022 15:00 - 19/07/2022 16:00,36098
19/07/2022 16:00 - 19/07/2022 17:00,35969
19/07/2022 17:00 - 19/07/2022 18:00,35775
19/07/2022 18:00 - 19/07/2022 19:00,34939
19/07/2022 19:00 - 19/07/2022 20:00,34283
19/07/2022 20:00 - 19/07/2022 21:00,33717
19/07/2022 21:00 - 19/07/2022 22:00,33252
19/07/2022 22:00 - 19/07/2022 23:00,32547
19/07/2022 23:00 - 20/07/2022 00:00,30327
20/07/2022 00:00 - 20/07/2022 01:00,29236
20/07/2022 01:00 - 20/07/2022 02:00,27590
20/07/2022 02:00 - 20/07/2022 03:00,26358
20/07/2022 03:00 - 20/07/2022 04:00,25642
20/07/2022 04:00 - 20/07/2022 05:00,25252
20/07/2022 05:00 - 20/07/2022 06:00,25438
20/07/2022 06:00 - 20/07/2022 07:00,27110
20/07/2022 07:00 - 20/07/2022 08:00,28950
20/07/2022 08:00 - 20/07/2022 09:00,30492
20/07/2022 09:00 - 20/07/2022 10:00,31608
20/07/2022 10:00 - 20/07/2022 11:00,32659
20/07/2022 11:00 - 20/07/2022 12:00,34194
20/07/2022 12:00 - 20/07/2022 13:00,35935
20/07/2022 13:00 - 20/07/2022 14:00,36835
20/07/2022 14:00 - 20/07/2022 15:00,37013
20/07/2022 15:00 - 20/07/2022 16:00,36634
20/07/2022 16:00 - 20/07/2022 17:00,36482
20/07/2022 17:00 - 20/07/2022 18:00,36258
20/07/2022 18:00 - 20/07/2022 19:00,35598
20/07/2022 19:00 - 20/07/2022 20:00,35043
20/07/2022 20:00 - 20/07/2022 21:00,34395
20/07/2022 21:00 - 20/07/2022 22:00,33900
20/07/2022 22:00 - 20/07/2022 23:00,33071
20/07/2022 23:00 - 21/07/2022 00:00,30617
21/07/2022 00:00 - 21/07/2022 01:00,29564
21/07/2022 01:00 - 21/07/2022 02:00,27600
21/07/2022 02:00 - 21/07/2022 03:00,26290
21/07/2022 03:00 - 21/07/2022 04:00,25739
21/07/2022 04:00 - 21/07/2022 05:00,25539
21/07/2022 05:00 - 21/07/2022 06:00,25741
21/07/2022 06:00 - 21/07/2022 07:00,27372
21/07/2022 07:00 - 21/07/2022 08:00,29241
21/07/2022 08:00 - 21/07/2022 09:00,30930
21/07/2022 09:00 - 21/07/2022 10:00,32818
21/07/2022 10:00 - 21/07/2022 11:00,34248
21/07/2022 11:00 - 21/07/2022 12:00,35153
21/07/2022 12:00 - 21/07/2022 13:00,36268
21/07/2022 13:00 - 21/07/2022 14:00,37206
21/07/2022 14:00 - 21/07/2022 15:00,37426
21/07/2022 15:00 - 21/07/2022 16:00,37115
21/07/2022 16:00 - 21/07/2022 17:00,36852
21/07/2022 17:00 - 21/07/2022 18:00,36837
21/07/2022 18:00 - 21/07/2022 19:00,36026
21/07/2022 19:00 - 21/07/2022 20:00,35514
21/07/2022 20:00 - 21/07/2022 21:00,34759
21/07/2022 21:00 - 21/07/2022 22:00,34210
21/07/2022 22:00 - 21/07/2022 23:00,33491
21/07/2022 23:00 - 22/07/2022 00:00,31282
22/07/2022 00:00 - 22/07/2022 01:00,30152
22/07/2022 01:00 - 22/07/2022 02:00,28423
22/07/2022 02:00 - 22/07/2022 03:00,27003
22/07/2022 03:00 - 22/07/2022 04:00,26381
22/07/2022 04:00 - 22/07/2022 05:00,26123
22/07/2022 05:00 - 22/07/2022 06:00,26297
22/07/2022 06:00 - 22/07/2022 07:00,28010
22/07/2022 07:00 - 22/07/2022 08:00,29672
22/07/2022 08:00 - 22/07/2022 09:00,31317
22/07/2022 09:00 - 22/07/2022 10:00,32889
22/07/2022 10:00 - 22/07/2022 11:00,34386
22/07/2022 11:00 - 22/07/2022 12:00,35654
22/07/2022 12:00 - 22/07/2022 13:00,36836
22/07/2022 13:00 - 22/07/2022 14:00,37461
22/07/2022 14:00 - 22/07/2022 15:00,37382
22/07/2022 15:00 - 22/07/2022 16:00,36800
22/07/2022 16:00 - 22/07/2022 17:00,36291
22/07/2022 17:00 - 22/07/2022 18:00,35919
22/07/2022 18:00 - 22/07/2022 19:00,35280
22/07/2022 19:00 - 22/07/2022 20:00,34712
22/07/2022 20:00 - 22/07/2022 21:00,33896
22/07/2022 21:00 - 22/07/2022 22:00,33038
22/07/2022 22:00 - 22/07/2022 23:00,32057
22/07/2022 23:00 - 23/07/2022 00:00,30012
23/07/2022 00:00 - 23/07/2022 01:00,29255
23/07/2022 01:00 - 23/07/2022 02:00,27381
23/07/2022 02:00 - 23/07/2022 03:00,25855
23/07/2022 03:00 - 23/07/2022 04:00,24885
23/07/2022 04:00 - 23/07/2022 05:00,24058
23/07/2022 05:00 - 23/07/2022 06:00,23644
23/07/2022 06:00 - 23/07/2022 07:00,23734
23/07/2022 07:00 - 23/07/2022 08:00,24017
23/07/2022 08:00 - 23/07/2022 09:00,25197
23/07/2022 09:00 - 23/07/2022 10:00,26986
23/07/2022 10:00 - 23/07/2022 11:00,28846
23/07/2022 11:00 - 23/07/2022 12:00,29845
23/07/2022 12:00 - 23/07/2022 13:00,30748
23/07/2022 13:00 - 23/07/2022 14:00,31586
23/07/2022 14:00 - 23/07/2022 15:00,31681
23/07/2022 15:00 - 23/07/2022 16:00,31419
23/07/2022 16:00 - 23/07/2022 17:00,31087
23/07/2022 17:00 - 23/07/2022 18:00,30821
23/07/2022 18:00 - 23/07/2022 19:00,30831
23/07/2022 19:00 - 23/07/2022 20:00,30964
23/07/2022 20:00 - 23/07/2022 21:00,30777
23/07/2022 21:00 - 23/07/2022 22:00,30706
23/07/2022 22:00 - 23/07/2022 23:00,30226
23/07/2022 23:00 - 24/07/2022 00:00,28566
24/07/2022 00:00 - 24/07/2022 01:00,27169
24/07/2022 01:00 - 24/07/2022 02:00,25615
24/07/2022 02:00 - 24/07/2022 03:00,24356
24/07/2022 03:00 - 24/07/2022 04:00,23441
24/07/2022 04:00 - 24/07/2022 05:00,22805
24/07/2022 05:00 - 24/07/2022 06:00,22538
24/07/2022 06:00 - 24/07/2022 07:00,22429
24/07/2022 07:00 - 24/07/2022 08:00,22062
24/07/2022 08:00 - 24/07/2022 09:00,22774
24/07/2022 09:00 - 24/07/2022 10:00,24177
24/07/2022 10:00 - 24/07/2022 11:00,25614
24/07/2022 11:00 - 24/07/2022 12:00,26629
24/07/2022 12:00 - 24/07/2022 13:00,27604
24/07/2022 13:00 - 24/07/2022 14:00,28625
24/07/2022 14:00 - 24/07/2022 15:00,29431
24/07/2022 15:00 - 24/07/2022 16:00,29359
24/07/2022 16:00 - 24/07/2022 17:00,29158
24/07/2022 17:00 - 24/07/2022 18:00,28986
24/07/2022 18:00 - 24/07/2022 19:00,29083
24/07/2022 19:00 - 24/07/2022 20:00,29275
24/07/2022 20:00 - 24/07/2022 21:00,29604
24/07/2022 21:00 - 24/07/2022 22:00,30227
24/07/2022 22:00 - 24/07/2022 23:00,30945
24/07/2022 23:00 - 25/07/2022 00:00,29507
25/07/2022 00:00 - 25/07/2022 01:00,27791
25/07/2022 01:00 - 25/07/2022 02:00,25879
25/07/2022 02:00 - 25/07/2022 03:00,24669
25/07/2022 03:00 - 25/07/2022 04:00,23927
25/07/2022 04:00 - 25/07/2022 05:00,23421
25/07/2022 05:00 - 25/07/2022 06:00,23620
25/07/2022 06:00 - 25/07/2022 07:00,25233
25/07/2022 07:00 - 25/07/2022 08:00,26704
25/07/2022 08:00 - 25/07/2022 09:00,28186
25/07/2022 09:00 - 25/07/2022 10:00,30133
25/07/2022 10:00 - 25/07/2022 11:00,31821
25/07/2022 11:00 - 25/07/2022 12:00,33147
25/07/2022 12:00 - 25/07/2022 13:00,34074
25/07/2022 13:00 - 25/07/2022 14:00,35029
25/07/2022 14:00 - 25/07/2022 15:00,35357
25/07/2022 15:00 - 25/07/2022 16:00,34873
25/07/2022 16:00 - 25/07/2022 17:00,34692
25/07/2022 17:00 - 25/07/2022 18:00,34404
25/07/2022 18:00 - 25/07/2022 19:00,33950
25/07/2022 19:00 - 25/07/2022 20:00,33522
25/07/2022 20:00 - 25/07/2022 21:00,33082
25/07/2022 21:00 - 25/07/2022 22:00,32920
25/07/2022 22:00 - 25/07/2022 23:00,32617
25/07/2022 23:00 - 26/07/2022 00:00,30807
26/07/2022 00:00 - 26/07/2022 01:00,29402
26/07/2022 01:00 - 26/07/2022 02:00,27650
26/07/2022 02:00 - 26/07/2022 03:00,26374
26/07/2022 03:00 - 26/07/2022 04:00,25586
26/07/2022 04:00 - 26/07/2022 05:00,25095
26/07/2022 05:00 - 26/07/2022 06:00,25236
26/07/2022 06:00 - 26/07/2022 07:00,26944
26/07/2022 07:00 - 26/07/2022 08:00,28956
26/07/2022 08:00 - 26/07/2022 09:00,30700
26/07/2022 09:00 - 26/07/2022 10:00,32372
26/07/2022 10:00 - 26/07/2022 11:00,33525
26/07/2022 11:00 - 26/07/2022 12:00,34668
26/07/2022 12:00 - 26/07/2022 13:00,35684
26/07/2022 13:00 - 26/07/2022 14:00,36519
26/07/2022 14:00 - 26/07/2022 15:00,36535
26/07/2022 15:00 - 26/07/2022 16:00,36181
26/07/2022 16:00 - 26/07/2022 17:00,35990
26/07/2022 17:00 - 26/07/2022 18:00,35685
26/07/2022 18:00 - 26/07/2022 19:00,35036
26/07/2022 19:00 - 26/07/2022 20:00,34620
26/07/2022 20:00 - 26/07/2022 21:00,33997
26/07/2022 21:00 - 26/07/2022 22:00,33620
26/07/2022 22:00 - 26/07/2022 23:00,32834
26/07/2022 23:00 - 27/07/2022 00:00,30628
27/07/2022 00:00 - 27/07/2022 01:00,29349
27/07/2022 01:00 - 27/07/2022 02:00,27729
27/07/2022 02:00 - 27/07/2022 03:00,26429
27/07/2022 03:00 - 27/07/2022 04:00,25669
27/07/2022 04:00 - 27/07/2022 05:00,25290
27/07/2022 05:00 - 27/07/2022 06:00,25509
27/07/2022 06:00 - 27/07/2022 07:00,27333
27/07/2022 07:00 - 27/07/2022 08:00,28958
27/07/2022 08:00 - 27/07/2022 09:00,30322
27/07/2022 09:00 - 27/07/2022 10:00,31851
27/07/2022 10:00 - 27/07/2022 11:00,33167
27/07/2022 11:00 - 27/07/2022 12:00,34060
27/07/2022 12:00 - 27/07/2022 13:00,34927
27/07/2022 13:00 - 27/07/2022 14:00,35534
27/07/2022 14:00 - 27/07/2022 15:00,35434
27/07/2022 15:00 - 27/07/2022 16:00,34855
27/07/2022 16:00 - 27/07/2022 17:00,34778
27/07/2022 17:00 - 27/07/2022 18:00,34587
27/07/2022 18:00 - 27/07/2022 19:00,33959
27/07/2022 19:00 - 27/07/2022 20:00,33568
27/07/2022 20:00 - 27/07/2022 21:00,32833
27/07/2022 21:00 - 27/07/2022 22:00,32435
27/07/2022 22:00 - 27/07/2022 23:00,31633
27/07/2022 23:00 - 28/07/2022 00:00,29579
28/07/2022 00:00 - 28/07/2022 01:00,28658
28/07/2022 01:00 - 28/07/2022 02:00,27093
28/07/2022 02:00 - 28/07/2022 03:00,25961
28/07/2022 03:00 - 28/07/2022 04:00,25330
28/07/2022 04:00 - 28/07/2022 05:00,25049
28/07/2022 05:00 - 28/07/2022 06:00,25328
28/07/2022 06:00 - 28/07/2022 07:00,27208
28/07/2022 07:00 - 28/07/2022 08:00,28946
28/07/2022 08:00 - 28/07/2022 09:00,30442
28/07/2022 09:00 - 28/07/2022 10:00,32026
28/07/2022 10:00 - 28/07/2022 11:00,33111
28/07/2022 11:00 - 28/07/2022 12:00,33973
28/07/2022 12:00 - 28/07/2022 13:00,34944
28/07/2022 13:00 - 28/07/2022 14:00,35616
28/07/2022 14:00 - 28/07/2022 15:00,35705
28/07/2022 15:00 - 28/07/2022 16:00,35236
28/07/2022 16:00 - 28/07/2022 17:00,35010
28/07/2022 17:00 - 28/07/2022 18:00,34622
28/07/2022 18:00 - 28/07/2022 19:00,34065
28/07/2022 19:00 - 28/07/2022 20:00,33645
28/07/2022 20:00 - 28/07/2022 21:00,33173
28/07/2022 21:00 - 28/07/2022 22:00,32843
28/07/2022 22:00 - 28/07/2022 23:00,32019
28/07/2022 23:00 - 29/07/2022 00:00,30129
29/07/2022 00:00 - 29/07/2022 01:00,29088
29/07/2022 01:00 - 29/07/2022 02:00,27605
29/07/2022 02:00 - 29/07/2022 03:00,26220
29/07/2022 03:00 - 29/07/2022 04:00,25477
29/07/2022 04:00 - 29/07/2022 05:00,25107
29/07/2022 05:00 - 29/07/2022 06:00,25464
29/07/2022 06:00 - 29/07/2022 07:00,27113
29/07/2022 07:00 - 29/07/2022 08:00,28929
29/07/2022 08:00 - 29/07/2022 09:00,30387
29/07/2022 09:00 - 29/07/2022 10:00,32060
29/07/2022 10:00 - 29/07/2022 11:00,33288
29/07/2022 11:00 - 29/07/2022 12:00,34033
29/07/2022 12:00 - 29/07/2022 13:00,34926
29/07/2022 13:00 - 29/07/2022 14:00,35479
29/07/2022 14:00 - 29/07/2022 15:00,35273
29/07/2022 15:00 - 29/07/2022 16:00,34586
29/07/2022 16:00 - 29/07/2022 17:00,34154
29/07/2022 17:00 - 29/07/2022 18:00,33946
29/07/2022 18:00 - 29/07/2022 19:00,33129
29/07/2022 19:00 - 29/07/2022 20:00,32651
29/07/2022 20:00 - 29/07/2022 21:00,31990
29/07/2022 21:00 - 29/07/2022 22:00,31534
29/07/2022 22:00 - 29/07/2022 23:00,30470
29/07/2022 23:00 - 30/07/2022 00:00,28541
30/07/2022 00:00 - 30/07/2022 01:00,27745
30/07/2022 01:00 - 30/07/2022 02:00,26420
30/07/2022 02:00 - 30/07/2022 03:00,25065
30/07/2022 03:00 - 30/07/2022 04:00,24264
30/07/2022 04:00 - 30/07/2022 05:00,23689
30/07/2022 05:00 - 30/07/2022 06:00,23279
30/07/2022 06:00 - 30/07/2022 07:00,23566
30/07/2022 07:00 - 30/07/2022 08:00,23530
30/07/2022 08:00 - 30/07/2022 09:00,24583
30/07/2022 09:00 - 30/07/2022 10:00,26420
30/07/2022 10:00 - 30/07/2022 11:00,28001
30/07/2022 11:00 - 30/07/2022 12:00,28861
30/07/2022 12:00 - 30/07/2022 13:00,29694
30/07/2022 13:00 - 30/07/2022 14:00,30458
30/07/2022 14:00 - 30/07/2022 15:00,30687
30/07/2022 15:00 - 30/07/2022 16:00,30484
30/07/2022 16:00 - 30/07/2022 17:00,30016
30/07/2022 17:00 - 30/07/2022 18:00,29664
30/07/2022 18:00 - 30/07/2022 19:00,29491
30/07/2022 19:00 - 30/07/2022 20:00,29317
30/07/2022 20:00 - 30/07/2022 21:00,29103
30/07/2022 21:00 - 30/07/2022 22:00,29324
30/07/2022 22:00 - 30/07/2022 23:00,28778
30/07/2022 23:00 - 31/07/2022 00:00,27379
31/07/2022 00:00 - 31/07/2022 01:00,25978
31/07/2022 01:00 - 31/07/2022 02:00,24626
31/07/2022 02:00 - 31/07/2022 03:00,23524
31/07/2022 03:00 - 31/07/2022 04:00,22470
31/07/2022 04:00 - 31/07/2022 05:00,21995
31/07/2022 05:00 - 31/07/2022 06:00,21808
31/07/2022 06:00 - 31/07/2022 07:00,21912
31/07/2022 07:00 - 31/07/2022 08:00,21472
31/07/2022 08:00 - 31/07/2022 09:00,21991
31/07/2022 09:00 - 31/07/2022 10:00,23443
31/07/2022 10:00 - 31/07/2022 11:00,24866
31/07/2022 11:00 - 31/07/2022 12:00,26036
31/07/2022 12:00 - 31/07/2022 13:00,26903
31/07/2022 13:00 - 31/07/2022 14:00,28036
31/07/2022 14:00 - 31/07/2022 15:00,28804
31/07/2022 15:00 - 31/07/2022 16:00,28539
31/07/2022 16:00 - 31/07/2022 17:00,28196
31/07/2022 17:00 - 31/07/2022 18:00,28101
31/07/2022 18:00 - 31/07/2022 19:00,28236
31/07/2022 19:00 - 31/07/2022 20:00,28526
31/07/2022 20:00 - 31/07/2022 21:00,28698
31/07/2022 21:00 - 31/07/2022 22:00,29569
31/07/2022 22:00 - 31/07/2022 23:00,29954
31/07/2022 23:00 - 01/08/2022 00:00,28272
01/08/2022 00:00 - 01/08/2022 01:00,26380
01/08/2022 01:00 - 01/08/2022 02:00,24744
01/08/2022 02:00 - 01/08/2022 03:00,23641
01/08/2022 03:00 - 01/08/2022 04:00,22947
01/08/2022 04:00 - 01/08/2022 05:00,22692
01/08/2022 05:00 - 01/08/2022 06:00,23157
01/08/2022 06:00 - 01/08/2022 07:00,25211
01/08/2022 07:00 - 01/08/2022 08:00,26961
01/08/2022 08:00 - 01/08/2022 09:00,28865
01/08/2022 09:00 - 01/08/2022 10:00,30681
01/08/2022 10:00 - 01/08/2022 11:00,32369
01/08/2022 11:00 - 01/08/2022 12:00,33522
01/08/2022 12:00 - 01/08/2022 13:00,34511
01/08/2022 13:00 - 01/08/2022 14:00,35514
01/08/2022 14:00 - 01/08/2022 15:00,35723
01/08/2022 15:00 - 01/08/2022 16:00,35232
01/08/2022 16:00 - 01/08/2022 17:00,34916
01/08/2022 17:00 - 01/08/2022 18:00,34547
01/08/2022 18:00 - 01/08/2022 19:00,33973
01/08/2022 19:00 - 01/08/2022 20:00,33361
01/08/2022 20:00 - 01/08/2022 21:00,32940
01/08/2022 21:00 - 01/08/2022 22:00,33094
01/08/2022 22:00 - 01/08/2022 23:00,32212
01/08/2022 23:00 - 02/08/2022 00:00,30097
02/08/2022 00:00 - 02/08/2022 01:00,28485
02/08/2022 01:00 - 02/08/2022 02:00,26761
02/08/2022 02:00 - 02/08/2022 03:00,25513
02/08/2022 03:00 - 02/08/2022 04:00,24767
02/08/2022 04:00 - 02/08/2022 05:00,24573
02/08/2022 05:00 - 02/08/2022 06:00,24798
02/08/2022 06:00 - 02/08/2022 07:00,26474
02/08/2022 07:00 - 02/08/2022 08:00,27984
02/08/2022 08:00 - 02/08/2022 09:00,29418
02/08/2022 09:00 - 02/08/2022 10:00,31314
02/08/2022 10:00 - 02/08/2022 11:00,32845
02/08/2022 11:00 - 02/08/2022 12:00,33878
02/08/2022 12:00 - 02/08/2022 13:00,35060
02/08/2022 13:00 - 02/08/2022 14:00,35951
02/08/2022 14:00 - 02/08/2022 15:00,36119
02/08/2022 15:00 - 02/08/2022 16:00,35601
02/08/2022 16:00 - 02/08/2022 17:00,35455
02/08/2022 17:00 - 02/08/2022 18:00,35155
02/08/2022 18:00 - 02/08/2022 19:00,34342
02/08/2022 19:00 - 02/08/2022 20:00,33620
02/08/2022 20:00 - 02/08/2022 21:00,33120
02/08/2022 21:00 - 02/08/2022 22:00,33142
02/08/2022 22:00 - 02/08/2022 23:00,32229
02/08/2022 23:00 - 03/08/2022 00:00,30038
03/08/2022 00:00 - 03/08/2022 01:00,28785
03/08/2022 01:00 - 03/08/2022 02:00,27060
03/08/2022 02:00 - 03/08/2022 03:00,25755
03/08/2022 03:00 - 03/08/2022 04:00,24920
03/08/2022 04:00 - 03/08/2022 05:00,24558
03/08/2022 05:00 - 03/08/2022 06:00,24733
03/08/2022 06:00 - 03/08/2022 07:00,26413
03/08/2022 07:00 - 03/08/2022 08:00,27894
03/08/2022 08:00 - 03/08/2022 09:00,29113
03/08/2022 09:00 - 03/08/2022 10:00,30957
03/08/2022 10:00 - 03/08/2022 11:00,32507
03/08/2022 11:00 - 03/08/2022 12:00,33425
03/08/2022 12:00 - 03/08/2022 13:00,34622
03/08/2022 13:00 - 03/08/2022 14:00,35633
03/08/2022 14:00 - 03/08/2022 15:00,35777
03/08/2022 15:00 - 03/08/2022 16:00,35345
03/08/2022 16:00 - 03/08/2022 17:00,35084
03/08/2022 17:00 - 03/08/2022 18:00,34664
03/08/2022 18:00 - 03/08/2022 19:00,33949
03/08/2022 19:00 - 03/08/2022 20:00,33205
03/08/2022 20:00 - 03/08/2022 21:00,32689
03/08/2022 21:00 - 03/08/2022 22:00,32377
03/08/2022 22:00 - 03/08/2022 23:00,31559
03/08/2022 23:00 - 04/08/2022 00:00,29585
04/08/2022 00:00 - 04/08/2022 01:00,28024
04/08/2022 01:00 - 04/08/2022 02:00,26424
04/08/2022 02:00 - 04/08/2022 03:00,25273
04/08/2022 03:00 - 04/08/2022 04:00,24592
04/08/2022 04:00 - 04/08/2022 05:00,24146
04/08/2022 05:00 - 04/08/2022 06:00,24361
04/08/2022 06:00 - 04/08/2022 07:00,25978
04/08/2022 07:00 - 04/08/2022 08:00,27451
04/08/2022 08:00 - 04/08/2022 09:00,28685
04/08/2022 09:00 - 04/08/2022 10:00,30446
04/08/2022 10:00 - 04/08/2022 11:00,32058
04/08/2022 11:00 - 04/08/2022 12:00,33040
04/08/2022 12:00 - 04/08/2022 13:00,33975
04/08/2022 13:00 - 04/08/2022 14:00,34962
04/08/2022 14:00 - 04/08/2022 15:00,35089
04/08/2022 15:00 - 04/08/2022 16:00,34513
04/08/2022 16:00 - 04/08/2022 17:00,34370
04/08/2022 17:00 - 04/08/2022 18:00,34218
04/08/2022 18:00 - 04/08/2022 19:00,33458
04/08/2022 19:00 - 04/08/2022 20:00,32718
04/08/2022 20:00 - 04/08/2022 21:00,32239
04/08/2022 21:00 - 04/08/2022 22:00,32301
04/08/2022 22:00 - 04/08/2022 23:00,31368
04/08/2022 23:00 - 05/08/2022 00:00,29167
05/08/2022 00:00 - 05/08/2022 01:00,27658
05/08/2022 01:00 - 05/08/2022 02:00,26285
05/08/2022 02:00 - 05/08/2022 03:00,24992
05/08/2022 03:00 - 05/08/2022 04:00,24257
05/08/2022 04:00 - 05/08/2022 05:00,23822
05/08/2022 05:00 - 05/08/2022 06:00,23971
05/08/2022 06:00 - 05/08/2022 07:00,25497
05/08/2022 07:00 - 05/08/2022 08:00,27017
05/08/2022 08:00 - 05/08/2022 09:00,28269
05/08/2022 09:00 - 05/08/2022 10:00,29831
05/08/2022 10:00 - 05/08/2022 11:00,31408
05/08/2022 11:00 - 05/08/2022 12:00,32336
05/08/2022 12:00 - 05/08/2022 13:00,33359
05/08/2022 13:00 - 05/08/2022 14:00,34149
05/08/2022 14:00 - 05/08/2022 15:00,34283
05/08/2022 15:00 - 05/08/2022 16:00,33785
05/08/2022 16:00 - 05/08/2022 17:00,33361
05/08/2022 17:00 - 05/08/2022 18:00,32788
05/08/2022 18:00 - 05/08/2022 19:00,32090
05/08/2022 19:00 - 05/08/2022 20:00,31589
05/08/2022 20:00 - 05/08/2022 21:00,30881
05/08/2022 21:00 - 05/08/2022 22:00,30567
05/08/2022 22:00 - 05/08/2022 23:00,29459
05/08/2022 23:00 - 06/08/2022 00:00,27544
06/08/2022 00:00 - 06/08/2022 01:00,26423
06/08/2022 01:00 - 06/08/2022 02:00,25010
06/08/2022 02:00 - 06/08/2022 03:00,23718
06/08/2022 03:00 - 06/08/2022 04:00,22911
06/08/2022 04:00 - 06/08/2022 05:00,22562
06/08/2022 05:00 - 06/08/2022 06:00,22348
06/08/2022 06:00 - 06/08/2022 07:00,22733
06/08/2022 07:00 - 06/08/2022 08:00,22704
06/08/2022 08:00 - 06/08/2022 09:00,23738
06/08/2022 09:00 - 06/08/2022 10:00,25453
06/08/2022 10:00 - 06/08/2022 11:00,27195
06/08/2022 11:00 - 06/08/2022 12:00,28023
06/08/2022 12:00 - 06/08/2022 13:00,28613
06/08/2022 13:00 - 06/08/2022 14:00,29495
06/08/2022 14:00 - 06/08/2022 15:00,29779
06/08/2022 15:00 - 06/08/2022 16:00,29619
06/08/2022 16:00 - 06/08/2022 17:00,29491
06/08/2022 17:00 - 06/08/2022 18:00,29383
06/08/2022 18:00 - 06/08/2022 19:00,29326
06/08/2022 19:00 - 06/08/2022 20:00,29197
06/08/2022 20:00 - 06/08/2022 21:00,28802
06/08/2022 21:00 - 06/08/2022 22:00,29271
06/08/2022 22:00 - 06/08/2022 23:00,28505
06/08/2022 23:00 - 07/08/2022 00:00,26905
07/08/2022 00:00 - 07/08/2022 01:00,25520
07/08/2022 01:00 - 07/08/2022 02:00,24091
07/08/2022 02:00 - 07/08/2022 03:00,22742
07/08/2022 03:00 - 07/08/2022 04:00,21920
07/08/2022 04:00 - 07/08/2022 05:00,21256
07/08/2022 05:00 - 07/08/2022 06:00,20966
07/08/2022 06:00 - 07/08/2022 07:00,21140
07/08/2022 07:00 - 07/08/2022 08:00,20861
07/08/2022 08:00 - 07/08/2022 09:00,21375
07/08/2022 09:00 - 07/08/2022 10:00,22878
07/08/2022 10:00 - 07/08/2022 11:00,24254
07/08/2022 11:00 - 07/08/2022 12:00,25029
07/08/2022 12:00 - 07/08/2022 13:00,25709
07/08/2022 13:00 - 07/08/2022 14:00,26724
07/08/2022 14:00 - 07/08/2022 15:00,27349
07/08/2022 15:00 - 07/08/2022 16:00,27130
07/08/2022 16:00 - 07/08/2022 17:00,26919
07/08/2022 17:00 - 07/08/2022 18:00,27041
07/08/2022 18:00 - 07/08/2022 19:00,27158
07/08/2022 19:00 - 07/08/2022 20:00,27180
07/08/2022 20:00 - 07/08/2022 21:00,27128
07/08/2022 21:00 - 07/08/2022 22:00,28052
07/08/2022 22:00 - 07/08/2022 23:00,27963
07/08/2022 23:00 - 08/08/2022 00:00,26370
08/08/2022 00:00 - 08/08/2022 01:00,24782
08/08/2022 01:00 - 08/08/2022 02:00,23303
08/08/2022 02:00 - 08/08/2022 03:00,22252
08/08/2022 03:00 - 08/08/2022 04:00,21676
08/08/2022 04:00 - 08/08/2022 05:00,21486
08/08/2022 05:00 - 08/08/2022 06:00,21898
08/08/2022 06:00 - 08/08/2022 07:00,23733
08/08/2022 07:00 - 08/08/2022 08:00,25237
08/08/2022 08:00 - 08/08/2022 09:00,26750
08/08/2022 09:00 - 08/08/2022 10:00,28393
08/08/2022 10:00 - 08/08/2022 11:00,29482
08/08/2022 11:00 - 08/08/2022 12:00,30326
08/08/2022 12:00 - 08/08/2022 13:00,31096
08/08/2022 13:00 - 08/08/2022 14:00,32137
08/08/2022 14:00 - 08/08/2022 15:00,32520
08/08/2022 15:00 - 08/08/2022 16:00,32018
08/08/2022 16:00 - 08/08/2022 17:00,31816
08/08/2022 17:00 - 08/08/2022 18:00,31775
08/08/2022 18:00 - 08/08/2022 19:00,31461
08/08/2022 19:00 - 08/08/2022 20:00,30869
08/08/2022 20:00 - 08/08/2022 21:00,30439
08/08/2022 21:00 - 08/08/2022 22:00,30797
08/08/2022 22:00 - 08/08/2022 23:00,29840
08/08/2022 23:00 - 09/08/2022 00:00,27759
09/08/2022 00:00 - 09/08/2022 01:00,26427
09/08/2022 01:00 - 09/08/2022 02:00,24835
09/08/2022 02:00 - 09/08/2022 03:00,23609
09/08/2022 03:00 - 09/08/2022 04:00,22780
09/08/2022 04:00 - 09/08/2022 05:00,22448
09/08/2022 05:00 - 09/08/2022 06:00,22708
09/08/2022 06:00 - 09/08/2022 07:00,24296
09/08/2022 07:00 - 09/08/2022 08:00,25765
09/08/2022 08:00 - 09/08/2022 09:00,26914
09/08/2022 09:00 - 09/08/2022 10:00,28598
09/08/2022 10:00 - 09/08/2022 11:00,29865
09/08/2022 11:00 - 09/08/2022 12:00,30846
09/08/2022 12:00 - 09/08/2022 13:00,31698
09/08/2022 13:00 - 09/08/2022 14:00,32567
09/08/2022 14:00 - 09/08/2022 15:00,32856
09/08/2022 15:00 - 09/08/2022 16:00,32363
09/08/2022 16:00 - 09/08/2022 17:00,32188
09/08/2022 17:00 - 09/08/2022 18:00,31997
09/08/2022 18:00 - 09/08/2022 19:00,31588
09/08/2022 19:00 - 09/08/2022 20:00,31008
09/08/2022 20:00 - 09/08/2022 21:00,30423
09/08/2022 21:00 - 09/08/2022 22:00,30953
09/08/2022 22:00 - 09/08/2022 23:00,30043
09/08/2022 23:00 - 10/08/2022 00:00,27929
10/08/2022 00:00 - 10/08/2022 01:00,26748
10/08/2022 01:00 - 10/08/2022 02:00,25207
10/08/2022 02:00 - 10/08/2022 03:00,24095
10/08/2022 03:00 - 10/08/2022 04:00,23557
10/08/2022 04:00 - 10/08/2022 05:00,23250
10/08/2022 05:00 - 10/08/2022 06:00,23438
10/08/2022 06:00 - 10/08/2022 07:00,24891
10/08/2022 07:00 - 10/08/2022 08:00,26312
10/08/2022 08:00 - 10/08/2022 09:00,27343
10/08/2022 09:00 - 10/08/2022 10:00,28946
10/08/2022 10:00 - 10/08/2022 11:00,30298
10/08/2022 11:00 - 10/08/2022 12:00,31440
10/08/2022 12:00 - 10/08/2022 13:00,32503
10/08/2022 13:00 - 10/08/2022 14:00,33502
10/08/2022 14:00 - 10/08/2022 15:00,33781
10/08/2022 15:00 - 10/08/2022 16:00,33285
10/08/2022 16:00 - 10/08/2022 17:00,33126
10/08/2022 17:00 - 10/08/2022 18:00,32815
10/08/2022 18:00 - 10/08/2022 19:00,32183
10/08/2022 19:00 - 10/08/2022 20:00,31752
10/08/2022 20:00 - 10/08/2022 21:00,31458
10/08/2022 21:00 - 10/08/2022 22:00,31828
10/08/2022 22:00 - 10/08/2022 23:00,30788
10/08/2022 23:00 - 11/08/2022 00:00,28670
11/08/2022 00:00 - 11/08/2022 01:00,27461
11/08/2022 01:00 - 11/08/2022 02:00,25842
11/08/2022 02:00 - 11/08/2022 03:00,24566
11/08/2022 03:00 - 11/08/2022 04:00,23927
11/08/2022 04:00 - 11/08/2022 05:00,23501
11/08/2022 05:00 - 11/08/2022 06:00,23587
11/08/2022 06:00 - 11/08/2022 07:00,25124
11/08/2022 07:00 - 11/08/2022 08:00,26269
11/08/2022 08:00 - 11/08/2022 09:00,27309
11/08/2022 09:00 - 11/08/2022 10:00,29065
11/08/2022 10:00 - 11/08/2022 11:00,30366
11/08/2022 11:00 - 11/08/2022 12:00,31244
11/08/2022 12:00 - 11/08/2022 13:00,32161
11/08/2022 13:00 - 11/08/2022 14:00,33073
11/08/2022 14:00 - 11/08/2022 15:00,33371
11/08/2022 15:00 - 11/08/2022 16:00,33035
11/08/2022 16:00 - 11/08/2022 17:00,32848
11/08/2022 17:00 - 11/08/2022 18:00,32713
11/08/2022 18:00 - 11/08/2022 19:00,32397
11/08/2022 19:00 - 11/08/2022 20:00,31991
11/08/2022 20:00 - 11/08/2022 21:00,31536
11/08/2022 21:00 - 11/08/2022 22:00,31967
11/08/2022 22:00 - 11/08/2022 23:00,30873
11/08/2022 23:00 - 12/08/2022 00:00,28967
12/08/2022 00:00 - 12/08/2022 01:00,27490
12/08/2022 01:00 - 12/08/2022 02:00,25811
12/08/2022 02:00 - 12/08/2022 03:00,24694
12/08/2022 03:00 - 12/08/2022 04:00,23814
12/08/2022 04:00 - 12/08/2022 05:00,23484
12/08/2022 05:00 - 12/08/2022 06:00,23684
12/08/2022 06:00 - 12/08/2022 07:00,25145
12/08/2022 07:00 - 12/08/2022 08:00,26301
12/08/2022 08:00 - 12/08/2022 09:00,27134
12/08/2022 09:00 - 12/08/2022 10:00,28655
12/08/2022 10:00 - 12/08/2022 11:00,30013
12/08/2022 11:00 - 12/08/2022 12:00,31028
12/08/2022 12:00 - 12/08/2022 13:00,32115
12/08/2022 13:00 - 12/08/2022 14:00,33213
12/08/2022 14:00 - 12/08/2022 15:00,33532
12/08/2022 15:00 - 12/08/2022 16:00,33145
12/08/2022 16:00 - 12/08/2022 17:00,33046
12/08/2022 17:00 - 12/08/2022 18:00,32853
12/08/2022 18:00 - 12/08/2022 19:00,32355
12/08/2022 19:00 - 12/08/2022 20:00,31912
12/08/2022 20:00 - 12/08/2022 21:00,31480
12/08/2022 21:00 - 12/08/2022 22:00,31846
12/08/2022 22:00 - 12/08/2022 23:00,30813
12/08/2022 23:00 - 13/08/2022 00:00,28845
13/08/2022 00:00 - 13/08/2022 01:00,27657
13/08/2022 01:00 - 13/08/2022 02:00,26206
13/08/2022 02:00 - 13/08/2022 03:00,25049
13/08/2022 03:00 - 13/08/2022 04:00,24023
13/08/2022 04:00 - 13/08/2022 05:00,23370
13/08/2022 05:00 - 13/08/2022 06:00,23158
13/08/2022 06:00 - 13/08/2022 07:00,23305
13/08/2022 07:00 - 13/08/2022 08:00,23445
13/08/2022 08:00 - 13/08/2022 09:00,24248
13/08/2022 09:00 - 13/08/2022 10:00,25911
13/08/2022 10:00 - 13/08/2022 11:00,27647
13/08/2022 11:00 - 13/08/2022 12:00,28487
13/08/2022 12:00 - 13/08/2022 13:00,29323
13/08/2022 13:00 - 13/08/2022 14:00,30066
13/08/2022 14:00 - 13/08/2022 15:00,30350
13/08/2022 15:00 - 13/08/2022 16:00,29882
13/08/2022 16:00 - 13/08/2022 17:00,29144
13/08/2022 17:00 - 13/08/2022 18:00,28971
13/08/2022 18:00 - 13/08/2022 19:00,28697
13/08/2022 19:00 - 13/08/2022 20:00,28515
13/08/2022 20:00 - 13/08/2022 21:00,28561
13/08/2022 21:00 - 13/08/2022 22:00,29272
13/08/2022 22:00 - 13/08/2022 23:00,28347
13/08/2022 23:00 - 14/08/2022 00:00,26543
14/08/2022 00:00 - 14/08/2022 01:00,25137
14/08/2022 01:00 - 14/08/2022 02:00,23625
14/08/2022 02:00 - 14/08/2022 03:00,22560
14/08/2022 03:00 - 14/08/2022 04:00,21818
14/08/2022 04:00 - 14/08/2022 05:00,21236
14/08/2022 05:00 - 14/08/2022 06:00,20955
14/08/2022 06:00 - 14/08/2022 07:00,21095
14/08/2022 07:00 - 14/08/2022 08:00,20731
14/08/2022 08:00 - 14/08/2022 09:00,21157
14/08/2022 09:00 - 14/08/2022 10:00,22275
14/08/2022 10:00 - 14/08/2022 11:00,23672
14/08/2022 11:00 - 14/08/2022 12:00,24637
14/08/2022 12:00 - 14/08/2022 13:00,25262
14/08/2022 13:00 - 14/08/2022 14:00,26049
14/08/2022 14:00 - 14/08/2022 15:00,26573
14/08/2022 15:00 - 14/08/2022 16:00,26283
14/08/2022 16:00 - 14/08/2022 17:00,26000
14/08/2022 17:00 - 14/08/2022 18:00,25987
14/08/2022 18:00 - 14/08/2022 19:00,26163
14/08/2022 19:00 - 14/08/2022 20:00,26399
14/08/2022 20:00 - 14/08/2022 21:00,26267
14/08/2022 21:00 - 14/08/2022 22:00,27381
14/08/2022 22:00 - 14/08/2022 23:00,27183
14/08/2022 23:00 - 15/08/2022 00:00,25486
15/08/2022 00:00 - 15/08/2022 01:00,23993
15/08/2022 01:00 - 15/08/2022 02:00,22704
15/08/2022 02:00 - 15/08/2022 03:00,21685
15/08/2022 03:00 - 15/08/2022 04:00,20976
15/08/2022 04:00 - 15/08/2022 05:00,20529
15/08/2022 05:00 - 15/08/2022 06:00,20407
15/08/2022 06:00 - 15/08/2022 07:00,20748
15/08/2022 07:00 - 15/08/2022 08:00,20687
15/08/2022 08:00 - 15/08/2022 09:00,20924
15/08/2022 09:00 - 15/08/2022 10:00,22131
15/08/2022 10:00 - 15/08/2022 11:00,23358
15/08/2022 11:00 - 15/08/2022 12:00,24100
15/08/2022 12:00 - 15/08/2022 13:00,24662
15/08/2022 13:00 - 15/08/2022 14:00,25432
15/08/2022 14:00 - 15/08/2022 15:00,25944
15/08/2022 15:00 - 15/08/2022 16:00,25588
15/08/2022 16:00 - 15/08/2022 17:00,25431
15/08/2022 17:00 - 15/08/2022 18:00,25589
15/08/2022 18:00 - 15/08/2022 19:00,25850
15/08/2022 19:00 - 15/08/2022 20:00,26001
15/08/2022 20:00 - 15/08/2022 21:00,26186
15/08/2022 21:00 - 15/08/2022 22:00,27522
15/08/2022 22:00 - 15/08/2022 23:00,27072
15/08/2022 23:00 - 16/08/2022 00:00,25302
16/08/2022 00:00 - 16/08/2022 01:00,24181
16/08/2022 01:00 - 16/08/2022 02:00,22791
16/08/2022 02:00 - 16/08/2022 03:00,21799
16/08/2022 03:00 - 16/08/2022 04:00,21190
16/08/2022 04:00 - 16/08/2022 05:00,20881
16/08/2022 05:00 - 16/08/2022 06:00,21169
16/08/2022 06:00 - 16/08/2022 07:00,22803
16/08/2022 07:00 - 16/08/2022 08:00,24005
16/08/2022 08:00 - 16/08/2022 09:00,24952
16/08/2022 09:00 - 16/08/2022 10:00,26528
16/08/2022 10:00 - 16/08/2022 11:00,27695
16/08/2022 11:00 - 16/08/2022 12:00,28614
16/08/2022 12:00 - 16/08/2022 13:00,29205
16/08/2022 13:00 - 16/08/2022 14:00,29861
16/08/2022 14:00 - 16/08/2022 15:00,29955
16/08/2022 15:00 - 16/08/2022 16:00,29209
16/08/2022 16:00 - 16/08/2022 17:00,29092
16/08/2022 17:00 - 16/08/2022 18:00,29118
16/08/2022 18:00 - 16/08/2022 19:00,28871
16/08/2022 19:00 - 16/08/2022 20:00,28586
16/08/2022 20:00 - 16/08/2022 21:00,28390
16/08/2022 21:00 - 16/08/2022 22:00,29333
16/08/2022 22:00 - 16/08/2022 23:00,28123
16/08/2022 23:00 - 17/08/2022 00:00,26175
17/08/2022 00:00 - 17/08/2022 01:00,25079
17/08/2022 01:00 - 17/08/2022 02:00,23695
17/08/2022 02:00 - 17/08/2022 03:00,22647
17/08/2022 03:00 - 17/08/2022 04:00,22081
17/08/2022 04:00 - 17/08/2022 05:00,21807
17/08/2022 05:00 - 17/08/2022 06:00,22028
17/08/2022 06:00 - 17/08/2022 07:00,23404
17/08/2022 07:00 - 17/08/2022 08:00,24589
17/08/2022 08:00 - 17/08/2022 09:00,25262
17/08/2022 09:00 - 17/08/2022 10:00,26463
17/08/2022 10:00 - 17/08/2022 11:00,27437
17/08/2022 11:00 - 17/08/2022 12:00,28108
17/08/2022 12:00 - 17/08/2022 13:00,28604
17/08/2022 13:00 - 17/08/2022 14:00,29162
17/08/2022 14:00 - 17/08/2022 15:00,29207
17/08/2022 15:00 - 17/08/2022 16:00,28544
17/08/2022 16:00 - 17/08/2022 17:00,28247
17/08/2022 17:00 - 17/08/2022 18:00,28349
17/08/2022 18:00 - 17/08/2022 19:00,27930
17/08/2022 19:00 - 17/08/2022 20:00,27599
17/08/2022 20:00 - 17/08/2022 21:00,27828
17/08/2022 21:00 - 17/08/2022 22:00,28689
17/08/2022 22:00 - 17/08/2022 23:00,27451
17/08/2022 23:00 - 18/08/2022 00:00,25388
18/08/2022 00:00 - 18/08/2022 01:00,24510
18/08/2022 01:00 - 18/08/2022 02:00,23216
18/08/2022 02:00 - 18/08/2022 03:00,22312
18/08/2022 03:00 - 18/08/2022 04:00,21746
18/08/2022 04:00 - 18/08/2022 05:00,21698
18/08/2022 05:00 - 18/08/2022 06:00,21843
18/08/2022 06:00 - 18/08/2022 07:00,23272
18/08/2022 07:00 - 18/08/2022 08:00,24432
18/08/2022 08:00 - 18/08/2022 09:00,24937
18/08/2022 09:00 - 18/08/2022 10:00,25860
18/08/2022 10:00 - 18/08/2022 11:00,26895
18/08/2022 11:00 - 18/08/2022 12:00,27362
18/08/2022 12:00 - 18/08/2022 13:00,27860
18/08/2022 13:00 - 18/08/2022 14:00,28390
18/08/2022 14:00 - 18/08/2022 15:00,28482
18/08/2022 15:00 - 18/08/2022 16:00,27696
18/08/2022 16:00 - 18/08/2022 17:00,27532
18/08/2022 17:00 - 18/08/2022 18:00,27332
18/08/2022 18:00 - 18/08/2022 19:00,27320
18/08/2022 19:00 - 18/08/2022 20:00,27294
18/08/2022 20:00 - 18/08/2022 21:00,27339
18/08/2022 21:00 - 18/08/2022 22:00,28354
18/08/2022 22:00 - 18/08/2022 23:00,27244
18/08/2022 23:00 - 19/08/2022 00:00,25298
19/08/2022 00:00 - 19/08/2022 01:00,24375
19/08/2022 01:00 - 19/08/2022 02:00,23236
19/08/2022 02:00 - 19/08/2022 03:00,22270
19/08/2022 03:00 - 19/08/2022 04:00,21689
19/08/2022 04:00 - 19/08/2022 05:00,21461
19/08/2022 05:00 - 19/08/2022 06:00,21665
19/08/2022 06:00 - 19/08/2022 07:00,22954
19/08/2022 07:00 - 19/08/2022 08:00,24003
19/08/2022 08:00 - 19/08/2022 09:00,24722
19/08/2022 09:00 - 19/08/2022 10:00,26099
19/08/2022 10:00 - 19/08/2022 11:00,27021
19/08/2022 11:00 - 19/08/2022 12:00,27559
19/08/2022 12:00 - 19/08/2022 13:00,28014
19/08/2022 13:00 - 19/08/2022 14:00,28661
19/08/2022 14:00 - 19/08/2022 15:00,28714
19/08/2022 15:00 - 19/08/2022 16:00,27922
19/08/2022 16:00 - 19/08/2022 17:00,27749
19/08/2022 17:00 - 19/08/2022 18:00,27878
19/08/2022 18:00 - 19/08/2022 19:00,27952
19/08/2022 19:00 - 19/08/2022 20:00,28065
19/08/2022 20:00 - 19/08/2022 21:00,27974
19/08/2022 21:00 - 19/08/2022 22:00,28646
19/08/2022 22:00 - 19/08/2022 23:00,27158
19/08/2022 23:00 - 20/08/2022 00:00,25334
20/08/2022 00:00 - 20/08/2022 01:00,24558
20/08/2022 01:00 - 20/08/2022 02:00,23402
20/08/2022 02:00 - 20/08/2022 03:00,22255
20/08/2022 03:00 - 20/08/2022 04:00,21621
20/08/2022 04:00 - 20/08/2022 05:00,21258
20/08/2022 05:00 - 20/08/2022 06:00,21133
20/08/2022 06:00 - 20/08/2022 07:00,21391
20/08/2022 07:00 - 20/08/2022 08:00,21593
20/08/2022 08:00 - 20/08/2022 09:00,22258
20/08/2022 09:00 - 20/08/2022 10:00,23912
20/08/2022 10:00 - 20/08/2022 11:00,25195
20/08/2022 11:00 - 20/08/2022 12:00,25717
20/08/2022 12:00 - 20/08/2022 13:00,26328
20/08/2022 13:00 - 20/08/2022 14:00,27015
20/08/2022 14:00 - 20/08/2022 15:00,27165
20/08/2022 15:00 - 20/08/2022 16:00,26627
20/08/2022 16:00 - 20/08/2022 17:00,26343
20/08/2022 17:00 - 20/08/2022 18:00,26445
20/08/2022 18:00 - 20/08/2022 19:00,26815
20/08/2022 19:00 - 20/08/2022 20:00,26938
20/08/2022 20:00 - 20/08/2022 21:00,27016
20/08/2022 21:00 - 20/08/2022 22:00,28039
20/08/2022 22:00 - 20/08/2022 23:00,26680
20/08/2022 23:00 - 21/08/2022 00:00,24909
21/08/2022 00:00 - 21/08/2022 01:00,23776
21/08/2022 01:00 - 21/08/2022 02:00,22380
21/08/2022 02:00 - 21/08/2022 03:00,21453
21/08/2022 03:00 - 21/08/2022 04:00,20792
21/08/2022 04:00 - 21/08/2022 05:00,20329
21/08/2022 05:00 - 21/08/2022 06:00,20051
21/08/2022 06:00 - 21/08/2022 07:00,20243
21/08/2022 07:00 - 21/08/2022 08:00,19996
21/08/2022 08:00 - 21/08/2022 09:00,20220
21/08/2022 09:00 - 21/08/2022 10:00,21538
21/08/2022 10:00 - 21/08/2022 11:00,22841
21/08/2022 11:00 - 21/08/2022 12:00,23747
21/08/2022 12:00 - 21/08/2022 13:00,24564
21/08/2022 13:00 - 21/08/2022 14:00,25493
21/08/2022 14:00 - 21/08/2022 15:00,26109
21/08/2022 15:00 - 21/08/2022 16:00,25661
21/08/2022 16:00 - 21/08/2022 17:00,25387
21/08/2022 17:00 - 21/08/2022 18:00,25374
21/08/2022 18:00 - 21/08/2022 19:00,25620
21/08/2022 19:00 - 21/08/2022 20:00,25831
21/08/2022 20:00 - 21/08/2022 21:00,26202
21/08/2022 21:00 - 21/08/2022 22:00,27636
21/08/2022 22:00 - 21/08/2022 23:00,27190
21/08/2022 23:00 - 22/08/2022 00:00,25673
22/08/2022 00:00 - 22/08/2022 01:00,24353
22/08/2022 01:00 - 22/08/2022 02:00,22908
22/08/2022 02:00 - 22/08/2022 03:00,21944
22/08/2022 03:00 - 22/08/2022 04:00,21485
22/08/2022 04:00 - 22/08/2022 05:00,21308
22/08/2022 05:00 - 22/08/2022 06:00,21731
22/08/2022 06:00 - 22/08/2022 07:00,23704
22/08/2022 07:00 - 22/08/2022 08:00,25222
22/08/2022 08:00 - 22/08/2022 09:00,26304
22/08/2022 09:00 - 22/08/2022 10:00,27934
22/08/2022 10:00 - 22/08/2022 11:00,28987
22/08/2022 11:00 - 22/08/2022 12:00,29834
22/08/2022 12:00 - 22/08/2022 13:00,30578
22/08/2022 13:00 - 22/08/2022 14:00,31424
22/08/2022 14:00 - 22/08/2022 15:00,31589
22/08/2022 15:00 - 22/08/2022 16:00,30992
22/08/2022 16:00 - 22/08/2022 17:00,30799
22/08/2022 17:00 - 22/08/2022 18:00,30777
22/08/2022 18:00 - 22/08/2022 19:00,30525
22/08/2022 19:00 - 22/08/2022 20:00,30306
22/08/2022 20:00 - 22/08/2022 21:00,30175
22/08/2022 21:00 - 22/08/2022 22:00,31224
22/08/2022 22:00 - 22/08/2022 23:00,29585
22/08/2022 23:00 - 23/08/2022 00:00,27484
23/08/2022 00:00 - 23/08/2022 01:00,26316
23/08/2022 01:00 - 23/08/2022 02:00,24909
23/08/2022 02:00 - 23/08/2022 03:00,23945
23/08/2022 03:00 - 23/08/2022 04:00,23361
23/08/2022 04:00 - 23/08/2022 05:00,23067
23/08/2022 05:00 - 23/08/2022 06:00,23236
23/08/2022 06:00 - 23/08/2022 07:00,24777
23/08/2022 07:00 - 23/08/2022 08:00,26319
23/08/2022 08:00 - 23/08/2022 09:00,27301
23/08/2022 09:00 - 23/08/2022 10:00,28866
23/08/2022 10:00 - 23/08/2022 11:00,30056
23/08/2022 11:00 - 23/08/2022 12:00,30862
23/08/2022 12:00 - 23/08/2022 13:00,31882
23/08/2022 13:00 - 23/08/2022 14:00,32646
23/08/2022 14:00 - 23/08/2022 15:00,32756
23/08/2022 15:00 - 23/08/2022 16:00,32092
23/08/2022 16:00 - 23/08/2022 17:00,31882
23/08/2022 17:00 - 23/08/2022 18:00,31815
23/08/2022 18:00 - 23/08/2022 19:00,31604
23/08/2022 19:00 - 23/08/2022 20:00,31242
23/08/2022 20:00 - 23/08/2022 21:00,30835
23/08/2022 21:00 - 23/08/2022 22:00,31713
23/08/2022 22:00 - 23/08/2022 23:00,29992
23/08/2022 23:00 - 24/08/2022 00:00,27889
24/08/2022 00:00 - 24/08/2022 01:00,26692
24/08/2022 01:00 - 24/08/2022 02:00,25355
24/08/2022 02:00 - 24/08/2022 03:00,24268
24/08/2022 03:00 - 24/08/2022 04:00,23613
24/08/2022 04:00 - 24/08/2022 05:00,23314
24/08/2022 05:00 - 24/08/2022 06:00,23577
24/08/2022 06:00 - 24/08/2022 07:00,25218
24/08/2022 07:00 - 24/08/2022 08:00,26876
24/08/2022 08:00 - 24/08/2022 09:00,27724
24/08/2022 09:00 - 24/08/2022 10:00,29376
24/08/2022 10:00 - 24/08/2022 11:00,30866
24/08/2022 11:00 - 24/08/2022 12:00,31778
24/08/2022 12:00 - 24/08/2022 13:00,32651
24/08/2022 13:00 - 24/08/2022 14:00,33248
24/08/2022 14:00 - 24/08/2022 15:00,33360
24/08/2022 15:00 - 24/08/2022 16:00,32802
24/08/2022 16:00 - 24/08/2022 17:00,32548
24/08/2022 17:00 - 24/08/2022 18:00,32420
24/08/2022 18:00 - 24/08/2022 19:00,31879
24/08/2022 19:00 - 24/08/2022 20:00,31534
24/08/2022 20:00 - 24/08/2022 21:00,31314
24/08/2022 21:00 - 24/08/2022 22:00,31974
24/08/2022 22:00 - 24/08/2022 23:00,29905
24/08/2022 23:00 - 25/08/2022 00:00,27688
25/08/2022 00:00 - 25/08/2022 01:00,26578
25/08/2022 01:00 - 25/08/2022 02:00,25107
25/08/2022 02:00 - 25/08/2022 03:00,24074
25/08/2022 03:00 - 25/08/2022 04:00,23523
25/08/2022 04:00 - 25/08/2022 05:00,23270
25/08/2022 05:00 - 25/08/2022 06:00,23487
25/08/2022 06:00 - 25/08/2022 07:00,25233
25/08/2022 07:00 - 25/08/2022 08:00,26771
25/08/2022 08:00 - 25/08/2022 09:00,27815
25/08/2022 09:00 - 25/08/2022 10:00,29231
25/08/2022 10:00 - 25/08/2022 11:00,30429
25/08/2022 11:00 - 25/08/2022 12:00,31056
25/08/2022 12:00 - 25/08/2022 13:00,31898
25/08/2022 13:00 - 25/08/2022 14:00,32740
25/08/2022 14:00 - 25/08/2022 15:00,32788
25/08/2022 15:00 - 25/08/2022 16:00,32269
25/08/2022 16:00 - 25/08/2022 17:00,32151
25/08/2022 17:00 - 25/08/2022 18:00,32202
25/08/2022 18:00 - 25/08/2022 19:00,31837
25/08/2022 19:00 - 25/08/2022 20:00,31346
25/08/2022 20:00 - 25/08/2022 21:00,30997
25/08/2022 21:00 - 25/08/2022 22:00,31516
25/08/2022 22:00 - 25/08/2022 23:00,29684
25/08/2022 23:00 - 26/08/2022 00:00,27550
26/08/2022 00:00 - 26/08/2022 01:00,26430
26/08/2022 01:00 - 26/08/2022 02:00,25227
26/08/2022 02:00 - 26/08/2022 03:00,24041
26/08/2022 03:00 - 26/08/2022 04:00,23299
26/08/2022 04:00 - 26/08/2022 05:00,23026
26/08/2022 05:00 - 26/08/2022 06:00,23261
26/08/2022 06:00 - 26/08/2022 07:00,24952
26/08/2022 07:00 - 26/08/2022 08:00,26497
26/08/2022 08:00 - 26/08/2022 09:00,27293
26/08/2022 09:00 - 26/08/2022 10:00,28611
26/08/2022 10:00 - 26/08/2022 11:00,29761
26/08/2022 11:00 - 26/08/2022 12:00,30659
26/08/2022 12:00 - 26/08/2022 13:00,31422
26/08/2022 13:00 - 26/08/2022 14:00,32079
26/08/2022 14:00 - 26/08/2022 15:00,32049
26/08/2022 15:00 - 26/08/2022 16:00,31503
26/08/2022 16:00 - 26/08/2022 17:00,31186
26/08/2022 17:00 - 26/08/2022 18:00,30767
26/08/2022 18:00 - 26/08/2022 19:00,30292
26/08/2022 19:00 - 26/08/2022 20:00,29856
26/08/2022 20:00 - 26/08/2022 21:00,29667
26/08/2022 21:00 - 26/08/2022 22:00,30330
26/08/2022 22:00 - 26/08/2022 23:00,28639
26/08/2022 23:00 - 27/08/2022 00:00,26630
27/08/2022 00:00 - 27/08/2022 01:00,25735
27/08/2022 01:00 - 27/08/2022 02:00,24492
27/08/2022 02:00 - 27/08/2022 03:00,23407
27/08/2022 03:00 - 27/08/2022 04:00,22769
27/08/2022 04:00 - 27/08/2022 05:00,22318
27/08/2022 05:00 - 27/08/2022 06:00,22003
27/08/2022 06:00 - 27/08/2022 07:00,22278
27/08/2022 07:00 - 27/08/2022 08:00,22509
27/08/2022 08:00 - 27/08/2022 09:00,23146
27/08/2022 09:00 - 27/08/2022 10:00,24665
27/08/2022 10:00 - 27/08/2022 11:00,26094
27/08/2022 11:00 - 27/08/2022 12:00,26925
27/08/2022 12:00 - 27/08/2022 13:00,27612
27/08/2022 13:00 - 27/08/2022 14:00,28332
27/08/2022 14:00 - 27/08/2022 15:00,28400
27/08/2022 15:00 - 27/08/2022 16:00,27870
27/08/2022 16:00 - 27/08/2022 17:00,27483
27/08/2022 17:00 - 27/08/2022 18:00,27369
27/08/2022 18:00 - 27/08/2022 19:00,27447
27/08/2022 19:00 - 27/08/2022 20:00,27435
27/08/2022 20:00 - 27/08/2022 21:00,27438
27/08/2022 21:00 - 27/08/2022 22:00,28478
27/08/2022 22:00 - 27/08/2022 23:00,27029
27/08/2022 23:00 - 28/08/2022 00:00,25243
28/08/2022 00:00 - 28/08/2022 01:00,23904
28/08/2022 01:00 - 28/08/2022 02:00,22672
28/08/2022 02:00 - 28/08/2022 03:00,21564
28/08/2022 03:00 - 28/08/2022 04:00,20782
28/08/2022 04:00 - 28/08/2022 05:00,20324
28/08/2022 05:00 - 28/08/2022 06:00,20182
28/08/2022 06:00 - 28/08/2022 07:00,20392
28/08/2022 07:00 - 28/08/2022 08:00,20482
28/08/2022 08:00 - 28/08/2022 09:00,20719
28/08/2022 09:00 - 28/08/2022 10:00,22085
28/08/2022 10:00 - 28/08/2022 11:00,23415
28/08/2022 11:00 - 28/08/2022 12:00,24504
28/08/2022 12:00 - 28/08/2022 13:00,25189
28/08/2022 13:00 - 28/08/2022 14:00,26219
28/08/2022 14:00 - 28/08/2022 15:00,26747
28/08/2022 15:00 - 28/08/2022 16:00,26215
28/08/2022 16:00 - 28/08/2022 17:00,25879
28/08/2022 17:00 - 28/08/2022 18:00,25946
28/08/2022 18:00 - 28/08/2022 19:00,26086
28/08/2022 19:00 - 28/08/2022 20:00,26343
28/08/2022 20:00 - 28/08/2022 21:00,26874
28/08/2022 21:00 - 28/08/2022 22:00,28248
28/08/2022 22:00 - 28/08/2022 23:00,27504
28/08/2022 23:00 - 29/08/2022 00:00,25869
29/08/2022 00:00 - 29/08/2022 01:00,24549
29/08/2022 01:00 - 29/08/2022 02:00,23225
29/08/2022 02:00 - 29/08/2022 03:00,22231
29/08/2022 03:00 - 29/08/2022 04:00,21647
29/08/2022 04:00 - 29/08/2022 05:00,21414
29/08/2022 05:00 - 29/08/2022 06:00,21888
29/08/2022 06:00 - 29/08/2022 07:00,23991
29/08/2022 07:00 - 29/08/2022 08:00,26255
29/08/2022 08:00 - 29/08/2022 09:00,27758
29/08/2022 09:00 - 29/08/2022 10:00,29347
29/08/2022 10:00 - 29/08/2022 11:00,30775
29/08/2022 11:00 - 29/08/2022 12:00,31624
29/08/2022 12:00 - 29/08/2022 13:00,32597
29/08/2022 13:00 - 29/08/2022 14:00,33310
29/08/2022 14:00 - 29/08/2022 15:00,33249
29/08/2022 15:00 - 29/08/2022 16:00,32588
29/08/2022 16:00 - 29/08/2022 17:00,32256
29/08/2022 17:00 - 29/08/2022 18:00,32275
29/08/2022 18:00 - 29/08/2022 19:00,31745
29/08/2022 19:00 - 29/08/2022 20:00,31247
29/08/2022 20:00 - 29/08/2022 21:00,31105
29/08/2022 21:00 - 29/08/2022 22:00,32099
29/08/2022 22:00 - 29/08/2022 23:00,29978
29/08/2022 23:00 - 30/08/2022 00:00,27853
30/08/2022 00:00 - 30/08/2022 01:00,26681
30/08/2022 01:00 - 30/08/2022 02:00,25275
30/08/2022 02:00 - 30/08/2022 03:00,24173
30/08/2022 03:00 - 30/08/2022 04:00,23629
30/08/2022 04:00 - 30/08/2022 05:00,23365
30/08/2022 05:00 - 30/08/2022 06:00,23580
30/08/2022 06:00 - 30/08/2022 07:00,25432
30/08/2022 07:00 - 30/08/2022 08:00,27459
30/08/2022 08:00 - 30/08/2022 09:00,28548
30/08/2022 09:00 - 30/08/2022 10:00,29839
30/08/2022 10:00 - 30/08/2022 11:00,31210
30/08/2022 11:00 - 30/08/2022 12:00,32126
30/08/2022 12:00 - 30/08/2022 13:00,33102
30/08/2022 13:00 - 30/08/2022 14:00,33968
30/08/2022 14:00 - 30/08/2022 15:00,34051
30/08/2022 15:00 - 30/08/2022 16:00,33374
30/08/2022 16:00 - 30/08/2022 17:00,33057
30/08/2022 17:00 - 30/08/2022 18:00,32872
30/08/2022 18:00 - 30/08/2022 19:00,32347
30/08/2022 19:00 - 30/08/2022 20:00,31699
30/08/2022 20:00 - 30/08/2022 21:00,31717
30/08/2022 21:00 - 30/08/2022 22:00,32358
30/08/2022 22:00 - 30/08/2022 23:00,30061
30/08/2022 23:00 - 31/08/2022 00:00,27865
31/08/2022 00:00 - 31/08/2022 01:00,26621
31/08/2022 01:00 - 31/08/2022 02:00,25417
31/08/2022 02:00 - 31/08/2022 03:00,24391
31/08/2022 03:00 - 31/08/2022 04:00,23764
31/08/2022 04:00 - 31/08/2022 05:00,23503
31/08/2022 05:00 - 31/08/2022 06:00,23733
31/08/2022 06:00 - 31/08/2022 07:00,25534
31/08/2022 07:00 - 31/08/2022 08:00,27682
31/08/2022 08:00 - 31/08/2022 09:00,28703
31/08/2022 09:00 - 31/08/2022 10:00,29802
31/08/2022 10:00 - 31/08/2022 11:00,30897
31/08/2022 11:00 - 31/08/2022 12:00,31580
31/08/2022 12:00 - 31/08/2022 13:00,32246
31/08/2022 13:00 - 31/08/2022 14:00,32931
31/08/2022 14:00 - 31/08/2022 15:00,32807
31/08/2022 15:00 - 31/08/2022 16:00,32260
31/08/2022 16:00 - 31/08/2022 17:00,31970
31/08/2022 17:00 - 31/08/2022 18:00,31905
31/08/2022 18:00 - 31/08/2022 19:00,31396
31/08/2022 19:00 - 31/08/2022 20:00,30856
31/08/2022 20:00 - 31/08/2022 21:00,30813
31/08/2022 21:00 - 31/08/2022 22:00,31436
31/08/2022 22:00 - 31/08/2022 23:00,29288
31/08/2022 23:00 - 01/09/2022 00:00,27155
01/09/2022 00:00 - 01/09/2022 01:00,25871
01/09/2022 01:00 - 01/09/2022 02:00,24585
01/09/2022 02:00 - 01/09/2022 03:00,23545
01/09/2022 03:00 - 01/09/2022 04:00,23036
01/09/2022 04:00 - 01/09/2022 05:00,22809
01/09/2022 05:00 - 01/09/2022 06:00,23089
01/09/2022 06:00 - 01/09/2022 07:00,24982
01/09/2022 07:00 - 01/09/2022 08:00,27107
01/09/2022 08:00 - 01/09/2022 09:00,28163
01/09/2022 09:00 - 01/09/2022 10:00,29362
01/09/2022 10:00 - 01/09/2022 11:00,30368
01/09/2022 11:00 - 01/09/2022 12:00,30913
01/09/2022 12:00 - 01/09/2022 13:00,31830
01/09/2022 13:00 - 01/09/2022 14:00,32579
01/09/2022 14:00 - 01/09/2022 15:00,32445
01/09/2022 15:00 - 01/09/2022 16:00,31790
01/09/2022 16:00 - 01/09/2022 17:00,31777
01/09/2022 17:00 - 01/09/2022 18:00,31619
01/09/2022 18:00 - 01/09/2022 19:00,31223
01/09/2022 19:00 - 01/09/2022 20:00,30812
01/09/2022 20:00 - 01/09/2022 21:00,30979
01/09/2022 21:00 - 01/09/2022 22:00,31578
01/09/2022 22:00 - 01/09/2022 23:00,29371
01/09/2022 23:00 - 02/09/2022 00:00,27228
02/09/2022 00:00 - 02/09/2022 01:00,26361
02/09/2022 01:00 - 02/09/2022 02:00,25061
02/09/2022 02:00 - 02/09/2022 03:00,24092
02/09/2022 03:00 - 02/09/2022 04:00,23602
02/09/2022 04:00 - 02/09/2022 05:00,23420
02/09/2022 05:00 - 02/09/2022 06:00,23748
02/09/2022 06:00 - 02/09/2022 07:00,25487
02/09/2022 07:00 - 02/09/2022 08:00,27548
02/09/2022 08:00 - 02/09/2022 09:00,28530
02/09/2022 09:00 - 02/09/2022 10:00,29913
02/09/2022 10:00 - 02/09/2022 11:00,30911
02/09/2022 11:00 - 02/09/2022 12:00,31517
02/09/2022 12:00 - 02/09/2022 13:00,32317
02/09/2022 13:00 - 02/09/2022 14:00,32698
02/09/2022 14:00 - 02/09/2022 15:00,32538
02/09/2022 15:00 - 02/09/2022 16:00,31762
02/09/2022 16:00 - 02/09/2022 17:00,31383
02/09/2022 17:00 - 02/09/2022 18:00,31105
02/09/2022 18:00 - 02/09/2022 19:00,30424
02/09/2022 19:00 - 02/09/2022 20:00,29979
02/09/2022 20:00 - 02/09/2022 21:00,29896
02/09/2022 21:00 - 02/09/2022 22:00,30408
02/09/2022 22:00 - 02/09/2022 23:00,28190
02/09/2022 23:00 - 03/09/2022 00:00,26255
03/09/2022 00:00 - 03/09/2022 01:00,25369
03/09/2022 01:00 - 03/09/2022 02:00,24129
03/09/2022 02:00 - 03/09/2022 03:00,22995
03/09/2022 03:00 - 03/09/2022 04:00,22343
03/09/2022 04:00 - 03/09/2022 05:00,21948
03/09/2022 05:00 - 03/09/2022 06:00,21576
03/09/2022 06:00 - 03/09/2022 07:00,21954
03/09/2022 07:00 - 03/09/2022 08:00,22453
03/09/2022 08:00 - 03/09/2022 09:00,22969
03/09/2022 09:00 - 03/09/2022 10:00,24567
03/09/2022 10:00 - 03/09/2022 11:00,25660
03/09/2022 11:00 - 03/09/2022 12:00,26291
03/09/2022 12:00 - 03/09/2022 13:00,26752
03/09/2022 13:00 - 03/09/2022 14:00,27179
03/09/2022 14:00 - 03/09/2022 15:00,27106
03/09/2022 15:00 - 03/09/2022 16:00,26280
03/09/2022 16:00 - 03/09/2022 17:00,25828
03/09/2022 17:00 - 03/09/2022 18:00,25830
03/09/2022 18:00 - 03/09/2022 19:00,25938
03/09/2022 19:00 - 03/09/2022 20:00,26077
03/09/2022 20:00 - 03/09/2022 21:00,26571
03/09/2022 21:00 - 03/09/2022 22:00,27582
03/09/2022 22:00 - 03/09/2022 23:00,25950
03/09/2022 23:00 - 04/09/2022 00:00,24344
04/09/2022 00:00 - 04/09/2022 01:00,23060
04/09/2022 01:00 - 04/09/2022 02:00,21788
04/09/2022 02:00 - 04/09/2022 03:00,20970
04/09/2022 03:00 - 04/09/2022 04:00,20340
04/09/2022 04:00 - 04/09/2022 05:00,19959
04/09/2022 05:00 - 04/09/2022 06:00,19789
04/09/2022 06:00 - 04/09/2022 07:00,20051
04/09/2022 07:00 - 04/09/2022 08:00,20252
04/09/2022 08:00 - 04/09/2022 09:00,20278
04/09/2022 09:00 - 04/09/2022 10:00,21384
04/09/2022 10:00 - 04/09/2022 11:00,22302
04/09/2022 11:00 - 04/09/2022 12:00,22922
04/09/2022 12:00 - 04/09/2022 13:00,23625
04/09/2022 13:00 - 04/09/2022 14:00,24446
04/09/2022 14:00 - 04/09/2022 15:00,24776
04/09/2022 15:00 - 04/09/2022 16:00,24045
04/09/2022 16:00 - 04/09/2022 17:00,23768
04/09/2022 17:00 - 04/09/2022 18:00,23950
04/09/2022 18:00 - 04/09/2022 19:00,24360
04/09/2022 19:00 - 04/09/2022 20:00,24901
04/09/2022 20:00 - 04/09/2022 21:00,26008
04/09/2022 21:00 - 04/09/2022 22:00,27670
04/09/2022 22:00 - 04/09/2022 23:00,26689
04/09/2022 23:00 - 05/09/2022 00:00,24887
05/09/2022 00:00 - 05/09/2022 01:00,23348
05/09/2022 01:00 - 05/09/2022 02:00,22200
05/09/2022 02:00 - 05/09/2022 03:00,21341
05/09/2022 03:00 - 05/09/2022 04:00,20954
05/09/2022 04:00 - 05/09/2022 05:00,20931
05/09/2022 05:00 - 05/09/2022 06:00,21472
05/09/2022 06:00 - 05/09/2022 07:00,23923
05/09/2022 07:00 - 05/09/2022 08:00,26591
05/09/2022 08:00 - 05/09/2022 09:00,27888
05/09/2022 09:00 - 05/09/2022 10:00,29155
05/09/2022 10:00 - 05/09/2022 11:00,29917
05/09/2022 11:00 - 05/09/2022 12:00,30778
05/09/2022 12:00 - 05/09/2022 13:00,31596
05/09/2022 13:00 - 05/09/2022 14:00,32138
05/09/2022 14:00 - 05/09/2022 15:00,31800
05/09/2022 15:00 - 05/09/2022 16:00,30839
05/09/2022 16:00 - 05/09/2022 17:00,30664
05/09/2022 17:00 - 05/09/2022 18:00,30774
05/09/2022 18:00 - 05/09/2022 19:00,30673
05/09/2022 19:00 - 05/09/2022 20:00,30458
05/09/2022 20:00 - 05/09/2022 21:00,30811
05/09/2022 21:00 - 05/09/2022 22:00,31694
05/09/2022 22:00 - 05/09/2022 23:00,29240
05/09/2022 23:00 - 06/09/2022 00:00,26821
06/09/2022 00:00 - 06/09/2022 01:00,25472
06/09/2022 01:00 - 06/09/2022 02:00,24319
06/09/2022 02:00 - 06/09/2022 03:00,23258
06/09/2022 03:00 - 06/09/2022 04:00,22755
06/09/2022 04:00 - 06/09/2022 05:00,22565
06/09/2022 05:00 - 06/09/2022 06:00,22864
06/09/2022 06:00 - 06/09/2022 07:00,24698
06/09/2022 07:00 - 06/09/2022 08:00,27025
06/09/2022 08:00 - 06/09/2022 09:00,28086
06/09/2022 09:00 - 06/09/2022 10:00,29282
06/09/2022 10:00 - 06/09/2022 11:00,30047
06/09/2022 11:00 - 06/09/2022 12:00,30704
06/09/2022 12:00 - 06/09/2022 13:00,31463
06/09/2022 13:00 - 06/09/2022 14:00,32039
06/09/2022 14:00 - 06/09/2022 15:00,31735
06/09/2022 15:00 - 06/09/2022 16:00,31111
06/09/2022 16:00 - 06/09/2022 17:00,31080
06/09/2022 17:00 - 06/09/2022 18:00,31185
06/09/2022 18:00 - 06/09/2022 19:00,31088
06/09/2022 19:00 - 06/09/2022 20:00,30637
06/09/2022 20:00 - 06/09/2022 21:00,31023
06/09/2022 21:00 - 06/09/2022 22:00,31558
06/09/2022 22:00 - 06/09/2022 23:00,29020
06/09/2022 23:00 - 07/09/2022 00:00,26751
07/09/2022 00:00 - 07/09/2022 01:00,25579
07/09/2022 01:00 - 07/09/2022 02:00,24295
07/09/2022 02:00 - 07/09/2022 03:00,23346
07/09/2022 03:00 - 07/09/2022 04:00,22838
07/09/2022 04:00 - 07/09/2022 05:00,22682
07/09/2022 05:00 - 07/09/2022 06:00,23110
07/09/2022 06:00 - 07/09/2022 07:00,25140
07/09/2022 07:00 - 07/09/2022 08:00,27586
07/09/2022 08:00 - 07/09/2022 09:00,28583
07/09/2022 09:00 - 07/09/2022 10:00,29563
07/09/2022 10:00 - 07/09/2022 11:00,30794
07/09/2022 11:00 - 07/09/2022 12:00,31332
07/09/2022 12:00 - 07/09/2022 13:00,31974
07/09/2022 13:00 - 07/09/2022 14:00,32385
07/09/2022 14:00 - 07/09/2022 15:00,32066
07/09/2022 15:00 - 07/09/2022 16:00,31312
07/09/2022 16:00 - 07/09/2022 17:00,31147
07/09/2022 17:00 - 07/09/2022 18:00,31211
07/09/2022 18:00 - 07/09/2022 19:00,30879
07/09/2022 19:00 - 07/09/2022 20:00,30614
07/09/2022 20:00 - 07/09/2022 21:00,31230
07/09/2022 21:00 - 07/09/2022 22:00,31533
07/09/2022 22:00 - 07/09/2022 23:00,28953
07/09/2022 23:00 - 08/09/2022 00:00,26620
08/09/2022 00:00 - 08/09/2022 01:00,25533
08/09/2022 01:00 - 08/09/2022 02:00,24363
08/09/2022 02:00 - 08/09/2022 03:00,23469
08/09/2022 03:00 - 08/09/2022 04:00,22968
08/09/2022 04:00 - 08/09/2022 05:00,22841
08/09/2022 05:00 - 08/09/2022 06:00,23091
08/09/2022 06:00 - 08/09/2022 07:00,24848
08/09/2022 07:00 - 08/09/2022 08:00,27141
08/09/2022 08:00 - 08/09/2022 09:00,28140
08/09/2022 09:00 - 08/09/2022 10:00,29168
08/09/2022 10:00 - 08/09/2022 11:00,29683
08/09/2022 11:00 - 08/09/2022 12:00,30227
08/09/2022 12:00 - 08/09/2022 13:00,30592
08/09/2022 13:00 - 08/09/2022 14:00,31004
08/09/2022 14:00 - 08/09/2022 15:00,30790
08/09/2022 15:00 - 08/09/2022 16:00,30281
08/09/2022 16:00 - 08/09/2022 17:00,30161
08/09/2022 17:00 - 08/09/2022 18:00,30220
08/09/2022 18:00 - 08/09/2022 19:00,30088
08/09/2022 19:00 - 08/09/2022 20:00,30072
08/09/2022 20:00 - 08/09/2022 21:00,30529
08/09/2022 21:00 - 08/09/2022 22:00,30962
08/09/2022 22:00 - 08/09/2022 23:00,28589
08/09/2022 23:00 - 09/09/2022 00:00,26431
09/09/2022 00:00 - 09/09/2022 01:00,25402
09/09/2022 01:00 - 09/09/2022 02:00,24227
09/09/2022 02:00 - 09/09/2022 03:00,23399
09/09/2022 03:00 - 09/09/2022 04:00,22864
09/09/2022 04:00 - 09/09/2022 05:00,22715
09/09/2022 05:00 - 09/09/2022 06:00,23083
09/09/2022 06:00 - 09/09/2022 07:00,25010
09/09/2022 07:00 - 09/09/2022 08:00,27463
09/09/2022 08:00 - 09/09/2022 09:00,28374
09/09/2022 09:00 - 09/09/2022 10:00,29546
09/09/2022 10:00 - 09/09/2022 11:00,30451
09/09/2022 11:00 - 09/09/2022 12:00,31230
09/09/2022 12:00 - 09/09/2022 13:00,31747
09/09/2022 13:00 - 09/09/2022 14:00,32171
09/09/2022 14:00 - 09/09/2022 15:00,31669
09/09/2022 15:00 - 09/09/2022 16:00,30942
09/09/2022 16:00 - 09/09/2022 17:00,30822
09/09/2022 17:00 - 09/09/2022 18:00,30901
09/09/2022 18:00 - 09/09/2022 19:00,30815
09/09/2022 19:00 - 09/09/2022 20:00,30140
09/09/2022 20:00 - 09/09/2022 21:00,30416
09/09/2022 21:00 - 09/09/2022 22:00,30612
09/09/2022 22:00 - 09/09/2022 23:00,28226
09/09/2022 23:00 - 10/09/2022 00:00,26270
10/09/2022 00:00 - 10/09/2022 01:00,25181
10/09/2022 01:00 - 10/09/2022 02:00,23977
10/09/2022 02:00 - 10/09/2022 03:00,22966
10/09/2022 03:00 - 10/09/2022 04:00,22396
10/09/2022 04:00 - 10/09/2022 05:00,21910
10/09/2022 05:00 - 10/09/2022 06:00,21615
10/09/2022 06:00 - 10/09/2022 07:00,22105
10/09/2022 07:00 - 10/09/2022 08:00,22697
10/09/2022 08:00 - 10/09/2022 09:00,23215
10/09/2022 09:00 - 10/09/2022 10:00,24938
10/09/2022 10:00 - 10/09/2022 11:00,26346
10/09/2022 11:00 - 10/09/2022 12:00,27092
10/09/2022 12:00 - 10/09/2022 13:00,27509
10/09/2022 13:00 - 10/09/2022 14:00,28064
10/09/2022 14:00 - 10/09/2022 15:00,27898
10/09/2022 15:00 - 10/09/2022 16:00,27298
10/09/2022 16:00 - 10/09/2022 17:00,26973
10/09/2022 17:00 - 10/09/2022 18:00,27055
10/09/2022 18:00 - 10/09/2022 19:00,27260
10/09/2022 19:00 - 10/09/2022 20:00,27310
10/09/2022 20:00 - 10/09/2022 21:00,27729
10/09/2022 21:00 - 10/09/2022 22:00,28462
10/09/2022 22:00 - 10/09/2022 23:00,26529
10/09/2022 23:00 - 11/09/2022 00:00,24874
11/09/2022 00:00 - 11/09/2022 01:00,23644
11/09/2022 01:00 - 11/09/2022 02:00,22478
11/09/2022 02:00 - 11/09/2022 03:00,21434
11/09/2022 03:00 - 11/09/2022 04:00,20689
11/09/2022 04:00 - 11/09/2022 05:00,20374
11/09/2022 05:00 - 11/09/2022 06:00,20208
11/09/2022 06:00 - 11/09/2022 07:00,20468
11/09/2022 07:00 - 11/09/2022 08:00,20618
11/09/2022 08:00 - 11/09/2022 09:00,20673
11/09/2022 09:00 - 11/09/2022 10:00,22116
11/09/2022 10:00 - 11/09/2022 11:00,23537
11/09/2022 11:00 - 11/09/2022 12:00,24330
11/09/2022 12:00 - 11/09/2022 13:00,25116
11/09/2022 13:00 - 11/09/2022 14:00,26171
11/09/2022 14:00 - 11/09/2022 15:00,26592
11/09/2022 15:00 - 11/09/2022 16:00,25919
11/09/2022 16:00 - 11/09/2022 17:00,25786
11/09/2022 17:00 - 11/09/2022 18:00,25914
11/09/2022 18:00 - 11/09/2022 19:00,26131
11/09/2022 19:00 - 11/09/2022 20:00,26200
11/09/2022 20:00 - 11/09/2022 21:00,27250
11/09/2022 21:00 - 11/09/2022 22:00,28337
11/09/2022 22:00 - 11/09/2022 23:00,27204
11/09/2022 23:00 - 12/09/2022 00:00,25580
12/09/2022 00:00 - 12/09/2022 01:00,24208
12/09/2022 01:00 - 12/09/2022 02:00,23147
12/09/2022 02:00 - 12/09/2022 03:00,22263
12/09/2022 03:00 - 12/09/2022 04:00,21838
12/09/2022 04:00 - 12/09/2022 05:00,21650
12/09/2022 05:00 - 12/09/2022 06:00,22202
12/09/2022 06:00 - 12/09/2022 07:00,24954
12/09/2022 07:00 - 12/09/2022 08:00,27962
12/09/2022 08:00 - 12/09/2022 09:00,29337
12/09/2022 09:00 - 12/09/2022 10:00,30690
12/09/2022 10:00 - 12/09/2022 11:00,31696
12/09/2022 11:00 - 12/09/2022 12:00,32408
12/09/2022 12:00 - 12/09/2022 13:00,33047
12/09/2022 13:00 - 12/09/2022 14:00,33547
12/09/2022 14:00 - 12/09/2022 15:00,33751
12/09/2022 15:00 - 12/09/2022 16:00,33051
12/09/2022 16:00 - 12/09/2022 17:00,33000
12/09/2022 17:00 - 12/09/2022 18:00,32788
12/09/2022 18:00 - 12/09/2022 19:00,32173
12/09/2022 19:00 - 12/09/2022 20:00,31950
12/09/2022 20:00 - 12/09/2022 21:00,32792
12/09/2022 21:00 - 12/09/2022 22:00,32665
12/09/2022 22:00 - 12/09/2022 23:00,29740
12/09/2022 23:00 - 13/09/2022 00:00,27353
13/09/2022 00:00 - 13/09/2022 01:00,26182
13/09/2022 01:00 - 13/09/2022 02:00,24990
13/09/2022 02:00 - 13/09/2022 03:00,24156
13/09/2022 03:00 - 13/09/2022 04:00,23732
13/09/2022 04:00 - 13/09/2022 05:00,23577
13/09/2022 05:00 - 13/09/2022 06:00,24121
13/09/2022 06:00 - 13/09/2022 07:00,26544
13/09/2022 07:00 - 13/09/2022 08:00,29365
13/09/2022 08:00 - 13/09/2022 09:00,30794
13/09/2022 09:00 - 13/09/2022 10:00,32040
13/09/2022 10:00 - 13/09/2022 11:00,32687
13/09/2022 11:00 - 13/09/2022 12:00,32720
13/09/2022 12:00 - 13/09/2022 13:00,33062
13/09/2022 13:00 - 13/09/2022 14:00,33154
13/09/2022 14:00 - 13/09/2022 15:00,32481
13/09/2022 15:00 - 13/09/2022 16:00,31596
13/09/2022 16:00 - 13/09/2022 17:00,31169
13/09/2022 17:00 - 13/09/2022 18:00,30878
13/09/2022 18:00 - 13/09/2022 19:00,30308
13/09/2022 19:00 - 13/09/2022 20:00,30265
13/09/2022 20:00 - 13/09/2022 21:00,31417
13/09/2022 21:00 - 13/09/2022 22:00,31319
13/09/2022 22:00 - 13/09/2022 23:00,28406
13/09/2022 23:00 - 14/09/2022 00:00,26239
14/09/2022 00:00 - 14/09/2022 01:00,24982
14/09/2022 01:00 - 14/09/2022 02:00,23953
14/09/2022 02:00 - 14/09/2022 03:00,23156
14/09/2022 03:00 - 14/09/2022 04:00,22725
14/09/2022 04:00 - 14/09/2022 05:00,22717
14/09/2022 05:00 - 14/09/2022 06:00,23080
14/09/2022 06:00 - 14/09/2022 07:00,25401
14/09/2022 07:00 - 14/09/2022 08:00,28347
14/09/2022 08:00 - 14/09/2022 09:00,29617
14/09/2022 09:00 - 14/09/2022 10:00,30433
14/09/2022 10:00 - 14/09/2022 11:00,30959
14/09/2022 11:00 - 14/09/2022 12:00,30982
14/09/2022 12:00 - 14/09/2022 13:00,31308
14/09/2022 13:00 - 14/09/2022 14:00,31368
14/09/2022 14:00 - 14/09/2022 15:00,30833
14/09/2022 15:00 - 14/09/2022 16:00,30136
14/09/2022 16:00 - 14/09/2022 17:00,29835
14/09/2022 17:00 - 14/09/2022 18:00,29911
14/09/2022 18:00 - 14/09/2022 19:00,29785
14/09/2022 19:00 - 14/09/2022 20:00,29756
14/09/2022 20:00 - 14/09/2022 21:00,30911
14/09/2022 21:00 - 14/09/2022 22:00,30931
14/09/2022 22:00 - 14/09/2022 23:00,28148
14/09/2022 23:00 - 15/09/2022 00:00,25994
15/09/2022 00:00 - 15/09/2022 01:00,24775
15/09/2022 01:00 - 15/09/2022 02:00,23648
15/09/2022 02:00 - 15/09/2022 03:00,22764
15/09/2022 03:00 - 15/09/2022 04:00,22338
15/09/2022 04:00 - 15/09/2022 05:00,22148
15/09/2022 05:00 - 15/09/2022 06:00,22512
15/09/2022 06:00 - 15/09/2022 07:00,24801
15/09/2022 07:00 - 15/09/2022 08:00,27662
15/09/2022 08:00 - 15/09/2022 09:00,28684
15/09/2022 09:00 - 15/09/2022 10:00,29600
15/09/2022 10:00 - 15/09/2022 11:00,30380
15/09/2022 11:00 - 15/09/2022 12:00,30561
15/09/2022 12:00 - 15/09/2022 13:00,30919
15/09/2022 13:00 - 15/09/2022 14:00,31200
15/09/2022 14:00 - 15/09/2022 15:00,30991
15/09/2022 15:00 - 15/09/2022 16:00,30387
15/09/2022 16:00 - 15/09/2022 17:00,30310
15/09/2022 17:00 - 15/09/2022 18:00,30273
15/09/2022 18:00 - 15/09/2022 19:00,29895
15/09/2022 19:00 - 15/09/2022 20:00,29938
15/09/2022 20:00 - 15/09/2022 21:00,31194
15/09/2022 21:00 - 15/09/2022 22:00,31097
15/09/2022 22:00 - 15/09/2022 23:00,28281
15/09/2022 23:00 - 16/09/2022 00:00,25965
16/09/2022 00:00 - 16/09/2022 01:00,24863
16/09/2022 01:00 - 16/09/2022 02:00,23894
16/09/2022 02:00 - 16/09/2022 03:00,23130
16/09/2022 03:00 - 16/09/2022 04:00,22659
16/09/2022 04:00 - 16/09/2022 05:00,22554
16/09/2022 05:00 - 16/09/2022 06:00,22971
16/09/2022 06:00 - 16/09/2022 07:00,25213
16/09/2022 07:00 - 16/09/2022 08:00,27974
16/09/2022 08:00 - 16/09/2022 09:00,28939
16/09/2022 09:00 - 16/09/2022 10:00,29874
16/09/2022 10:00 - 16/09/2022 11:00,30386
16/09/2022 11:00 - 16/09/2022 12:00,30566
16/09/2022 12:00 - 16/09/2022 13:00,30957
16/09/2022 13:00 - 16/09/2022 14:00,31178
16/09/2022 14:00 - 16/09/2022 15:00,30536
16/09/2022 15:00 - 16/09/2022 16:00,29737
16/09/2022 16:00 - 16/09/2022 17:00,29363
16/09/2022 17:00 - 16/09/2022 18:00,29486
16/09/2022 18:00 - 16/09/2022 19:00,29434
16/09/2022 19:00 - 16/09/2022 20:00,29204
16/09/2022 20:00 - 16/09/2022 21:00,30102
16/09/2022 21:00 - 16/09/2022 22:00,30138
16/09/2022 22:00 - 16/09/2022 23:00,27566
16/09/2022 23:00 - 17/09/2022 00:00,25560
17/09/2022 00:00 - 17/09/2022 01:00,24526
17/09/2022 01:00 - 17/09/2022 02:00,23463
17/09/2022 02:00 - 17/09/2022 03:00,22472
17/09/2022 03:00 - 17/09/2022 04:00,21907
17/09/2022 04:00 - 17/09/2022 05:00,21498
17/09/2022 05:00 - 17/09/2022 06:00,21180
17/09/2022 06:00 - 17/09/2022 07:00,21643
17/09/2022 07:00 - 17/09/2022 08:00,22458
17/09/2022 08:00 - 17/09/2022 09:00,22829
17/09/2022 09:00 - 17/09/2022 10:00,24204
17/09/2022 10:00 - 17/09/2022 11:00,25187
17/09/2022 11:00 - 17/09/2022 12:00,25605
17/09/2022 12:00 - 17/09/2022 13:00,25862
17/09/2022 13:00 - 17/09/2022 14:00,26134
17/09/2022 14:00 - 17/09/2022 15:00,25758
17/09/2022 15:00 - 17/09/2022 16:00,24916
17/09/2022 16:00 - 17/09/2022 17:00,24534
17/09/2022 17:00 - 17/09/2022 18:00,24637
17/09/2022 18:00 - 17/09/2022 19:00,24927
17/09/2022 19:00 - 17/09/2022 20:00,25046
17/09/2022 20:00 - 17/09/2022 21:00,26383
17/09/2022 21:00 - 17/09/2022 22:00,26886
17/09/2022 22:00 - 17/09/2022 23:00,24902
17/09/2022 23:00 - 18/09/2022 00:00,23305
18/09/2022 00:00 - 18/09/2022 01:00,22171
18/09/2022 01:00 - 18/09/2022 02:00,21003
18/09/2022 02:00 - 18/09/2022 03:00,20162
18/09/2022 03:00 - 18/09/2022 04:00,19752
18/09/2022 04:00 - 18/09/2022 05:00,19392
18/09/2022 05:00 - 18/09/2022 06:00,19281
18/09/2022 06:00 - 18/09/2022 07:00,19593
18/09/2022 07:00 - 18/09/2022 08:00,19941
18/09/2022 08:00 - 18/09/2022 09:00,19984
18/09/2022 09:00 - 18/09/2022 10:00,21209
18/09/2022 10:00 - 18/09/2022 11:00,22276
18/09/2022 11:00 - 18/09/2022 12:00,22911
18/09/2022 12:00 - 18/09/2022 13:00,23435
18/09/2022 13:00 - 18/09/2022 14:00,24244
18/09/2022 14:00 - 18/09/2022 15:00,24178
18/09/2022 15:00 - 18/09/2022 16:00,23214
18/09/2022 16:00 - 18/09/2022 17:00,22811
18/09/2022 17:00 - 18/09/2022 18:00,23000
18/09/2022 18:00 - 18/09/2022 19:00,23317
18/09/2022 19:00 - 18/09/2022 20:00,23792
18/09/2022 20:00 - 18/09/2022 21:00,25783
18/09/2022 21:00 - 18/09/2022 22:00,26491
18/09/2022 22:00 - 18/09/2022 23:00,25189
18/09/2022 23:00 - 19/09/2022 00:00,23620
19/09/2022 00:00 - 19/09/2022 01:00,22353
19/09/2022 01:00 - 19/09/2022 02:00,21399
19/09/2022 02:00 - 19/09/2022 03:00,20676
19/09/2022 03:00 - 19/09/2022 04:00,20439
19/09/2022 04:00 - 19/09/2022 05:00,20418
19/09/2022 05:00 - 19/09/2022 06:00,21018
19/09/2022 06:00 - 19/09/2022 07:00,23774
19/09/2022 07:00 - 19/09/2022 08:00,26986
19/09/2022 08:00 - 19/09/2022 09:00,28195
19/09/2022 09:00 - 19/09/2022 10:00,28992
19/09/2022 10:00 - 19/09/2022 11:00,29540
19/09/2022 11:00 - 19/09/2022 12:00,29763
19/09/2022 12:00 - 19/09/2022 13:00,30311
19/09/2022 13:00 - 19/09/2022 14:00,30683
19/09/2022 14:00 - 19/09/2022 15:00,30252
19/09/2022 15:00 - 19/09/2022 16:00,29704
19/09/2022 16:00 - 19/09/2022 17:00,29534
19/09/2022 17:00 - 19/09/2022 18:00,29671
19/09/2022 18:00 - 19/09/2022 19:00,29404
19/09/2022 19:00 - 19/09/2022 20:00,29262
19/09/2022 20:00 - 19/09/2022 21:00,30611
19/09/2022 21:00 - 19/09/2022 22:00,30307
19/09/2022 22:00 - 19/09/2022 23:00,27535
19/09/2022 23:00 - 20/09/2022 00:00,25325
20/09/2022 00:00 - 20/09/2022 01:00,24141
20/09/2022 01:00 - 20/09/2022 02:00,23182
20/09/2022 02:00 - 20/09/2022 03:00,22429
20/09/2022 03:00 - 20/09/2022 04:00,22209
20/09/2022 04:00 - 20/09/2022 05:00,22050
20/09/2022 05:00 - 20/09/2022 06:00,22450
20/09/2022 06:00 - 20/09/2022 07:00,24712
20/09/2022 07:00 - 20/09/2022 08:00,27718
20/09/2022 08:00 - 20/09/2022 09:00,28744
20/09/2022 09:00 - 20/09/2022 10:00,29471
20/09/2022 10:00 - 20/09/2022 11:00,30001
20/09/2022 11:00 - 20/09/2022 12:00,30248
20/09/2022 12:00 - 20/09/2022 13:00,30786
20/09/2022 13:00 - 20/09/2022 14:00,30882
20/09/2022 14:00 - 20/09/2022 15:00,30534
20/09/2022 15:00 - 20/09/2022 16:00,30058
20/09/2022 16:00 - 20/09/2022 17:00,29998
20/09/2022 17:00 - 20/09/2022 18:00,30079
20/09/2022 18:00 - 20/09/2022 19:00,29833
20/09/2022 19:00 - 20/09/2022 20:00,29661
20/09/2022 20:00 - 20/09/2022 21:00,30926
20/09/2022 21:00 - 20/09/2022 22:00,30457
20/09/2022 22:00 - 20/09/2022 23:00,27573
20/09/2022 23:00 - 21/09/2022 00:00,25407
21/09/2022 00:00 - 21/09/2022 01:00,24209
21/09/2022 01:00 - 21/09/2022 02:00,23120
21/09/2022 02:00 - 21/09/2022 03:00,22498
21/09/2022 03:00 - 21/09/2022 04:00,22018
21/09/2022 04:00 - 21/09/2022 05:00,21938
21/09/2022 05:00 - 21/09/2022 06:00,22391
21/09/2022 06:00 - 21/09/2022 07:00,24785
21/09/2022 07:00 - 21/09/2022 08:00,27713
21/09/2022 08:00 - 21/09/2022 09:00,28725
21/09/2022 09:00 - 21/09/2022 10:00,29283
21/09/2022 10:00 - 21/09/2022 11:00,29693
21/09/2022 11:00 - 21/09/2022 12:00,29955
21/09/2022 12:00 - 21/09/2022 13:00,30626
21/09/2022 13:00 - 21/09/2022 14:00,30715
21/09/2022 14:00 - 21/09/2022 15:00,30227
21/09/2022 15:00 - 21/09/2022 16:00,29510
21/09/2022 16:00 - 21/09/2022 17:00,29492
21/09/2022 17:00 - 21/09/2022 18:00,29486
21/09/2022 18:00 - 21/09/2022 19:00,29094
21/09/2022 19:00 - 21/09/2022 20:00,29128
21/09/2022 20:00 - 21/09/2022 21:00,30677
21/09/2022 21:00 - 21/09/2022 22:00,30190
21/09/2022 22:00 - 21/09/2022 23:00,27400
21/09/2022 23:00 - 22/09/2022 00:00,25283
22/09/2022 00:00 - 22/09/2022 01:00,24091
22/09/2022 01:00 - 22/09/2022 02:00,22964
22/09/2022 02:00 - 22/09/2022 03:00,22244
22/09/2022 03:00 - 22/09/2022 04:00,21883
22/09/2022 04:00 - 22/09/2022 05:00,21767
22/09/2022 05:00 - 22/09/2022 06:00,22238
22/09/2022 06:00 - 22/09/2022 07:00,24443
22/09/2022 07:00 - 22/09/2022 08:00,27523
22/09/2022 08:00 - 22/09/2022 09:00,28538
22/09/2022 09:00 - 22/09/2022 10:00,29129
22/09/2022 10:00 - 22/09/2022 11:00,29618
22/09/2022 11:00 - 22/09/2022 12:00,29971
22/09/2022 12:00 - 22/09/2022 13:00,30478
22/09/2022 13:00 - 22/09/2022 14:00,30630
22/09/2022 14:00 - 22/09/2022 15:00,30120
22/09/2022 15:00 - 22/09/2022 16:00,29664
22/09/2022 16:00 - 22/09/2022 17:00,29657
22/09/2022 17:00 - 22/09/2022 18:00,29769
22/09/2022 18:00 - 22/09/2022 19:00,29541
22/09/2022 19:00 - 22/09/2022 20:00,29329
22/09/2022 20:00 - 22/09/2022 21:00,30756
22/09/2022 21:00 - 22/09/2022 22:00,30314
22/09/2022 22:00 - 22/09/2022 23:00,27417
22/09/2022 23:00 - 23/09/2022 00:00,25195
23/09/2022 00:00 - 23/09/2022 01:00,24018
23/09/2022 01:00 - 23/09/2022 02:00,22949
23/09/2022 02:00 - 23/09/2022 03:00,22286
23/09/2022 03:00 - 23/09/2022 04:00,21928
23/09/2022 04:00 - 23/09/2022 05:00,21728
23/09/2022 05:00 - 23/09/2022 06:00,22155
23/09/2022 06:00 - 23/09/2022 07:00,24446
23/09/2022 07:00 - 23/09/2022 08:00,27318
23/09/2022 08:00 - 23/09/2022 09:00,28385
23/09/2022 09:00 - 23/09/2022 10:00,29010
23/09/2022 10:00 - 23/09/2022 11:00,29445
23/09/2022 11:00 - 23/09/2022 12:00,29982
23/09/2022 12:00 - 23/09/2022 13:00,30642
23/09/2022 13:00 - 23/09/2022 14:00,30826
23/09/2022 14:00 - 23/09/2022 15:00,30258
23/09/2022 15:00 - 23/09/2022 16:00,29487
23/09/2022 16:00 - 23/09/2022 17:00,29183
23/09/2022 17:00 - 23/09/2022 18:00,29223
23/09/2022 18:00 - 23/09/2022 19:00,28874
23/09/2022 19:00 - 23/09/2022 20:00,28576
23/09/2022 20:00 - 23/09/2022 21:00,29792
23/09/2022 21:00 - 23/09/2022 22:00,29231
23/09/2022 22:00 - 23/09/2022 23:00,26655
23/09/2022 23:00 - 24/09/2022 00:00,24646
24/09/2022 00:00 - 24/09/2022 01:00,23743
24/09/2022 01:00 - 24/09/2022 02:00,22634
24/09/2022 02:00 - 24/09/2022 03:00,21673
24/09/2022 03:00 - 24/09/2022 04:00,21054
24/09/2022 04:00 - 24/09/2022 05:00,20604
24/09/2022 05:00 - 24/09/2022 06:00,20430
24/09/2022 06:00 - 24/09/2022 07:00,20923
24/09/2022 07:00 - 24/09/2022 08:00,21788
24/09/2022 08:00 - 24/09/2022 09:00,22347
24/09/2022 09:00 - 24/09/2022 10:00,23993
24/09/2022 10:00 - 24/09/2022 11:00,24986
24/09/2022 11:00 - 24/09/2022 12:00,25355
24/09/2022 12:00 - 24/09/2022 13:00,25501
24/09/2022 13:00 - 24/09/2022 14:00,25897
24/09/2022 14:00 - 24/09/2022 15:00,25349
24/09/2022 15:00 - 24/09/2022 16:00,24209
24/09/2022 16:00 - 24/09/2022 17:00,23613
24/09/2022 17:00 - 24/09/2022 18:00,23616
24/09/2022 18:00 - 24/09/2022 19:00,24008
24/09/2022 19:00 - 24/09/2022 20:00,24256
24/09/2022 20:00 - 24/09/2022 21:00,25884
24/09/2022 21:00 - 24/09/2022 22:00,25998
24/09/2022 22:00 - 24/09/2022 23:00,24034
24/09/2022 23:00 - 25/09/2022 00:00,22375
25/09/2022 00:00 - 25/09/2022 01:00,21127
25/09/2022 01:00 - 25/09/2022 02:00,20031
25/09/2022 02:00 - 25/09/2022 03:00,19256
25/09/2022 03:00 - 25/09/2022 04:00,18764
25/09/2022 04:00 - 25/09/2022 05:00,18506
25/09/2022 05:00 - 25/09/2022 06:00,18501
25/09/2022 06:00 - 25/09/2022 07:00,18950
25/09/2022 07:00 - 25/09/2022 08:00,19350
25/09/2022 08:00 - 25/09/2022 09:00,19494
25/09/2022 09:00 - 25/09/2022 10:00,20675
25/09/2022 10:00 - 25/09/2022 11:00,21772
25/09/2022 11:00 - 25/09/2022 12:00,22240
25/09/2022 12:00 - 25/09/2022 13:00,22460
25/09/2022 13:00 - 25/09/2022 14:00,22931
25/09/2022 14:00 - 25/09/2022 15:00,22965
25/09/2022 15:00 - 25/09/2022 16:00,21916
25/09/2022 16:00 - 25/09/2022 17:00,21264
25/09/2022 17:00 - 25/09/2022 18:00,21156
25/09/2022 18:00 - 25/09/2022 19:00,21830
25/09/2022 19:00 - 25/09/2022 20:00,22563
25/09/2022 20:00 - 25/09/2022 21:00,24869
25/09/2022 21:00 - 25/09/2022 22:00,25245
25/09/2022 22:00 - 25/09/2022 23:00,23751
25/09/2022 23:00 - 26/09/2022 00:00,22090
26/09/2022 00:00 - 26/09/2022 01:00,21001
26/09/2022 01:00 - 26/09/2022 02:00,20129
26/09/2022 02:00 - 26/09/2022 03:00,19570
26/09/2022 03:00 - 26/09/2022 04:00,19293
26/09/2022 04:00 - 26/09/2022 05:00,19191
26/09/2022 05:00 - 26/09/2022 06:00,19830
26/09/2022 06:00 - 26/09/2022 07:00,22367
26/09/2022 07:00 - 26/09/2022 08:00,25562
26/09/2022 08:00 - 26/09/2022 09:00,26754
26/09/2022 09:00 - 26/09/2022 10:00,27355
26/09/2022 10:00 - 26/09/2022 11:00,27601
26/09/2022 11:00 - 26/09/2022 12:00,27666
26/09/2022 12:00 - 26/09/2022 13:00,27963
26/09/2022 13:00 - 26/09/2022 14:00,28180
26/09/2022 14:00 - 26/09/2022 15:00,27577
26/09/2022 15:00 - 26/09/2022 16:00,26810
26/09/2022 16:00 - 26/09/2022 17:00,26603
26/09/2022 17:00 - 26/09/2022 18:00,26934
26/09/2022 18:00 - 26/09/2022 19:00,26940
26/09/2022 19:00 - 26/09/2022 20:00,27276
26/09/2022 20:00 - 26/09/2022 21:00,29252
26/09/2022 21:00 - 26/09/2022 22:00,28797
26/09/2022 22:00 - 26/09/2022 23:00,25916
26/09/2022 23:00 - 27/09/2022 00:00,23716
27/09/2022 00:00 - 27/09/2022 01:00,22749
27/09/2022 01:00 - 27/09/2022 02:00,21784
27/09/2022 02:00 - 27/09/2022 03:00,21053
27/09/2022 03:00 - 27/09/2022 04:00,20704
27/09/2022 04:00 - 27/09/2022 05:00,20668
27/09/2022 05:00 - 27/09/2022 06:00,21147
27/09/2022 06:00 - 27/09/2022 07:00,23409
27/09/2022 07:00 - 27/09/2022 08:00,26393
27/09/2022 08:00 - 27/09/2022 09:00,27825
27/09/2022 09:00 - 27/09/2022 10:00,28098
27/09/2022 10:00 - 27/09/2022 11:00,28242
27/09/2022 11:00 - 27/09/2022 12:00,28350
27/09/2022 12:00 - 27/09/2022 13:00,28612
27/09/2022 13:00 - 27/09/2022 14:00,28658
27/09/2022 14:00 - 27/09/2022 15:00,28208
27/09/2022 15:00 - 27/09/2022 16:00,27514
27/09/2022 16:00 - 27/09/2022 17:00,27441
27/09/2022 17:00 - 27/09/2022 18:00,27709
27/09/2022 18:00 - 27/09/2022 19:00,27648
27/09/2022 19:00 - 27/09/2022 20:00,27965
27/09/2022 20:00 - 27/09/2022 21:00,29725
27/09/2022 21:00 - 27/09/2022 22:00,29265
27/09/2022 22:00 - 27/09/2022 23:00,26224
27/09/2022 23:00 - 28/09/2022 00:00,23919
28/09/2022 00:00 - 28/09/2022 01:00,22805
28/09/2022 01:00 - 28/09/2022 02:00,21836
28/09/2022 02:00 - 28/09/2022 03:00,21145
28/09/2022 03:00 - 28/09/2022 04:00,20833
28/09/2022 04:00 - 28/09/2022 05:00,20823
28/09/2022 05:00 - 28/09/2022 06:00,21298
28/09/2022 06:00 - 28/09/2022 07:00,23635
28/09/2022 07:00 - 28/09/2022 08:00,26791
28/09/2022 08:00 - 28/09/2022 09:00,27831
28/09/2022 09:00 - 28/09/2022 10:00,28189
28/09/2022 10:00 - 28/09/2022 11:00,28232
28/09/2022 11:00 - 28/09/2022 12:00,28418
28/09/2022 12:00 - 28/09/2022 13:00,28769
28/09/2022 13:00 - 28/09/2022 14:00,29032
28/09/2022 14:00 - 28/09/2022 15:00,28609
28/09/2022 15:00 - 28/09/2022 16:00,27781
28/09/2022 16:00 - 28/09/2022 17:00,27588
28/09/2022 17:00 - 28/09/2022 18:00,27666
28/09/2022 18:00 - 28/09/2022 19:00,27578
28/09/2022 19:00 - 28/09/2022 20:00,27985
28/09/2022 20:00 - 28/09/2022 21:00,29754
28/09/2022 21:00 - 28/09/2022 22:00,29124
28/09/2022 22:00 - 28/09/2022 23:00,26197
28/09/2022 23:00 - 29/09/2022 00:00,23921
29/09/2022 00:00 - 29/09/2022 01:00,22967
29/09/2022 01:00 - 29/09/2022 02:00,22004
29/09/2022 02:00 - 29/09/2022 03:00,21241
29/09/2022 03:00 - 29/09/2022 04:00,20943
29/09/2022 04:00 - 29/09/2022 05:00,20889
29/09/2022 05:00 - 29/09/2022 06:00,21316
29/09/2022 06:00 - 29/09/2022 07:00,23611
29/09/2022 07:00 - 29/09/2022 08:00,26630
29/09/2022 08:00 - 29/09/2022 09:00,27672
29/09/2022 09:00 - 29/09/2022 10:00,28340
29/09/2022 10:00 - 29/09/2022 11:00,28522
29/09/2022 11:00 - 29/09/2022 12:00,28717
29/09/2022 12:00 - 29/09/2022 13:00,29146
29/09/2022 13:00 - 29/09/2022 14:00,28943
29/09/2022 14:00 - 29/09/2022 15:00,28390
29/09/2022 15:00 - 29/09/2022 16:00,27838
29/09/2022 16:00 - 29/09/2022 17:00,27465
29/09/2022 17:00 - 29/09/2022 18:00,27650
29/09/2022 18:00 - 29/09/2022 19:00,27491
29/09/2022 19:00 - 29/09/2022 20:00,27917
29/09/2022 20:00 - 29/09/2022 21:00,29560
29/09/2022 21:00 - 29/09/2022 22:00,28651
29/09/2022 22:00 - 29/09/2022 23:00,25824
29/09/2022 23:00 - 30/09/2022 00:00,23600
30/09/2022 00:00 - 30/09/2022 01:00,22548
30/09/2022 01:00 - 30/09/2022 02:00,21705
30/09/2022 02:00 - 30/09/2022 03:00,20847
30/09/2022 03:00 - 30/09/2022 04:00,20582
30/09/2022 04:00 - 30/09/2022 05:00,20529
30/09/2022 05:00 - 30/09/2022 06:00,21012
30/09/2022 06:00 - 30/09/2022 07:00,23307
30/09/2022 07:00 - 30/09/2022 08:00,26456
30/09/2022 08:00 - 30/09/2022 09:00,27429
30/09/2022 09:00 - 30/09/2022 10:00,27836
30/09/2022 10:00 - 30/09/2022 11:00,27893
30/09/2022 11:00 - 30/09/2022 12:00,27942
30/09/2022 12:00 - 30/09/2022 13:00,28339
30/09/2022 13:00 - 30/09/2022 14:00,28294
30/09/2022 14:00 - 30/09/2022 15:00,27554
30/09/2022 15:00 - 30/09/2022 16:00,26679
30/09/2022 16:00 - 30/09/2022 17:00,26280
30/09/2022 17:00 - 30/09/2022 18:00,26247
30/09/2022 18:00 - 30/09/2022 19:00,26348
30/09/2022 19:00 - 30/09/2022 20:00,26531
30/09/2022 20:00 - 30/09/2022 21:00,28249
30/09/2022 21:00 - 30/09/2022 22:00,27769
30/09/2022 22:00 - 30/09/2022 23:00,25304
30/09/2022 23:00 - 01/10/2022 00:00,23300
01/10/2022 00:00 - 01/10/2022 01:00,22299
01/10/2022 01:00 - 01/10/2022 02:00,21203
01/10/2022 02:00 - 01/10/2022 03:00,20409
01/10/2022 03:00 - 01/10/2022 04:00,19958
01/10/2022 04:00 - 01/10/2022 05:00,19715
01/10/2022 05:00 - 01/10/2022 06:00,19561
01/10/2022 06:00 - 01/10/2022 07:00,20311
01/10/2022 07:00 - 01/10/2022 08:00,21318
01/10/2022 08:00 - 01/10/2022 09:00,21977
01/10/2022 09:00 - 01/10/2022 10:00,23470
01/10/2022 10:00 - 01/10/2022 11:00,24384
01/10/2022 11:00 - 01/10/2022 12:00,24380
01/10/2022 12:00 - 01/10/2022 13:00,24518
01/10/2022 13:00 - 01/10/2022 14:00,24692
01/10/2022 14:00 - 01/10/2022 15:00,24241
01/10/2022 15:00 - 01/10/2022 16:00,23157
01/10/2022 16:00 - 01/10/2022 17:00,22691
01/10/2022 17:00 - 01/10/2022 18:00,22937
01/10/2022 18:00 - 01/10/2022 19:00,23209
01/10/2022 19:00 - 01/10/2022 20:00,23658
01/10/2022 20:00 - 01/10/2022 21:00,25517
01/10/2022 21:00 - 01/10/2022 22:00,25452
01/10/2022 22:00 - 01/10/2022 23:00,23542
01/10/2022 23:00 - 02/10/2022 00:00,22032
02/10/2022 00:00 - 02/10/2022 01:00,20658
02/10/2022 01:00 - 02/10/2022 02:00,19531
02/10/2022 02:00 - 02/10/2022 03:00,18914
02/10/2022 03:00 - 02/10/2022 04:00,18274
02/10/2022 04:00 - 02/10/2022 05:00,18111
02/10/2022 05:00 - 02/10/2022 06:00,18123
02/10/2022 06:00 - 02/10/2022 07:00,18539
02/10/2022 07:00 - 02/10/2022 08:00,19085
02/10/2022 08:00 - 02/10/2022 09:00,19197
02/10/2022 09:00 - 02/10/2022 10:00,20522
02/10/2022 10:00 - 02/10/2022 11:00,21640
02/10/2022 11:00 - 02/10/2022 12:00,22053
02/10/2022 12:00 - 02/10/2022 13:00,22317
02/10/2022 13:00 - 02/10/2022 14:00,22761
02/10/2022 14:00 - 02/10/2022 15:00,22681
02/10/2022 15:00 - 02/10/2022 16:00,21624
02/10/2022 16:00 - 02/10/2022 17:00,21263
02/10/2022 17:00 - 02/10/2022 18:00,21393
02/10/2022 18:00 - 02/10/2022 19:00,21894
02/10/2022 19:00 - 02/10/2022 20:00,22829
02/10/2022 20:00 - 02/10/2022 21:00,25150
02/10/2022 21:00 - 02/10/2022 22:00,25301
02/10/2022 22:00 - 02/10/2022 23:00,23737
02/10/2022 23:00 - 03/10/2022 00:00,22345
03/10/2022 00:00 - 03/10/2022 01:00,20998
03/10/2022 01:00 - 03/10/2022 02:00,19906
03/10/2022 02:00 - 03/10/2022 03:00,19233
03/10/2022 03:00 - 03/10/2022 04:00,19040
03/10/2022 04:00 - 03/10/2022 05:00,19228
03/10/2022 05:00 - 03/10/2022 06:00,19867
03/10/2022 06:00 - 03/10/2022 07:00,22328
03/10/2022 07:00 - 03/10/2022 08:00,25705
03/10/2022 08:00 - 03/10/2022 09:00,27622
03/10/2022 09:00 - 03/10/2022 10:00,27918
03/10/2022 10:00 - 03/10/2022 11:00,27926
03/10/2022 11:00 - 03/10/2022 12:00,28023
03/10/2022 12:00 - 03/10/2022 13:00,28416
03/10/2022 13:00 - 03/10/2022 14:00,28808
03/10/2022 14:00 - 03/10/2022 15:00,28261
03/10/2022 15:00 - 03/10/2022 16:00,27761
03/10/2022 16:00 - 03/10/2022 17:00,27689
03/10/2022 17:00 - 03/10/2022 18:00,27757
03/10/2022 18:00 - 03/10/2022 19:00,27706
03/10/2022 19:00 - 03/10/2022 20:00,28271
03/10/2022 20:00 - 03/10/2022 21:00,30293
03/10/2022 21:00 - 03/10/2022 22:00,29510
03/10/2022 22:00 - 03/10/2022 23:00,26496
03/10/2022 23:00 - 04/10/2022 00:00,24064
04/10/2022 00:00 - 04/10/2022 01:00,22898
04/10/2022 01:00 - 04/10/2022 02:00,21911
04/10/2022 02:00 - 04/10/2022 03:00,21228
04/10/2022 03:00 - 04/10/2022 04:00,20785
04/10/2022 04:00 - 04/10/2022 05:00,20899
04/10/2022 05:00 - 04/10/2022 06:00,21338
04/10/2022 06:00 - 04/10/2022 07:00,23618
04/10/2022 07:00 - 04/10/2022 08:00,26788
04/10/2022 08:00 - 04/10/2022 09:00,27991
04/10/2022 09:00 - 04/10/2022 10:00,28495
04/10/2022 10:00 - 04/10/2022 11:00,28680
04/10/2022 11:00 - 04/10/2022 12:00,28757
04/10/2022 12:00 - 04/10/2022 13:00,29196
04/10/2022 13:00 - 04/10/2022 14:00,29349
04/10/2022 14:00 - 04/10/2022 15:00,28742
04/10/2022 15:00 - 04/10/2022 16:00,28305
04/10/2022 16:00 - 04/10/2022 17:00,28131
04/10/2022 17:00 - 04/10/2022 18:00,28276
04/10/2022 18:00 - 04/10/2022 19:00,28256
04/10/2022 19:00 - 04/10/2022 20:00,28563
04/10/2022 20:00 - 04/10/2022 21:00,30452
04/10/2022 21:00 - 04/10/2022 22:00,29491
04/10/2022 22:00 - 04/10/2022 23:00,26569
04/10/2022 23:00 - 05/10/2022 00:00,24291
05/10/2022 00:00 - 05/10/2022 01:00,23027
05/10/2022 01:00 - 05/10/2022 02:00,21972
05/10/2022 02:00 - 05/10/2022 03:00,21271
05/10/2022 03:00 - 05/10/2022 04:00,20943
05/10/2022 04:00 - 05/10/2022 05:00,20872
05/10/2022 05:00 - 05/10/2022 06:00,21458
05/10/2022 06:00 - 05/10/2022 07:00,23640
05/10/2022 07:00 - 05/10/2022 08:00,26897
05/10/2022 08:00 - 05/10/2022 09:00,27998
05/10/2022 09:00 - 05/10/2022 10:00,28422
05/10/2022 10:00 - 05/10/2022 11:00,28582
05/10/2022 11:00 - 05/10/2022 12:00,28787
05/10/2022 12:00 - 05/10/2022 13:00,29075
05/10/2022 13:00 - 05/10/2022 14:00,29186
05/10/2022 14:00 - 05/10/2022 15:00,28907
05/10/2022 15:00 - 05/10/2022 16:00,28281
05/10/2022 16:00 - 05/10/2022 17:00,28151
05/10/2022 17:00 - 05/10/2022 18:00,28163
05/10/2022 18:00 - 05/10/2022 19:00,27986
05/10/2022 19:00 - 05/10/2022 20:00,28459
05/10/2022 20:00 - 05/10/2022 21:00,30390
05/10/2022 21:00 - 05/10/2022 22:00,29365
05/10/2022 22:00 - 05/10/2022 23:00,26500
05/10/2022 23:00 - 06/10/2022 00:00,24304
06/10/2022 00:00 - 06/10/2022 01:00,23315
06/10/2022 01:00 - 06/10/2022 02:00,22312
06/10/2022 02:00 - 06/10/2022 03:00,21582
06/10/2022 03:00 - 06/10/2022 04:00,21341
06/10/2022 04:00 - 06/10/2022 05:00,21413
06/10/2022 05:00 - 06/10/2022 06:00,21878
06/10/2022 06:00 - 06/10/2022 07:00,24153
06/10/2022 07:00 - 06/10/2022 08:00,27154
06/10/2022 08:00 - 06/10/2022 09:00,28394
06/10/2022 09:00 - 06/10/2022 10:00,28790
06/10/2022 10:00 - 06/10/2022 11:00,29534
06/10/2022 11:00 - 06/10/2022 12:00,29725
06/10/2022 12:00 - 06/10/2022 13:00,29459
06/10/2022 13:00 - 06/10/2022 14:00,29658
06/10/2022 14:00 - 06/10/2022 15:00,29239
06/10/2022 15:00 - 06/10/2022 16:00,28474
06/10/2022 16:00 - 06/10/2022 17:00,28303
06/10/2022 17:00 - 06/10/2022 18:00,28429
06/10/2022 18:00 - 06/10/2022 19:00,28164
06/10/2022 19:00 - 06/10/2022 20:00,28746
06/10/2022 20:00 - 06/10/2022 21:00,30470
06/10/2022 21:00 - 06/10/2022 22:00,29420
06/10/2022 22:00 - 06/10/2022 23:00,26551
06/10/2022 23:00 - 07/10/2022 00:00,24538
07/10/2022 00:00 - 07/10/2022 01:00,23412
07/10/2022 01:00 - 07/10/2022 02:00,22404
07/10/2022 02:00 - 07/10/2022 03:00,21673
07/10/2022 03:00 - 07/10/2022 04:00,21197
07/10/2022 04:00 - 07/10/2022 05:00,21092
07/10/2022 05:00 - 07/10/2022 06:00,21371
07/10/2022 06:00 - 07/10/2022 07:00,23789
07/10/2022 07:00 - 07/10/2022 08:00,27034
07/10/2022 08:00 - 07/10/2022 09:00,28132
07/10/2022 09:00 - 07/10/2022 10:00,28513
07/10/2022 10:00 - 07/10/2022 11:00,28840
07/10/2022 11:00 - 07/10/2022 12:00,29013
07/10/2022 12:00 - 07/10/2022 13:00,29307
07/10/2022 13:00 - 07/10/2022 14:00,29443
07/10/2022 14:00 - 07/10/2022 15:00,28868
07/10/2022 15:00 - 07/10/2022 16:00,28006
07/10/2022 16:00 - 07/10/2022 17:00,27670
07/10/2022 17:00 - 07/10/2022 18:00,27663
07/10/2022 18:00 - 07/10/2022 19:00,27515
07/10/2022 19:00 - 07/10/2022 20:00,27876
07/10/2022 20:00 - 07/10/2022 21:00,29419
07/10/2022 21:00 - 07/10/2022 22:00,28496
07/10/2022 22:00 - 07/10/2022 23:00,25945
07/10/2022 23:00 - 08/10/2022 00:00,24023
08/10/2022 00:00 - 08/10/2022 01:00,23061
08/10/2022 01:00 - 08/10/2022 02:00,22007
08/10/2022 02:00 - 08/10/2022 03:00,21093
08/10/2022 03:00 - 08/10/2022 04:00,20581
08/10/2022 04:00 - 08/10/2022 05:00,20254
08/10/2022 05:00 - 08/10/2022 06:00,20034
08/10/2022 06:00 - 08/10/2022 07:00,20430
08/10/2022 07:00 - 08/10/2022 08:00,21570
08/10/2022 08:00 - 08/10/2022 09:00,22383
08/10/2022 09:00 - 08/10/2022 10:00,23793
08/10/2022 10:00 - 08/10/2022 11:00,24762
08/10/2022 11:00 - 08/10/2022 12:00,25012
08/10/2022 12:00 - 08/10/2022 13:00,25132
08/10/2022 13:00 - 08/10/2022 14:00,25465
08/10/2022 14:00 - 08/10/2022 15:00,24968
08/10/2022 15:00 - 08/10/2022 16:00,23778
08/10/2022 16:00 - 08/10/2022 17:00,23310
08/10/2022 17:00 - 08/10/2022 18:00,23441
08/10/2022 18:00 - 08/10/2022 19:00,23511
08/10/2022 19:00 - 08/10/2022 20:00,24055
08/10/2022 20:00 - 08/10/2022 21:00,25700
08/10/2022 21:00 - 08/10/2022 22:00,25233
08/10/2022 22:00 - 08/10/2022 23:00,23457
08/10/2022 23:00 - 09/10/2022 00:00,21863
09/10/2022 00:00 - 09/10/2022 01:00,20748
09/10/2022 01:00 - 09/10/2022 02:00,19785
09/10/2022 02:00 - 09/10/2022 03:00,18910
09/10/2022 03:00 - 09/10/2022 04:00,18566
09/10/2022 04:00 - 09/10/2022 05:00,18169
09/10/2022 05:00 - 09/10/2022 06:00,18230
09/10/2022 06:00 - 09/10/2022 07:00,18598
09/10/2022 07:00 - 09/10/2022 08:00,19118
09/10/2022 08:00 - 09/10/2022 09:00,19349
09/10/2022 09:00 - 09/10/2022 10:00,20531
09/10/2022 10:00 - 09/10/2022 11:00,21709
09/10/2022 11:00 - 09/10/2022 12:00,22268
09/10/2022 12:00 - 09/10/2022 13:00,22597
09/10/2022 13:00 - 09/10/2022 14:00,23171
09/10/2022 14:00 - 09/10/2022 15:00,22874
09/10/2022 15:00 - 09/10/2022 16:00,21791
09/10/2022 16:00 - 09/10/2022 17:00,21388
09/10/2022 17:00 - 09/10/2022 18:00,21447
09/10/2022 18:00 - 09/10/2022 19:00,21833
09/10/2022 19:00 - 09/10/2022 20:00,22856
09/10/2022 20:00 - 09/10/2022 21:00,25170
09/10/2022 21:00 - 09/10/2022 22:00,25035
09/10/2022 22:00 - 09/10/2022 23:00,23580
09/10/2022 23:00 - 10/10/2022 00:00,21903
10/10/2022 00:00 - 10/10/2022 01:00,20815
10/10/2022 01:00 - 10/10/2022 02:00,19900
10/10/2022 02:00 - 10/10/2022 03:00,19199
10/10/2022 03:00 - 10/10/2022 04:00,18911
10/10/2022 04:00 - 10/10/2022 05:00,18960
10/10/2022 05:00 - 10/10/2022 06:00,19729
10/10/2022 06:00 - 10/10/2022 07:00,22459
10/10/2022 07:00 - 10/10/2022 08:00,25840
10/10/2022 08:00 - 10/10/2022 09:00,27321
10/10/2022 09:00 - 10/10/2022 10:00,28003
10/10/2022 10:00 - 10/10/2022 11:00,28425
10/10/2022 11:00 - 10/10/2022 12:00,28578
10/10/2022 12:00 - 10/10/2022 13:00,28971
10/10/2022 13:00 - 10/10/2022 14:00,29017
10/10/2022 14:00 - 10/10/2022 15:00,28325
10/10/2022 15:00 - 10/10/2022 16:00,27699
10/10/2022 16:00 - 10/10/2022 17:00,27581
10/10/2022 17:00 - 10/10/2022 18:00,27579
10/10/2022 18:00 - 10/10/2022 19:00,27402
10/10/2022 19:00 - 10/10/2022 20:00,28204
10/10/2022 20:00 - 10/10/2022 21:00,29925
10/10/2022 21:00 - 10/10/2022 22:00,28888
10/10/2022 22:00 - 10/10/2022 23:00,26157
10/10/2022 23:00 - 11/10/2022 00:00,23933
11/10/2022 00:00 - 11/10/2022 01:00,22695
11/10/2022 01:00 - 11/10/2022 02:00,21701
11/10/2022 02:00 - 11/10/2022 03:00,20872
11/10/2022 03:00 - 11/10/2022 04:00,20478
11/10/2022 04:00 - 11/10/2022 05:00,20525
11/10/2022 05:00 - 11/10/2022 06:00,21032
11/10/2022 06:00 - 11/10/2022 07:00,23249
11/10/2022 07:00 - 11/10/2022 08:00,26397
11/10/2022 08:00 - 11/10/2022 09:00,27862
11/10/2022 09:00 - 11/10/2022 10:00,28364
11/10/2022 10:00 - 11/10/2022 11:00,28692
11/10/2022 11:00 - 11/10/2022 12:00,28704
11/10/2022 12:00 - 11/10/2022 13:00,28917
11/10/2022 13:00 - 11/10/2022 14:00,29006
11/10/2022 14:00 - 11/10/2022 15:00,28336
11/10/2022 15:00 - 11/10/2022 16:00,27666
11/10/2022 16:00 - 11/10/2022 17:00,27351
11/10/2022 17:00 - 11/10/2022 18:00,27382
11/10/2022 18:00 - 11/10/2022 19:00,27145
11/10/2022 19:00 - 11/10/2022 20:00,27775
11/10/2022 20:00 - 11/10/2022 21:00,29129
11/10/2022 21:00 - 11/10/2022 22:00,28168
11/10/2022 22:00 - 11/10/2022 23:00,25469
11/10/2022 23:00 - 12/10/2022 00:00,23393
12/10/2022 00:00 - 12/10/2022 01:00,22305
12/10/2022 01:00 - 12/10/2022 02:00,21209
12/10/2022 02:00 - 12/10/2022 03:00,20237
12/10/2022 03:00 - 12/10/2022 04:00,19787
12/10/2022 04:00 - 12/10/2022 05:00,19571
12/10/2022 05:00 - 12/10/2022 06:00,19345
12/10/2022 06:00 - 12/10/2022 07:00,19508
12/10/2022 07:00 - 12/10/2022 08:00,20282
12/10/2022 08:00 - 12/10/2022 09:00,20640
12/10/2022 09:00 - 12/10/2022 10:00,21748
12/10/2022 10:00 - 12/10/2022 11:00,22828
12/10/2022 11:00 - 12/10/2022 12:00,23185
12/10/2022 12:00 - 12/10/2022 13:00,23156
12/10/2022 13:00 - 12/10/2022 14:00,23626
12/10/2022 14:00 - 12/10/2022 15:00,23257
12/10/2022 15:00 - 12/10/2022 16:00,22245
12/10/2022 16:00 - 12/10/2022 17:00,21740
12/10/2022 17:00 - 12/10/2022 18:00,21877
12/10/2022 18:00 - 12/10/2022 19:00,22089
12/10/2022 19:00 - 12/10/2022 20:00,23209
12/10/2022 20:00 - 12/10/2022 21:00,25231
12/10/2022 21:00 - 12/10/2022 22:00,24923
12/10/2022 22:00 - 12/10/2022 23:00,23497
12/10/2022 23:00 - 13/10/2022 00:00,21942
13/10/2022 00:00 - 13/10/2022 01:00,20858
13/10/2022 01:00 - 13/10/2022 02:00,19910
13/10/2022 02:00 - 13/10/2022 03:00,19303
13/10/2022 03:00 - 13/10/2022 04:00,19030
13/10/2022 04:00 - 13/10/2022 05:00,19149
13/10/2022 05:00 - 13/10/2022 06:00,19883
13/10/2022 06:00 - 13/10/2022 07:00,22443
13/10/2022 07:00 - 13/10/2022 08:00,25861
13/10/2022 08:00 - 13/10/2022 09:00,27210
13/10/2022 09:00 - 13/10/2022 10:00,27498
13/10/2022 10:00 - 13/10/2022 11:00,27740
13/10/2022 11:00 - 13/10/2022 12:00,28083
13/10/2022 12:00 - 13/10/2022 13:00,28050
13/10/2022 13:00 - 13/10/2022 14:00,28039
13/10/2022 14:00 - 13/10/2022 15:00,27692
13/10/2022 15:00 - 13/10/2022 16:00,27274
13/10/2022 16:00 - 13/10/2022 17:00,27369
13/10/2022 17:00 - 13/10/2022 18:00,27442
13/10/2022 18:00 - 13/10/2022 19:00,27483
13/10/2022 19:00 - 13/10/2022 20:00,28332
13/10/2022 20:00 - 13/10/2022 21:00,29918
13/10/2022 21:00 - 13/10/2022 22:00,28900
13/10/2022 22:00 - 13/10/2022 23:00,26100
13/10/2022 23:00 - 14/10/2022 00:00,23977
14/10/2022 00:00 - 14/10/2022 01:00,22676
14/10/2022 01:00 - 14/10/2022 02:00,21517
14/10/2022 02:00 - 14/10/2022 03:00,20821
14/10/2022 03:00 - 14/10/2022 04:00,20512
14/10/2022 04:00 - 14/10/2022 05:00,20382
14/10/2022 05:00 - 14/10/2022 06:00,20856
14/10/2022 06:00 - 14/10/2022 07:00,23083
14/10/2022 07:00 - 14/10/2022 08:00,26181
14/10/2022 08:00 - 14/10/2022 09:00,27630
14/10/2022 09:00 - 14/10/2022 10:00,27507
14/10/2022 10:00 - 14/10/2022 11:00,27694
14/10/2022 11:00 - 14/10/2022 12:00,28414
14/10/2022 12:00 - 14/10/2022 13:00,28611
14/10/2022 13:00 - 14/10/2022 14:00,28657
14/10/2022 14:00 - 14/10/2022 15:00,28214
14/10/2022 15:00 - 14/10/2022 16:00,27509
14/10/2022 16:00 - 14/10/2022 17:00,27443
14/10/2022 17:00 - 14/10/2022 18:00,27765
14/10/2022 18:00 - 14/10/2022 19:00,27391
14/10/2022 19:00 - 14/10/2022 20:00,28118
14/10/2022 20:00 - 14/10/2022 21:00,29295
14/10/2022 21:00 - 14/10/2022 22:00,28380
14/10/2022 22:00 - 14/10/2022 23:00,25667
14/10/2022 23:00 - 15/10/2022 00:00,23698
15/10/2022 00:00 - 15/10/2022 01:00,22611
15/10/2022 01:00 - 15/10/2022 02:00,21586
15/10/2022 02:00 - 15/10/2022 03:00,20674
15/10/2022 03:00 - 15/10/2022 04:00,20094
15/10/2022 04:00 - 15/10/2022 05:00,19816
15/10/2022 05:00 - 15/10/2022 06:00,19646
15/10/2022 06:00 - 15/10/2022 07:00,20187
15/10/2022 07:00 - 15/10/2022 08:00,21207
15/10/2022 08:00 - 15/10/2022 09:00,21996
15/10/2022 09:00 - 15/10/2022 10:00,23058
15/10/2022 10:00 - 15/10/2022 11:00,23523
15/10/2022 11:00 - 15/10/2022 12:00,23451
15/10/2022 12:00 - 15/10/2022 13:00,23455
15/10/2022 13:00 - 15/10/2022 14:00,23832
15/10/2022 14:00 - 15/10/2022 15:00,23448
15/10/2022 15:00 - 15/10/2022 16:00,22428
15/10/2022 16:00 - 15/10/2022 17:00,22124
15/10/2022 17:00 - 15/10/2022 18:00,22482
15/10/2022 18:00 - 15/10/2022 19:00,23083
15/10/2022 19:00 - 15/10/2022 20:00,24170
15/10/2022 20:00 - 15/10/2022 21:00,25551
15/10/2022 21:00 - 15/10/2022 22:00,25202
15/10/2022 22:00 - 15/10/2022 23:00,23382
15/10/2022 23:00 - 16/10/2022 00:00,21873
16/10/2022 00:00 - 16/10/2022 01:00,20573
16/10/2022 01:00 - 16/10/2022 02:00,19462
16/10/2022 02:00 - 16/10/2022 03:00,18639
16/10/2022 03:00 - 16/10/2022 04:00,18092
16/10/2022 04:00 - 16/10/2022 05:00,17901
16/10/2022 05:00 - 16/10/2022 06:00,17881
16/10/2022 06:00 - 16/10/2022 07:00,18343
16/10/2022 07:00 - 16/10/2022 08:00,18917
16/10/2022 08:00 - 16/10/2022 09:00,19245
16/10/2022 09:00 - 16/10/2022 10:00,20367
16/10/2022 10:00 - 16/10/2022 11:00,21458
16/10/2022 11:00 - 16/10/2022 12:00,21951
16/10/2022 12:00 - 16/10/2022 13:00,22254
16/10/2022 13:00 - 16/10/2022 14:00,23000
16/10/2022 14:00 - 16/10/2022 15:00,23121
16/10/2022 15:00 - 16/10/2022 16:00,22050
16/10/2022 16:00 - 16/10/2022 17:00,21508
16/10/2022 17:00 - 16/10/2022 18:00,21590
16/10/2022 18:00 - 16/10/2022 19:00,22033
16/10/2022 19:00 - 16/10/2022 20:00,23447
16/10/2022 20:00 - 16/10/2022 21:00,25514
16/10/2022 21:00 - 16/10/2022 22:00,25141
16/10/2022 22:00 - 16/10/2022 23:00,23553
16/10/2022 23:00 - 17/10/2022 00:00,21819
17/10/2022 00:00 - 17/10/2022 01:00,20667
17/10/2022 01:00 - 17/10/2022 02:00,19826
17/10/2022 02:00 - 17/10/2022 03:00,19110
17/10/2022 03:00 - 17/10/2022 04:00,18727
17/10/2022 04:00 - 17/10/2022 05:00,18896
17/10/2022 05:00 - 17/10/2022 06:00,19576
17/10/2022 06:00 - 17/10/2022 07:00,22403
17/10/2022 07:00 - 17/10/2022 08:00,25980
17/10/2022 08:00 - 17/10/2022 09:00,27568
17/10/2022 09:00 - 17/10/2022 10:00,27978
17/10/2022 10:00 - 17/10/2022 11:00,28295
17/10/2022 11:00 - 17/10/2022 12:00,28646
17/10/2022 12:00 - 17/10/2022 13:00,28932
17/10/2022 13:00 - 17/10/2022 14:00,28936
17/10/2022 14:00 - 17/10/2022 15:00,28448
17/10/2022 15:00 - 17/10/2022 16:00,27774
17/10/2022 16:00 - 17/10/2022 17:00,27647
17/10/2022 17:00 - 17/10/2022 18:00,27729
17/10/2022 18:00 - 17/10/2022 19:00,27545
17/10/2022 19:00 - 17/10/2022 20:00,28666
17/10/2022 20:00 - 17/10/2022 21:00,30186
17/10/2022 21:00 - 17/10/2022 22:00,28979
17/10/2022 22:00 - 17/10/2022 23:00,26009
17/10/2022 23:00 - 18/10/2022 00:00,23735
18/10/2022 00:00 - 18/10/2022 01:00,22661
18/10/2022 01:00 - 18/10/2022 02:00,21859
18/10/2022 02:00 - 18/10/2022 03:00,21159
18/10/2022 03:00 - 18/10/2022 04:00,20779
18/10/2022 04:00 - 18/10/2022 05:00,20849
18/10/2022 05:00 - 18/10/2022 06:00,21414
18/10/2022 06:00 - 18/10/2022 07:00,23583
18/10/2022 07:00 - 18/10/2022 08:00,26810
18/10/2022 08:00 - 18/10/2022 09:00,28324
18/10/2022 09:00 - 18/10/2022 10:00,28564
18/10/2022 10:00 - 18/10/2022 11:00,28519
18/10/2022 11:00 - 18/10/2022 12:00,28536
18/10/2022 12:00 - 18/10/2022 13:00,28943
18/10/2022 13:00 - 18/10/2022 14:00,29307
18/10/2022 14:00 - 18/10/2022 15:00,28760
18/10/2022 15:00 - 18/10/2022 16:00,28257
18/10/2022 16:00 - 18/10/2022 17:00,28147
18/10/2022 17:00 - 18/10/2022 18:00,28304
18/10/2022 18:00 - 18/10/2022 19:00,28220
18/10/2022 19:00 - 18/10/2022 20:00,29292
18/10/2022 20:00 - 18/10/2022 21:00,30671
18/10/2022 21:00 - 18/10/2022 22:00,29511
18/10/2022 22:00 - 18/10/2022 23:00,26504
18/10/2022 23:00 - 19/10/2022 00:00,24260
19/10/2022 00:00 - 19/10/2022 01:00,23226
19/10/2022 01:00 - 19/10/2022 02:00,22269
19/10/2022 02:00 - 19/10/2022 03:00,21616
19/10/2022 03:00 - 19/10/2022 04:00,21284
19/10/2022 04:00 - 19/10/2022 05:00,21274
19/10/2022 05:00 - 19/10/2022 06:00,21858
19/10/2022 06:00 - 19/10/2022 07:00,24313
19/10/2022 07:00 - 19/10/2022 08:00,27570
19/10/2022 08:00 - 19/10/2022 09:00,29095
19/10/2022 09:00 - 19/10/2022 10:00,29389
19/10/2022 10:00 - 19/10/2022 11:00,29580
19/10/2022 11:00 - 19/10/2022 12:00,29656
19/10/2022 12:00 - 19/10/2022 13:00,29891
19/10/2022 13:00 - 19/10/2022 14:00,30209
19/10/2022 14:00 - 19/10/2022 15:00,29613
19/10/2022 15:00 - 19/10/2022 16:00,29023
19/10/2022 16:00 - 19/10/2022 17:00,28757
19/10/2022 17:00 - 19/10/2022 18:00,28712
19/10/2022 18:00 - 19/10/2022 19:00,28606
19/10/2022 19:00 - 19/10/2022 20:00,29627
19/10/2022 20:00 - 19/10/2022 21:00,31035
19/10/2022 21:00 - 19/10/2022 22:00,29785
19/10/2022 22:00 - 19/10/2022 23:00,26877
19/10/2022 23:00 - 20/10/2022 00:00,24708
20/10/2022 00:00 - 20/10/2022 01:00,23502
20/10/2022 01:00 - 20/10/2022 02:00,22328
20/10/2022 02:00 - 20/10/2022 03:00,21607
20/10/2022 03:00 - 20/10/2022 04:00,21115
20/10/2022 04:00 - 20/10/2022 05:00,21144
20/10/2022 05:00 - 20/10/2022 06:00,21790
20/10/2022 06:00 - 20/10/2022 07:00,24044
20/10/2022 07:00 - 20/10/2022 08:00,27252
20/10/2022 08:00 - 20/10/2022 09:00,29052
20/10/2022 09:00 - 20/10/2022 10:00,29555
20/10/2022 10:00 - 20/10/2022 11:00,29807
20/10/2022 11:00 - 20/10/2022 12:00,30126
20/10/2022 12:00 - 20/10/2022 13:00,30563
20/10/2022 13:00 - 20/10/2022 14:00,30616
20/10/2022 14:00 - 20/10/2022 15:00,30107
20/10/2022 15:00 - 20/10/2022 16:00,29432
20/10/2022 16:00 - 20/10/2022 17:00,28980
20/10/2022 17:00 - 20/10/2022 18:00,28767
20/10/2022 18:00 - 20/10/2022 19:00,28784
20/10/2022 19:00 - 20/10/2022 20:00,29752
20/10/2022 20:00 - 20/10/2022 21:00,31132
20/10/2022 21:00 - 20/10/2022 22:00,29836
20/10/2022 22:00 - 20/10/2022 23:00,26823
20/10/2022 23:00 - 21/10/2022 00:00,24633
21/10/2022 00:00 - 21/10/2022 01:00,23551
21/10/2022 01:00 - 21/10/2022 02:00,22558
21/10/2022 02:00 - 21/10/2022 03:00,21829
21/10/2022 03:00 - 21/10/2022 04:00,21366
21/10/2022 04:00 - 21/10/2022 05:00,21370
21/10/2022 05:00 - 21/10/2022 06:00,21901
21/10/2022 06:00 - 21/10/2022 07:00,24206
21/10/2022 07:00 - 21/10/2022 08:00,27385
21/10/2022 08:00 - 21/10/2022 09:00,28980
21/10/2022 09:00 - 21/10/2022 10:00,29252
21/10/2022 10:00 - 21/10/2022 11:00,29411
21/10/2022 11:00 - 21/10/2022 12:00,29398
21/10/2022 12:00 - 21/10/2022 13:00,29620
21/10/2022 13:00 - 21/10/2022 14:00,29641
21/10/2022 14:00 - 21/10/2022 15:00,29029
21/10/2022 15:00 - 21/10/2022 16:00,28332
21/10/2022 16:00 - 21/10/2022 17:00,27867
21/10/2022 17:00 - 21/10/2022 18:00,27685
21/10/2022 18:00 - 21/10/2022 19:00,27465
21/10/2022 19:00 - 21/10/2022 20:00,28502
21/10/2022 20:00 - 21/10/2022 21:00,29570
21/10/2022 21:00 - 21/10/2022 22:00,28385
21/10/2022 22:00 - 21/10/2022 23:00,25688
21/10/2022 23:00 - 22/10/2022 00:00,23741
22/10/2022 00:00 - 22/10/2022 01:00,22537
22/10/2022 01:00 - 22/10/2022 02:00,21574
22/10/2022 02:00 - 22/10/2022 03:00,20633
22/10/2022 03:00 - 22/10/2022 04:00,20118
22/10/2022 04:00 - 22/10/2022 05:00,19862
22/10/2022 05:00 - 22/10/2022 06:00,19704
22/10/2022 06:00 - 22/10/2022 07:00,20317
22/10/2022 07:00 - 22/10/2022 08:00,21351
22/10/2022 08:00 - 22/10/2022 09:00,22416
22/10/2022 09:00 - 22/10/2022 10:00,23746
22/10/2022 10:00 - 22/10/2022 11:00,24763
22/10/2022 11:00 - 22/10/2022 12:00,24811
22/10/2022 12:00 - 22/10/2022 13:00,24830
22/10/2022 13:00 - 22/10/2022 14:00,24943
22/10/2022 14:00 - 22/10/2022 15:00,24675
22/10/2022 15:00 - 22/10/2022 16:00,23785
22/10/2022 16:00 - 22/10/2022 17:00,23202
22/10/2022 17:00 - 22/10/2022 18:00,23199
22/10/2022 18:00 - 22/10/2022 19:00,23422
22/10/2022 19:00 - 22/10/2022 20:00,24596
22/10/2022 20:00 - 22/10/2022 21:00,25851
22/10/2022 21:00 - 22/10/2022 22:00,25419
22/10/2022 22:00 - 22/10/2022 23:00,23503
22/10/2022 23:00 - 23/10/2022 00:00,21795
23/10/2022 00:00 - 23/10/2022 01:00,20717
23/10/2022 01:00 - 23/10/2022 02:00,19749
23/10/2022 02:00 - 23/10/2022 03:00,18978
23/10/2022 03:00 - 23/10/2022 04:00,18563
23/10/2022 04:00 - 23/10/2022 05:00,18314
23/10/2022 05:00 - 23/10/2022 06:00,18217
23/10/2022 06:00 - 23/10/2022 07:00,18729
23/10/2022 07:00 - 23/10/2022 08:00,19377
23/10/2022 08:00 - 23/10/2022 09:00,19855
23/10/2022 09:00 - 23/10/2022 10:00,20928
23/10/2022 10:00 - 23/10/2022 11:00,22248
23/10/2022 11:00 - 23/10/2022 12:00,22816
23/10/2022 12:00 - 23/10/2022 13:00,23288
23/10/2022 13:00 - 23/10/2022 14:00,23643
23/10/2022 14:00 - 23/10/2022 15:00,23623
23/10/2022 15:00 - 23/10/2022 16:00,22413
23/10/2022 16:00 - 23/10/2022 17:00,21578
23/10/2022 17:00 - 23/10/2022 18:00,21609
23/10/2022 18:00 - 23/10/2022 19:00,22127
23/10/2022 19:00 - 23/10/2022 20:00,23867
23/10/2022 20:00 - 23/10/2022 21:00,25756
23/10/2022 21:00 - 23/10/2022 22:00,25493
23/10/2022 22:00 - 23/10/2022 23:00,23935
23/10/2022 23:00 - 24/10/2022 00:00,22119
24/10/2022 00:00 - 24/10/2022 01:00,20802
24/10/2022 01:00 - 24/10/2022 02:00,20008
24/10/2022 02:00 - 24/10/2022 03:00,19367
24/10/2022 03:00 - 24/10/2022 04:00,19091
24/10/2022 04:00 - 24/10/2022 05:00,19202
24/10/2022 05:00 - 24/10/2022 06:00,19925
24/10/2022 06:00 - 24/10/2022 07:00,22515
24/10/2022 07:00 - 24/10/2022 08:00,25896
24/10/2022 08:00 - 24/10/2022 09:00,27735
24/10/2022 09:00 - 24/10/2022 10:00,28079
24/10/2022 10:00 - 24/10/2022 11:00,28135
24/10/2022 11:00 - 24/10/2022 12:00,28136
24/10/2022 12:00 - 24/10/2022 13:00,28220
24/10/2022 13:00 - 24/10/2022 14:00,28160
24/10/2022 14:00 - 24/10/2022 15:00,27899
24/10/2022 15:00 - 24/10/2022 16:00,27395
24/10/2022 16:00 - 24/10/2022 17:00,27294
24/10/2022 17:00 - 24/10/2022 18:00,27424
24/10/2022 18:00 - 24/10/2022 19:00,27530
24/10/2022 19:00 - 24/10/2022 20:00,29048
24/10/2022 20:00 - 24/10/2022 21:00,30406
24/10/2022 21:00 - 24/10/2022 22:00,29135
24/10/2022 22:00 - 24/10/2022 23:00,26161
24/10/2022 23:00 - 25/10/2022 00:00,23836
25/10/2022 00:00 - 25/10/2022 01:00,22730
25/10/2022 01:00 - 25/10/2022 02:00,21720
25/10/2022 02:00 - 25/10/2022 03:00,20943
25/10/2022 03:00 - 25/10/2022 04:00,20610
25/10/2022 04:00 - 25/10/2022 05:00,20528
25/10/2022 05:00 - 25/10/2022 06:00,20996
25/10/2022 06:00 - 25/10/2022 07:00,23185
25/10/2022 07:00 - 25/10/2022 08:00,26538
25/10/2022 08:00 - 25/10/2022 09:00,28136
25/10/2022 09:00 - 25/10/2022 10:00,28403
25/10/2022 10:00 - 25/10/2022 11:00,28564
25/10/2022 11:00 - 25/10/2022 12:00,28606
25/10/2022 12:00 - 25/10/2022 13:00,28899
25/10/2022 13:00 - 25/10/2022 14:00,29107
25/10/2022 14:00 - 25/10/2022 15:00,28551
25/10/2022 15:00 - 25/10/2022 16:00,27925
25/10/2022 16:00 - 25/10/2022 17:00,27714
25/10/2022 17:00 - 25/10/2022 18:00,27969
25/10/2022 18:00 - 25/10/2022 19:00,28038
25/10/2022 19:00 - 25/10/2022 20:00,29484
25/10/2022 20:00 - 25/10/2022 21:00,30550
25/10/2022 21:00 - 25/10/2022 22:00,29519
25/10/2022 22:00 - 25/10/2022 23:00,26558
25/10/2022 23:00 - 26/10/2022 00:00,24103
26/10/2022 00:00 - 26/10/2022 01:00,23029
26/10/2022 01:00 - 26/10/2022 02:00,22043
26/10/2022 02:00 - 26/10/2022 03:00,21370
26/10/2022 03:00 - 26/10/2022 04:00,20956
26/10/2022 04:00 - 26/10/2022 05:00,20825
26/10/2022 05:00 - 26/10/2022 06:00,21372
26/10/2022 06:00 - 26/10/2022 07:00,23542
26/10/2022 07:00 - 26/10/2022 08:00,26854
26/10/2022 08:00 - 26/10/2022 09:00,28573
26/10/2022 09:00 - 26/10/2022 10:00,28838
26/10/2022 10:00 - 26/10/2022 11:00,28874
26/10/2022 11:00 - 26/10/2022 12:00,28864
26/10/2022 12:00 - 26/10/2022 13:00,29049
26/10/2022 13:00 - 26/10/2022 14:00,29073
26/10/2022 14:00 - 26/10/2022 15:00,28560
26/10/2022 15:00 - 26/10/2022 16:00,28084
26/10/2022 16:00 - 26/10/2022 17:00,28083
26/10/2022 17:00 - 26/10/2022 18:00,28088
26/10/2022 18:00 - 26/10/2022 19:00,28008
26/10/2022 19:00 - 26/10/2022 20:00,29679
26/10/2022 20:00 - 26/10/2022 21:00,30801
26/10/2022 21:00 - 26/10/2022 22:00,29390
26/10/2022 22:00 - 26/10/2022 23:00,26357
26/10/2022 23:00 - 27/10/2022 00:00,24158
27/10/2022 00:00 - 27/10/2022 01:00,22905
27/10/2022 01:00 - 27/10/2022 02:00,21870
27/10/2022 02:00 - 27/10/2022 03:00,21224
27/10/2022 03:00 - 27/10/2022 04:00,20836
27/10/2022 04:00 - 27/10/2022 05:00,20659
27/10/2022 05:00 - 27/10/2022 06:00,21134
27/10/2022 06:00 - 27/10/2022 07:00,23449
27/10/2022 07:00 - 27/10/2022 08:00,26735
27/10/2022 08:00 - 27/10/2022 09:00,28382
27/10/2022 09:00 - 27/10/2022 10:00,28621
27/10/2022 10:00 - 27/10/2022 11:00,28505
27/10/2022 11:00 - 27/10/2022 12:00,28433
27/10/2022 12:00 - 27/10/2022 13:00,28528
27/10/2022 13:00 - 27/10/2022 14:00,28707
27/10/2022 14:00 - 27/10/2022 15:00,28328
27/10/2022 15:00 - 27/10/2022 16:00,27735
27/10/2022 16:00 - 27/10/2022 17:00,27846
27/10/2022 17:00 - 27/10/2022 18:00,27891
27/10/2022 18:00 - 27/10/2022 19:00,27872
27/10/2022 19:00 - 27/10/2022 20:00,29273
27/10/2022 20:00 - 27/10/2022 21:00,30441
27/10/2022 21:00 - 27/10/2022 22:00,29347
27/10/2022 22:00 - 27/10/2022 23:00,26436
27/10/2022 23:00 - 28/10/2022 00:00,24110
28/10/2022 00:00 - 28/10/2022 01:00,22833
28/10/2022 01:00 - 28/10/2022 02:00,21753
28/10/2022 02:00 - 28/10/2022 03:00,21046
28/10/2022 03:00 - 28/10/2022 04:00,20738
28/10/2022 04:00 - 28/10/2022 05:00,20523
28/10/2022 05:00 - 28/10/2022 06:00,21094
28/10/2022 06:00 - 28/10/2022 07:00,23396
28/10/2022 07:00 - 28/10/2022 08:00,26601
28/10/2022 08:00 - 28/10/2022 09:00,28206
28/10/2022 09:00 - 28/10/2022 10:00,28226
28/10/2022 10:00 - 28/10/2022 11:00,28183
28/10/2022 11:00 - 28/10/2022 12:00,28275
28/10/2022 12:00 - 28/10/2022 13:00,28376
28/10/2022 13:00 - 28/10/2022 14:00,28455
28/10/2022 14:00 - 28/10/2022 15:00,28006
28/10/2022 15:00 - 28/10/2022 16:00,27348
28/10/2022 16:00 - 28/10/2022 17:00,27123
28/10/2022 17:00 - 28/10/2022 18:00,27103
28/10/2022 18:00 - 28/10/2022 19:00,27013
28/10/2022 19:00 - 28/10/2022 20:00,28312
28/10/2022 20:00 - 28/10/2022 21:00,29003
28/10/2022 21:00 - 28/10/2022 22:00,27880
28/10/2022 22:00 - 28/10/2022 23:00,25287
28/10/2022 23:00 - 29/10/2022 00:00,23438
29/10/2022 00:00 - 29/10/2022 01:00,22277
29/10/2022 01:00 - 29/10/2022 02:00,21090
29/10/2022 02:00 - 29/10/2022 03:00,20263
29/10/2022 03:00 - 29/10/2022 04:00,19734
29/10/2022 04:00 - 29/10/2022 05:00,19492
29/10/2022 05:00 - 29/10/2022 06:00,19324
29/10/2022 06:00 - 29/10/2022 07:00,20030
29/10/2022 07:00 - 29/10/2022 08:00,21065
29/10/2022 08:00 - 29/10/2022 09:00,22362
29/10/2022 09:00 - 29/10/2022 10:00,23375
29/10/2022 10:00 - 29/10/2022 11:00,24230
29/10/2022 11:00 - 29/10/2022 12:00,24263
29/10/2022 12:00 - 29/10/2022 13:00,24099
29/10/2022 13:00 - 29/10/2022 14:00,24484
29/10/2022 14:00 - 29/10/2022 15:00,24095
29/10/2022 15:00 - 29/10/2022 16:00,23030
29/10/2022 16:00 - 29/10/2022 17:00,22588
29/10/2022 17:00 - 29/10/2022 18:00,22523
29/10/2022 18:00 - 29/10/2022 19:00,22846
29/10/2022 19:00 - 29/10/2022 20:00,24369
29/10/2022 20:00 - 29/10/2022 21:00,25286
29/10/2022 21:00 - 29/10/2022 22:00,24980
29/10/2022 22:00 - 29/10/2022 23:00,23144
29/10/2022 23:00 - 30/10/2022 00:00,21604
30/10/2022 00:00 - 30/10/2022 01:00,20514
30/10/2022 01:00 - 30/10/2022 02:00 (CEST),19351
30/10/2022 02:00 (CEST) - 30/10/2022 02:00 (CET),18618
30/10/2022 02:00 (CET) - 30/10/2022 03:00,18237
30/10/2022 03:00 - 30/10/2022 04:00,17870
30/10/2022 04:00 - 30/10/2022 05:00,17698
30/10/2022 05:00 - 30/10/2022 06:00,17813
30/10/2022 06:00 - 30/10/2022 07:00,18295
30/10/2022 07:00 - 30/10/2022 08:00,18838
30/10/2022 08:00 - 30/10/2022 09:00,19599
30/10/2022 09:00 - 30/10/2022 10:00,21015
30/10/2022 10:00 - 30/10/2022 11:00,21709
30/10/2022 11:00 - 30/10/2022 12:00,21841
30/10/2022 12:00 - 30/10/2022 13:00,22054
30/10/2022 13:00 - 30/10/2022 14:00,22591
30/10/2022 14:00 - 30/10/2022 15:00,22278
30/10/2022 15:00 - 30/10/2022 16:00,21378
30/10/2022 16:00 - 30/10/2022 17:00,20892
30/10/2022 17:00 - 30/10/2022 18:00,21196
30/10/2022 18:00 - 30/10/2022 19:00,22875
30/10/2022 19:00 - 30/10/2022 20:00,23976
30/10/2022 20:00 - 30/10/2022 21:00,24341
30/10/2022 21:00 - 30/10/2022 22:00,23867
30/10/2022 22:00 - 30/10/2022 23:00,22076
30/10/2022 23:00 - 31/10/2022 00:00,20576
31/10/2022 00:00 - 31/10/2022 01:00,19484
31/10/2022 01:00 - 31/10/2022 02:00,18673
31/10/2022 02:00 - 31/10/2022 03:00,18130
31/10/2022 03:00 - 31/10/2022 04:00,17758
31/10/2022 04:00 - 31/10/2022 05:00,17765
31/10/2022 05:00 - 31/10/2022 06:00,18380
31/10/2022 06:00 - 31/10/2022 07:00,20296
31/10/2022 07:00 - 31/10/2022 08:00,22138
31/10/2022 08:00 - 31/10/2022 09:00,23577
31/10/2022 09:00 - 31/10/2022 10:00,24810
31/10/2022 10:00 - 31/10/2022 11:00,25311
31/10/2022 11:00 - 31/10/2022 12:00,25324
31/10/2022 12:00 - 31/10/2022 13:00,25762
31/10/2022 13:00 - 31/10/2022 14:00,26434
31/10/2022 14:00 - 31/10/2022 15:00,26316
31/10/2022 15:00 - 31/10/2022 16:00,25373
31/10/2022 16:00 - 31/10/2022 17:00,25005
31/10/2022 17:00 - 31/10/2022 18:00,25230
31/10/2022 18:00 - 31/10/2022 19:00,26225
31/10/2022 19:00 - 31/10/2022 20:00,26651
31/10/2022 20:00 - 31/10/2022 21:00,26561
31/10/2022 21:00 - 31/10/2022 22:00,25522
31/10/2022 22:00 - 31/10/2022 23:00,23357
31/10/2022 23:00 - 01/11/2022 00:00,21669
01/11/2022 00:00 - 01/11/2022 01:00,20693
01/11/2022 01:00 - 01/11/2022 02:00,19737
01/11/2022 02:00 - 01/11/2022 03:00,19006
01/11/2022 03:00 - 01/11/2022 04:00,18593
01/11/2022 04:00 - 01/11/2022 05:00,18416
01/11/2022 05:00 - 01/11/2022 06:00,18409
01/11/2022 06:00 - 01/11/2022 07:00,18792
01/11/2022 07:00 - 01/11/2022 08:00,19323
01/11/2022 08:00 - 01/11/2022 09:00,19638
01/11/2022 09:00 - 01/11/2022 10:00,20765
01/11/2022 10:00 - 01/11/2022 11:00,21412
01/11/2022 11:00 - 01/11/2022 12:00,21612
01/11/2022 12:00 - 01/11/2022 13:00,21652
01/11/2022 13:00 - 01/11/2022 14:00,22326
01/11/2022 14:00 - 01/11/2022 15:00,22250
01/11/2022 15:00 - 01/11/2022 16:00,21389
01/11/2022 16:00 - 01/11/2022 17:00,21061
01/11/2022 17:00 - 01/11/2022 18:00,21331
01/11/2022 18:00 - 01/11/2022 19:00,23235
01/11/2022 19:00 - 01/11/2022 20:00,24625
01/11/2022 20:00 - 01/11/2022 21:00,25060
01/11/2022 21:00 - 01/11/2022 22:00,24550
01/11/2022 22:00 - 01/11/2022 23:00,22976
01/11/2022 23:00 - 02/11/2022 00:00,21436
02/11/2022 00:00 - 02/11/2022 01:00,20471
02/11/2022 01:00 - 02/11/2022 02:00,19571
02/11/2022 02:00 - 02/11/2022 03:00,18995
02/11/2022 03:00 - 02/11/2022 04:00,18774
02/11/2022 04:00 - 02/11/2022 05:00,18909
02/11/2022 05:00 - 02/11/2022 06:00,19637
02/11/2022 06:00 - 02/11/2022 07:00,22436
02/11/2022 07:00 - 02/11/2022 08:00,25521
02/11/2022 08:00 - 02/11/2022 09:00,26826
02/11/2022 09:00 - 02/11/2022 10:00,26774
02/11/2022 10:00 - 02/11/2022 11:00,26592
02/11/2022 11:00 - 02/11/2022 12:00,26596
02/11/2022 12:00 - 02/11/2022 13:00,27257
02/11/2022 13:00 - 02/11/2022 14:00,27507
02/11/2022 14:00 - 02/11/2022 15:00,27626
02/11/2022 15:00 - 02/11/2022 16:00,27309
02/11/2022 16:00 - 02/11/2022 17:00,27292
02/11/2022 17:00 - 02/11/2022 18:00,27306
02/11/2022 18:00 - 02/11/2022 19:00,28611
02/11/2022 19:00 - 02/11/2022 20:00,29491
02/11/2022 20:00 - 02/11/2022 21:00,29728
02/11/2022 21:00 - 02/11/2022 22:00,28535
02/11/2022 22:00 - 02/11/2022 23:00,25771
02/11/2022 23:00 - 03/11/2022 00:00,23600
03/11/2022 00:00 - 03/11/2022 01:00,22507
03/11/2022 01:00 - 03/11/2022 02:00,21519
03/11/2022 02:00 - 03/11/2022 03:00,20949
03/11/2022 03:00 - 03/11/2022 04:00,20592
03/11/2022 04:00 - 03/11/2022 05:00,20505
03/11/2022 05:00 - 03/11/2022 06:00,21027
03/11/2022 06:00 - 03/11/2022 07:00,23372
03/11/2022 07:00 - 03/11/2022 08:00,26301
03/11/2022 08:00 - 03/11/2022 09:00,27511
03/11/2022 09:00 - 03/11/2022 10:00,27965
03/11/2022 10:00 - 03/11/2022 11:00,27972
03/11/2022 11:00 - 03/11/2022 12:00,28141
03/11/2022 12:00 - 03/11/2022 13:00,28484
03/11/2022 13:00 - 03/11/2022 14:00,28622
03/11/2022 14:00 - 03/11/2022 15:00,28224
03/11/2022 15:00 - 03/11/2022 16:00,27548
03/11/2022 16:00 - 03/11/2022 17:00,27314
03/11/2022 17:00 - 03/11/2022 18:00,27564
03/11/2022 18:00 - 03/11/2022 19:00,28785
03/11/2022 19:00 - 03/11/2022 20:00,29527
03/11/2022 20:00 - 03/11/2022 21:00,29657
03/11/2022 21:00 - 03/11/2022 22:00,28513
03/11/2022 22:00 - 03/11/2022 23:00,25866
03/11/2022 23:00 - 04/11/2022 00:00,23689
04/11/2022 00:00 - 04/11/2022 01:00,22786
04/11/2022 01:00 - 04/11/2022 02:00,21665
04/11/2022 02:00 - 04/11/2022 03:00,20885
04/11/2022 03:00 - 04/11/2022 04:00,20529
04/11/2022 04:00 - 04/11/2022 05:00,20576
04/11/2022 05:00 - 04/11/2022 06:00,21087
04/11/2022 06:00 - 04/11/2022 07:00,23506
04/11/2022 07:00 - 04/11/2022 08:00,26365
04/11/2022 08:00 - 04/11/2022 09:00,27655
04/11/2022 09:00 - 04/11/2022 10:00,27928
04/11/2022 10:00 - 04/11/2022 11:00,27934
04/11/2022 11:00 - 04/11/2022 12:00,28001
04/11/2022 12:00 - 04/11/2022 13:00,28288
04/11/2022 13:00 - 04/11/2022 14:00,28283
04/11/2022 14:00 - 04/11/2022 15:00,27856
04/11/2022 15:00 - 04/11/2022 16:00,27343
04/11/2022 16:00 - 04/11/2022 17:00,27104
04/11/2022 17:00 - 04/11/2022 18:00,27293
04/11/2022 18:00 - 04/11/2022 19:00,28590
04/11/2022 19:00 - 04/11/2022 20:00,29181
04/11/2022 20:00 - 04/11/2022 21:00,29127
04/11/2022 21:00 - 04/11/2022 22:00,28051
04/11/2022 22:00 - 04/11/2022 23:00,25619
04/11/2022 23:00 - 05/11/2022 00:00,23616
05/11/2022 00:00 - 05/11/2022 01:00,22445
05/11/2022 01:00 - 05/11/2022 02:00,21283
05/11/2022 02:00 - 05/11/2022 03:00,20393
05/11/2022 03:00 - 05/11/2022 04:00,19912
05/11/2022 04:00 - 05/11/2022 05:00,19654
05/11/2022 05:00 - 05/11/2022 06:00,19582
05/11/2022 06:00 - 05/11/2022 07:00,20045
05/11/2022 07:00 - 05/11/2022 08:00,20777
05/11/2022 08:00 - 05/11/2022 09:00,21695
05/11/2022 09:00 - 05/11/2022 10:00,23066
05/11/2022 10:00 - 05/11/2022 11:00,23778
05/11/2022 11:00 - 05/11/2022 12:00,23682
05/11/2022 12:00 - 05/11/2022 13:00,23752
05/11/2022 13:00 - 05/11/2022 14:00,24137
05/11/2022 14:00 - 05/11/2022 15:00,23697
05/11/2022 15:00 - 05/11/2022 16:00,22856
05/11/2022 16:00 - 05/11/2022 17:00,22467
05/11/2022 17:00 - 05/11/2022 18:00,22483
05/11/2022 18:00 - 05/11/2022 19:00,24259
05/11/2022 19:00 - 05/11/2022 20:00,25036
05/11/2022 20:00 - 05/11/2022 21:00,25366
05/11/2022 21:00 - 05/11/2022 22:00,24959
05/11/2022 22:00 - 05/11/2022 23:00,23191
05/11/2022 23:00 - 06/11/2022 00:00,21591
06/11/2022 00:00 - 06/11/2022 01:00,20374
06/11/2022 01:00 - 06/11/2022 02:00,19252
06/11/2022 02:00 - 06/11/2022 03:00,18439
06/11/2022 03:00 - 06/11/2022 04:00,18046
06/11/2022 04:00 - 06/11/2022 05:00,17761
06/11/2022 05:00 - 06/11/2022 06:00,17768
06/11/2022 06:00 - 06/11/2022 07:00,18200
06/11/2022 07:00 - 06/11/2022 08:00,18495
06/11/2022 08:00 - 06/11/2022 09:00,18732
06/11/2022 09:00 - 06/11/2022 10:00,19932
06/11/2022 10:00 - 06/11/2022 11:00,21054
06/11/2022 11:00 - 06/11/2022 12:00,21587
06/11/2022 12:00 - 06/11/2022 13:00,21706
06/11/2022 13:00 - 06/11/2022 14:00,22237
06/11/2022 14:00 - 06/11/2022 15:00,22303
06/11/2022 15:00 - 06/11/2022 16:00,21514
06/11/2022 16:00 - 06/11/2022 17:00,20987
06/11/2022 17:00 - 06/11/2022 18:00,21198
06/11/2022 18:00 - 06/11/2022 19:00,23225
06/11/2022 19:00 - 06/11/2022 20:00,24378
06/11/2022 20:00 - 06/11/2022 21:00,25122
06/11/2022 21:00 - 06/11/2022 22:00,24744
06/11/2022 22:00 - 06/11/2022 23:00,23339
06/11/2022 23:00 - 07/11/2022 00:00,21681
07/11/2022 00:00 - 07/11/2022 01:00,20333
07/11/2022 01:00 - 07/11/2022 02:00,19341
07/11/2022 02:00 - 07/11/2022 03:00,18793
07/11/2022 03:00 - 07/11/2022 04:00,18574
07/11/2022 04:00 - 07/11/2022 05:00,18656
07/11/2022 05:00 - 07/11/2022 06:00,19478
07/11/2022 06:00 - 07/11/2022 07:00,22366
07/11/2022 07:00 - 07/11/2022 08:00,25819
07/11/2022 08:00 - 07/11/2022 09:00,26894
07/11/2022 09:00 - 07/11/2022 10:00,26982
07/11/2022 10:00 - 07/11/2022 11:00,27109
07/11/2022 11:00 - 07/11/2022 12:00,27251
07/11/2022 12:00 - 07/11/2022 13:00,27444
07/11/2022 13:00 - 07/11/2022 14:00,27638
07/11/2022 14:00 - 07/11/2022 15:00,27618
07/11/2022 15:00 - 07/11/2022 16:00,27115
07/11/2022 16:00 - 07/11/2022 17:00,27189
07/11/2022 17:00 - 07/11/2022 18:00,27511
07/11/2022 18:00 - 07/11/2022 19:00,29015
07/11/2022 19:00 - 07/11/2022 20:00,29972
07/11/2022 20:00 - 07/11/2022 21:00,30300
07/11/2022 21:00 - 07/11/2022 22:00,29135
07/11/2022 22:00 - 07/11/2022 23:00,26464
07/11/2022 23:00 - 08/11/2022 00:00,24184
08/11/2022 00:00 - 08/11/2022 01:00,22915
08/11/2022 01:00 - 08/11/2022 02:00,21773
08/11/2022 02:00 - 08/11/2022 03:00,21016
08/11/2022 03:00 - 08/11/2022 04:00,20706
08/11/2022 04:00 - 08/11/2022 05:00,20715
08/11/2022 05:00 - 08/11/2022 06:00,21266
08/11/2022 06:00 - 08/11/2022 07:00,23692
08/11/2022 07:00 - 08/11/2022 08:00,26918
08/11/2022 08:00 - 08/11/2022 09:00,28005
08/11/2022 09:00 - 08/11/2022 10:00,28401
08/11/2022 10:00 - 08/11/2022 11:00,28414
08/11/2022 11:00 - 08/11/2022 12:00,28479
08/11/2022 12:00 - 08/11/2022 13:00,28910
08/11/2022 13:00 - 08/11/2022 14:00,29253
08/11/2022 14:00 - 08/11/2022 15:00,28939
08/11/2022 15:00 - 08/11/2022 16:00,28364
08/11/2022 16:00 - 08/11/2022 17:00,28139
08/11/2022 17:00 - 08/11/2022 18:00,28343
08/11/2022 18:00 - 08/11/2022 19:00,29612
08/11/2022 19:00 - 08/11/2022 20:00,30197
08/11/2022 20:00 - 08/11/2022 21:00,30501
08/11/2022 21:00 - 08/11/2022 22:00,29296
08/11/2022 22:00 - 08/11/2022 23:00,26496
08/11/2022 23:00 - 09/11/2022 00:00,24226
09/11/2022 00:00 - 09/11/2022 01:00,22938
09/11/2022 01:00 - 09/11/2022 02:00,21802
09/11/2022 02:00 - 09/11/2022 03:00,21048
09/11/2022 03:00 - 09/11/2022 04:00,20728
09/11/2022 04:00 - 09/11/2022 05:00,20739
09/11/2022 05:00 - 09/11/2022 06:00,21218
09/11/2022 06:00 - 09/11/2022 07:00,23502
09/11/2022 07:00 - 09/11/2022 08:00,26405
09/11/2022 08:00 - 09/11/2022 09:00,27559
09/11/2022 09:00 - 09/11/2022 10:00,28028
09/11/2022 10:00 - 09/11/2022 11:00,28229
09/11/2022 11:00 - 09/11/2022 12:00,28572
09/11/2022 12:00 - 09/11/2022 13:00,28625
09/11/2022 13:00 - 09/11/2022 14:00,28635
09/11/2022 14:00 - 09/11/2022 15:00,28253
09/11/2022 15:00 - 09/11/2022 16:00,27568
09/11/2022 16:00 - 09/11/2022 17:00,27369
09/11/2022 17:00 - 09/11/2022 18:00,27697
09/11/2022 18:00 - 09/11/2022 19:00,29030
09/11/2022 19:00 - 09/11/2022 20:00,29723
09/11/2022 20:00 - 09/11/2022 21:00,30071
09/11/2022 21:00 - 09/11/2022 22:00,29031
09/11/2022 22:00 - 09/11/2022 23:00,26420
09/11/2022 23:00 - 10/11/2022 00:00,24164
10/11/2022 00:00 - 10/11/2022 01:00,23096
10/11/2022 01:00 - 10/11/2022 02:00,21862
10/11/2022 02:00 - 10/11/2022 03:00,21182
10/11/2022 03:00 - 10/11/2022 04:00,20846
10/11/2022 04:00 - 10/11/2022 05:00,20936
10/11/2022 05:00 - 10/11/2022 06:00,21559
10/11/2022 06:00 - 10/11/2022 07:00,23896
10/11/2022 07:00 - 10/11/2022 08:00,27070
10/11/2022 08:00 - 10/11/2022 09:00,28271
10/11/2022 09:00 - 10/11/2022 10:00,28392
10/11/2022 10:00 - 10/11/2022 11:00,28166
10/11/2022 11:00 - 10/11/2022 12:00,27972
10/11/2022 12:00 - 10/11/2022 13:00,28055
10/11/2022 13:00 - 10/11/2022 14:00,28334
10/11/2022 14:00 - 10/11/2022 15:00,28012
10/11/2022 15:00 - 10/11/2022 16:00,27719
10/11/2022 16:00 - 10/11/2022 17:00,27456
10/11/2022 17:00 - 10/11/2022 18:00,26965
10/11/2022 18:00 - 10/11/2022 19:00,28108
10/11/2022 19:00 - 10/11/2022 20:00,29960
10/11/2022 20:00 - 10/11/2022 21:00,30388
10/11/2022 21:00 - 10/11/2022 22:00,29288
10/11/2022 22:00 - 10/11/2022 23:00,26883
10/11/2022 23:00 - 11/11/2022 00:00,24611
11/11/2022 00:00 - 11/11/2022 01:00,23236
11/11/2022 01:00 - 11/11/2022 02:00,22074
11/11/2022 02:00 - 11/11/2022 03:00,21450
11/11/2022 03:00 - 11/11/2022 04:00,21016
11/11/2022 04:00 - 11/11/2022 05:00,21096
11/11/2022 05:00 - 11/11/2022 06:00,21659
11/11/2022 06:00 - 11/11/2022 07:00,23901
11/11/2022 07:00 - 11/11/2022 08:00,27080
11/11/2022 08:00 - 11/11/2022 09:00,28243
11/11/2022 09:00 - 11/11/2022 10:00,28563
11/11/2022 10:00 - 11/11/2022 11:00,28650
11/11/2022 11:00 - 11/11/2022 12:00,28727
11/11/2022 12:00 - 11/11/2022 13:00,28921
11/11/2022 13:00 - 11/11/2022 14:00,29054
11/11/2022 14:00 - 11/11/2022 15:00,28683
11/11/2022 15:00 - 11/11/2022 16:00,27978
11/11/2022 16:00 - 11/11/2022 17:00,27680
11/11/2022 17:00 - 11/11/2022 18:00,27810
11/11/2022 18:00 - 11/11/2022 19:00,29102
11/11/2022 19:00 - 11/11/2022 20:00,29473
11/11/2022 20:00 - 11/11/2022 21:00,29564
11/11/2022 21:00 - 11/11/2022 22:00,28683
11/11/2022 22:00 - 11/11/2022 23:00,26201
11/11/2022 23:00 - 12/11/2022 00:00,24259
12/11/2022 00:00 - 12/11/2022 01:00,23061
12/11/2022 01:00 - 12/11/2022 02:00,21870
12/11/2022 02:00 - 12/11/2022 03:00,20850
12/11/2022 03:00 - 12/11/2022 04:00,20266
12/11/2022 04:00 - 12/11/2022 05:00,19983
12/11/2022 05:00 - 12/11/2022 06:00,19855
12/11/2022 06:00 - 12/11/2022 07:00,20468
12/11/2022 07:00 - 12/11/2022 08:00,21379
12/11/2022 08:00 - 12/11/2022 09:00,22292
12/11/2022 09:00 - 12/11/2022 10:00,24126
12/11/2022 10:00 - 12/11/2022 11:00,25035
12/11/2022 11:00 - 12/11/2022 12:00,24972
12/11/2022 12:00 - 12/11/2022 13:00,24906
12/11/2022 13:00 - 12/11/2022 14:00,25399
12/11/2022 14:00 - 12/11/2022 15:00,24909
12/11/2022 15:00 - 12/11/2022 16:00,23939
12/11/2022 16:00 - 12/11/2022 17:00,23482
12/11/2022 17:00 - 12/11/2022 18:00,23600
12/11/2022 18:00 - 12/11/2022 19:00,25221
12/11/2022 19:00 - 12/11/2022 20:00,25721
12/11/2022 20:00 - 12/11/2022 21:00,25955
12/11/2022 21:00 - 12/11/2022 22:00,25499
12/11/2022 22:00 - 12/11/2022 23:00,23726
12/11/2022 23:00 - 13/11/2022 00:00,22020
13/11/2022 00:00 - 13/11/2022 01:00,20820
13/11/2022 01:00 - 13/11/2022 02:00,19609
13/11/2022 02:00 - 13/11/2022 03:00,18782
13/11/2022 03:00 - 13/11/2022 04:00,18239
13/11/2022 04:00 - 13/11/2022 05:00,18054
13/11/2022 05:00 - 13/11/2022 06:00,18067
13/11/2022 06:00 - 13/11/2022 07:00,18535
13/11/2022 07:00 - 13/11/2022 08:00,18994
13/11/2022 08:00 - 13/11/2022 09:00,19388
13/11/2022 09:00 - 13/11/2022 10:00,20742
13/11/2022 10:00 - 13/11/2022 11:00,21882
13/11/2022 11:00 - 13/11/2022 12:00,22090
13/11/2022 12:00 - 13/11/2022 13:00,22107
13/11/2022 13:00 - 13/11/2022 14:00,22619
13/11/2022 14:00 - 13/11/2022 15:00,22670
13/11/2022 15:00 - 13/11/2022 16:00,21820
13/11/2022 16:00 - 13/11/2022 17:00,21516
13/11/2022 17:00 - 13/11/2022 18:00,22106
13/11/2022 18:00 - 13/11/2022 19:00,23950
13/11/2022 19:00 - 13/11/2022 20:00,24865
13/11/2022 20:00 - 13/11/2022 21:00,25465
13/11/2022 21:00 - 13/11/2022 22:00,25226
13/11/2022 22:00 - 13/11/2022 23:00,23704
13/11/2022 23:00 - 14/11/2022 00:00,21905
14/11/2022 00:00 - 14/11/2022 01:00,20679
14/11/2022 01:00 - 14/11/2022 02:00,19648
14/11/2022 02:00 - 14/11/2022 03:00,19063
14/11/2022 03:00 - 14/11/2022 04:00,18966
14/11/2022 04:00 - 14/11/2022 05:00,18976
14/11/2022 05:00 - 14/11/2022 06:00,19764
14/11/2022 06:00 - 14/11/2022 07:00,22619
14/11/2022 07:00 - 14/11/2022 08:00,26303
14/11/2022 08:00 - 14/11/2022 09:00,27732
14/11/2022 09:00 - 14/11/2022 10:00,28156
14/11/2022 10:00 - 14/11/2022 11:00,28292
14/11/2022 11:00 - 14/11/2022 12:00,28328
14/11/2022 12:00 - 14/11/2022 13:00,28673
14/11/2022 13:00 - 14/11/2022 14:00,28968
14/11/2022 14:00 - 14/11/2022 15:00,28830
14/11/2022 15:00 - 14/11/2022 16:00,28432
14/11/2022 16:00 - 14/11/2022 17:00,28166
14/11/2022 17:00 - 14/11/2022 18:00,28543
14/11/2022 18:00 - 14/11/2022 19:00,29787
14/11/2022 19:00 - 14/11/2022 20:00,30398
14/11/2022 20:00 - 14/11/2022 21:00,30748
14/11/2022 21:00 - 14/11/2022 22:00,29556
14/11/2022 22:00 - 14/11/2022 23:00,26766
14/11/2022 23:00 - 15/11/2022 00:00,24427
15/11/2022 00:00 - 15/11/2022 01:00,23198
15/11/2022 01:00 - 15/11/2022 02:00,22069
15/11/2022 02:00 - 15/11/2022 03:00,21135
15/11/2022 03:00 - 15/11/2022 04:00,20828
15/11/2022 04:00 - 15/11/2022 05:00,20744
15/11/2022 05:00 - 15/11/2022 06:00,21504
15/11/2022 06:00 - 15/11/2022 07:00,23895
15/11/2022 07:00 - 15/11/2022 08:00,27204
15/11/2022 08:00 - 15/11/2022 09:00,28429
15/11/2022 09:00 - 15/11/2022 10:00,28880
15/11/2022 10:00 - 15/11/2022 11:00,29097
15/11/2022 11:00 - 15/11/2022 12:00,29185
15/11/2022 12:00 - 15/11/2022 13:00,29478
15/11/2022 13:00 - 15/11/2022 14:00,29644
15/11/2022 14:00 - 15/11/2022 15:00,29211
15/11/2022 15:00 - 15/11/2022 16:00,28660
15/11/2022 16:00 - 15/11/2022 17:00,28399
15/11/2022 17:00 - 15/11/2022 18:00,28788
15/11/2022 18:00 - 15/11/2022 19:00,30111
15/11/2022 19:00 - 15/11/2022 20:00,30708
15/11/2022 20:00 - 15/11/2022 21:00,30854
15/11/2022 21:00 - 15/11/2022 22:00,29634
15/11/2022 22:00 - 15/11/2022 23:00,26884
15/11/2022 23:00 - 16/11/2022 00:00,24518
16/11/2022 00:00 - 16/11/2022 01:00,23335
16/11/2022 01:00 - 16/11/2022 02:00,22112
16/11/2022 02:00 - 16/11/2022 03:00,21357
16/11/2022 03:00 - 16/11/2022 04:00,21046
16/11/2022 04:00 - 16/11/2022 05:00,21059
16/11/2022 05:00 - 16/11/2022 06:00,21684
16/11/2022 06:00 - 16/11/2022 07:00,24071
16/11/2022 07:00 - 16/11/2022 08:00,27368
16/11/2022 08:00 - 16/11/2022 09:00,28675
16/11/2022 09:00 - 16/11/2022 10:00,29111
16/11/2022 10:00 - 16/11/2022 11:00,29245
16/11/2022 11:00 - 16/11/2022 12:00,29354
16/11/2022 12:00 - 16/11/2022 13:00,29860
16/11/2022 13:00 - 16/11/2022 14:00,30065
16/11/2022 14:00 - 16/11/2022 15:00,29782
16/11/2022 15:00 - 16/11/2022 16:00,29199
16/11/2022 16:00 - 16/11/2022 17:00,28887
16/11/2022 17:00 - 16/11/2022 18:00,29174
16/11/2022 18:00 - 16/11/2022 19:00,30310
16/11/2022 19:00 - 16/11/2022 20:00,30784
16/11/2022 20:00 - 16/11/2022 21:00,31197
16/11/2022 21:00 - 16/11/2022 22:00,30059
16/11/2022 22:00 - 16/11/2022 23:00,27181
16/11/2022 23:00 - 17/11/2022 00:00,24743
17/11/2022 00:00 - 17/11/2022 01:00,23557
17/11/2022 01:00 - 17/11/2022 02:00,22404
17/11/2022 02:00 - 17/11/2022 03:00,21605
17/11/2022 03:00 - 17/11/2022 04:00,21253
17/11/2022 04:00 - 17/11/2022 05:00,21285
17/11/2022 05:00 - 17/11/2022 06:00,21947
17/11/2022 06:00 - 17/11/2022 07:00,24351
17/11/2022 07:00 - 17/11/2022 08:00,27765
17/11/2022 08:00 - 17/11/2022 09:00,28971
17/11/2022 09:00 - 17/11/2022 10:00,29214
17/11/2022 10:00 - 17/11/2022 11:00,29140
17/11/2022 11:00 - 17/11/2022 12:00,29169
17/11/2022 12:00 - 17/11/2022 13:00,29388
17/11/2022 13:00 - 17/11/2022 14:00,29477
17/11/2022 14:00 - 17/11/2022 15:00,29220
17/11/2022 15:00 - 17/11/2022 16:00,28618
17/11/2022 16:00 - 17/11/2022 17:00,28606
17/11/2022 17:00 - 17/11/2022 18:00,28994
17/11/2022 18:00 - 17/11/2022 19:00,30300
17/11/2022 19:00 - 17/11/2022 20:00,30820
17/11/2022 20:00 - 17/11/2022 21:00,31157
17/11/2022 21:00 - 17/11/2022 22:00,29972
17/11/2022 22:00 - 17/11/2022 23:00,27289
17/11/2022 23:00 - 18/11/2022 00:00,24901
18/11/2022 00:00 - 18/11/2022 01:00,23720
18/11/2022 01:00 - 18/11/2022 02:00,22484
18/11/2022 02:00 - 18/11/2022 03:00,21719
18/11/2022 03:00 - 18/11/2022 04:00,21323
18/11/2022 04:00 - 18/11/2022 05:00,21253
18/11/2022 05:00 - 18/11/2022 06:00,21810
18/11/2022 06:00 - 18/11/2022 07:00,24045
18/11/2022 07:00 - 18/11/2022 08:00,27294
18/11/2022 08:00 - 18/11/2022 09:00,28541
18/11/2022 09:00 - 18/11/2022 10:00,29350
18/11/2022 10:00 - 18/11/2022 11:00,29590
18/11/2022 11:00 - 18/11/2022 12:00,29633
18/11/2022 12:00 - 18/11/2022 13:00,29925
18/11/2022 13:00 - 18/11/2022 14:00,29878
18/11/2022 14:00 - 18/11/2022 15:00,29073
18/11/2022 15:00 - 18/11/2022 16:00,28365
18/11/2022 16:00 - 18/11/2022 17:00,27946
18/11/2022 17:00 - 18/11/2022 18:00,28314
18/11/2022 18:00 - 18/11/2022 19:00,29570
18/11/2022 19:00 - 18/11/2022 20:00,29965
18/11/2022 20:00 - 18/11/2022 21:00,29967
18/11/2022 21:00 - 18/11/2022 22:00,28973
18/11/2022 22:00 - 18/11/2022 23:00,26498
18/11/2022 23:00 - 19/11/2022 00:00,24436
19/11/2022 00:00 - 19/11/2022 01:00,23469
19/11/2022 01:00 - 19/11/2022 02:00,22250
19/11/2022 02:00 - 19/11/2022 03:00,21184
19/11/2022 03:00 - 19/11/2022 04:00,20517
19/11/2022 04:00 - 19/11/2022 05:00,20190
19/11/2022 05:00 - 19/11/2022 06:00,20189
19/11/2022 06:00 - 19/11/2022 07:00,20789
19/11/2022 07:00 - 19/11/2022 08:00,21878
19/11/2022 08:00 - 19/11/2022 09:00,22890
19/11/2022 09:00 - 19/11/2022 10:00,24621
19/11/2022 10:00 - 19/11/2022 11:00,25561
19/11/2022 11:00 - 19/11/2022 12:00,25545
19/11/2022 12:00 - 19/11/2022 13:00,25458
19/11/2022 13:00 - 19/11/2022 14:00,25957
19/11/2022 14:00 - 19/11/2022 15:00,25811
19/11/2022 15:00 - 19/11/2022 16:00,24898
19/11/2022 16:00 - 19/11/2022 17:00,24489
19/11/2022 17:00 - 19/11/2022 18:00,24799
19/11/2022 18:00 - 19/11/2022 19:00,26384
19/11/2022 19:00 - 19/11/2022 20:00,26909
19/11/2022 20:00 - 19/11/2022 21:00,27141
19/11/2022 21:00 - 19/11/2022 22:00,26749
19/11/2022 22:00 - 19/11/2022 23:00,24900
19/11/2022 23:00 - 20/11/2022 00:00,23044
20/11/2022 00:00 - 20/11/2022 01:00,21676
20/11/2022 01:00 - 20/11/2022 02:00,20359
20/11/2022 02:00 - 20/11/2022 03:00,19334
20/11/2022 03:00 - 20/11/2022 04:00,18750
20/11/2022 04:00 - 20/11/2022 05:00,18532
20/11/2022 05:00 - 20/11/2022 06:00,18449
20/11/2022 06:00 - 20/11/2022 07:00,18928
20/11/2022 07:00 - 20/11/2022 08:00,19508
20/11/2022 08:00 - 20/11/2022 09:00,19969
20/11/2022 09:00 - 20/11/2022 10:00,21529
20/11/2022 10:00 - 20/11/2022 11:00,22681
20/11/2022 11:00 - 20/11/2022 12:00,22981
20/11/2022 12:00 - 20/11/2022 13:00,23162
20/11/2022 13:00 - 20/11/2022 14:00,23800
20/11/2022 14:00 - 20/11/2022 15:00,23881
20/11/2022 15:00 - 20/11/2022 16:00,22850
20/11/2022 16:00 - 20/11/2022 17:00,22418
20/11/2022 17:00 - 20/11/2022 18:00,22824
20/11/2022 18:00 - 20/11/2022 19:00,24917
20/11/2022 19:00 - 20/11/2022 20:00,25944
20/11/2022 20:00 - 20/11/2022 21:00,26842
20/11/2022 21:00 - 20/11/2022 22:00,26591
20/11/2022 22:00 - 20/11/2022 23:00,24942
20/11/2022 23:00 - 21/11/2022 00:00,23003
21/11/2022 00:00 - 21/11/2022 01:00,21569
21/11/2022 01:00 - 21/11/2022 02:00,20434
21/11/2022 02:00 - 21/11/2022 03:00,19700
21/11/2022 03:00 - 21/11/2022 04:00,19521
21/11/2022 04:00 - 21/11/2022 05:00,19548
21/11/2022 05:00 - 21/11/2022 06:00,20372
21/11/2022 06:00 - 21/11/2022 07:00,23418
21/11/2022 07:00 - 21/11/2022 08:00,27228
21/11/2022 08:00 - 21/11/2022 09:00,28950
21/11/2022 09:00 - 21/11/2022 10:00,29743
21/11/2022 10:00 - 21/11/2022 11:00,30178
21/11/2022 11:00 - 21/11/2022 12:00,30450
21/11/2022 12:00 - 21/11/2022 13:00,30885
21/11/2022 13:00 - 21/11/2022 14:00,31454
21/11/2022 14:00 - 21/11/2022 15:00,31101
21/11/2022 15:00 - 21/11/2022 16:00,30204
21/11/2022 16:00 - 21/11/2022 17:00,29841
21/11/2022 17:00 - 21/11/2022 18:00,30319
21/11/2022 18:00 - 21/11/2022 19:00,31565
21/11/2022 19:00 - 21/11/2022 20:00,32026
21/11/2022 20:00 - 21/11/2022 21:00,32317
21/11/2022 21:00 - 21/11/2022 22:00,31270
21/11/2022 22:00 - 21/11/2022 23:00,28253
21/11/2022 23:00 - 22/11/2022 00:00,25532
22/11/2022 00:00 - 22/11/2022 01:00,23917
22/11/2022 01:00 - 22/11/2022 02:00,22605
22/11/2022 02:00 - 22/11/2022 03:00,21767
22/11/2022 03:00 - 22/11/2022 04:00,21440
22/11/2022 04:00 - 22/11/2022 05:00,21305
22/11/2022 05:00 - 22/11/2022 06:00,22031
22/11/2022 06:00 - 22/11/2022 07:00,24491
22/11/2022 07:00 - 22/11/2022 08:00,28282
22/11/2022 08:00 - 22/11/2022 09:00,30333
22/11/2022 09:00 - 22/11/2022 10:00,30894
22/11/2022 10:00 - 22/11/2022 11:00,31066
22/11/2022 11:00 - 22/11/2022 12:00,31281
22/11/2022 12:00 - 22/11/2022 13:00,31409
22/11/2022 13:00 - 22/11/2022 14:00,31822
22/11/2022 14:00 - 22/11/2022 15:00,31567
22/11/2022 15:00 - 22/11/2022 16:00,30988
22/11/2022 16:00 - 22/11/2022 17:00,30730
22/11/2022 17:00 - 22/11/2022 18:00,31216
22/11/2022 18:00 - 22/11/2022 19:00,32477
22/11/2022 19:00 - 22/11/2022 20:00,32947
22/11/2022 20:00 - 22/11/2022 21:00,33096
22/11/2022 21:00 - 22/11/2022 22:00,31921
22/11/2022 22:00 - 22/11/2022 23:00,28752
22/11/2022 23:00 - 23/11/2022 00:00,25937
23/11/2022 00:00 - 23/11/2022 01:00,24475
23/11/2022 01:00 - 23/11/2022 02:00,23162
23/11/2022 02:00 - 23/11/2022 03:00,22356
23/11/2022 03:00 - 23/11/2022 04:00,21939
23/11/2022 04:00 - 23/11/2022 05:00,21848
23/11/2022 05:00 - 23/11/2022 06:00,22555
23/11/2022 06:00 - 23/11/2022 07:00,25230
23/11/2022 07:00 - 23/11/2022 08:00,28877
23/11/2022 08:00 - 23/11/2022 09:00,30335
23/11/2022 09:00 - 23/11/2022 10:00,30808
23/11/2022 10:00 - 23/11/2022 11:00,30728
23/11/2022 11:00 - 23/11/2022 12:00,30559
23/11/2022 12:00 - 23/11/2022 13:00,30566
23/11/2022 13:00 - 23/11/2022 14:00,30348
23/11/2022 14:00 - 23/11/2022 15:00,29759
23/11/2022 15:00 - 23/11/2022 16:00,29291
23/11/2022 16:00 - 23/11/2022 17:00,29080
23/11/2022 17:00 - 23/11/2022 18:00,29605
23/11/2022 18:00 - 23/11/2022 19:00,30986
23/11/2022 19:00 - 23/11/2022 20:00,31577
23/11/2022 20:00 - 23/11/2022 21:00,31914
23/11/2022 21:00 - 23/11/2022 22:00,30808
23/11/2022 22:00 - 23/11/2022 23:00,27928
23/11/2022 23:00 - 24/11/2022 00:00,25320
24/11/2022 00:00 - 24/11/2022 01:00,23851
24/11/2022 01:00 - 24/11/2022 02:00,22645
24/11/2022 02:00 - 24/11/2022 03:00,21856
24/11/2022 03:00 - 24/11/2022 04:00,21512
24/11/2022 04:00 - 24/11/2022 05:00,21414
24/11/2022 05:00 - 24/11/2022 06:00,22187
24/11/2022 06:00 - 24/11/2022 07:00,24760
24/11/2022 07:00 - 24/11/2022 08:00,28319
24/11/2022 08:00 - 24/11/2022 09:00,29838
24/11/2022 09:00 - 24/11/2022 10:00,30221
24/11/2022 10:00 - 24/11/2022 11:00,30485
24/11/2022 11:00 - 24/11/2022 12:00,30468
24/11/2022 12:00 - 24/11/2022 13:00,30658
24/11/2022 13:00 - 24/11/2022 14:00,30743
24/11/2022 14:00 - 24/11/2022 15:00,30303
24/11/2022 15:00 - 24/11/2022 16:00,29702
24/11/2022 16:00 - 24/11/2022 17:00,29519
24/11/2022 17:00 - 24/11/2022 18:00,30000
24/11/2022 18:00 - 24/11/2022 19:00,31183
24/11/2022 19:00 - 24/11/2022 20:00,31497
24/11/2022 20:00 - 24/11/2022 21:00,31744
24/11/2022 21:00 - 24/11/2022 22:00,30687
24/11/2022 22:00 - 24/11/2022 23:00,27871
24/11/2022 23:00 - 25/11/2022 00:00,25262
25/11/2022 00:00 - 25/11/2022 01:00,23998
25/11/2022 01:00 - 25/11/2022 02:00,22695
25/11/2022 02:00 - 25/11/2022 03:00,21795
25/11/2022 03:00 - 25/11/2022 04:00,21426
25/11/2022 04:00 - 25/11/2022 05:00,21436
25/11/2022 05:00 - 25/11/2022 06:00,21926
25/11/2022 06:00 - 25/11/2022 07:00,24381
25/11/2022 07:00 - 25/11/2022 08:00,27924
25/11/2022 08:00 - 25/11/2022 09:00,29336
25/11/2022 09:00 - 25/11/2022 10:00,29573
25/11/2022 10:00 - 25/11/2022 11:00,29554
25/11/2022 11:00 - 25/11/2022 12:00,29327
25/11/2022 12:00 - 25/11/2022 13:00,29259
25/11/2022 13:00 - 25/11/2022 14:00,29276
25/11/2022 14:00 - 25/11/2022 15:00,28978
25/11/2022 15:00 - 25/11/2022 16:00,28434
25/11/2022 16:00 - 25/11/2022 17:00,28310
25/11/2022 17:00 - 25/11/2022 18:00,28655
25/11/2022 18:00 - 25/11/2022 19:00,30092
25/11/2022 19:00 - 25/11/2022 20:00,30449
25/11/2022 20:00 - 25/11/2022 21:00,30605
25/11/2022 21:00 - 25/11/2022 22:00,29620
25/11/2022 22:00 - 25/11/2022 23:00,27281
25/11/2022 23:00 - 26/11/2022 00:00,25090
26/11/2022 00:00 - 26/11/2022 01:00,23954
26/11/2022 01:00 - 26/11/2022 02:00,22601
26/11/2022 02:00 - 26/11/2022 03:00,21560
26/11/2022 03:00 - 26/11/2022 04:00,20809
26/11/2022 04:00 - 26/11/2022 05:00,20549
26/11/2022 05:00 - 26/11/2022 06:00,20570
26/11/2022 06:00 - 26/11/2022 07:00,21276
26/11/2022 07:00 - 26/11/2022 08:00,22527
26/11/2022 08:00 - 26/11/2022 09:00,23714
26/11/2022 09:00 - 26/11/2022 10:00,25295
26/11/2022 10:00 - 26/11/2022 11:00,26197
26/11/2022 11:00 - 26/11/2022 12:00,26138
26/11/2022 12:00 - 26/11/2022 13:00,25811
26/11/2022 13:00 - 26/11/2022 14:00,25834
26/11/2022 14:00 - 26/11/2022 15:00,25592
26/11/2022 15:00 - 26/11/2022 16:00,24732
26/11/2022 16:00 - 26/11/2022 17:00,24322
26/11/2022 17:00 - 26/11/2022 18:00,24663
26/11/2022 18:00 - 26/11/2022 19:00,26483
26/11/2022 19:00 - 26/11/2022 20:00,27113
26/11/2022 20:00 - 26/11/2022 21:00,27520
26/11/2022 21:00 - 26/11/2022 22:00,27154
26/11/2022 22:00 - 26/11/2022 23:00,25456
26/11/2022 23:00 - 27/11/2022 00:00,23718
27/11/2022 00:00 - 27/11/2022 01:00,22182
27/11/2022 01:00 - 27/11/2022 02:00,20811
27/11/2022 02:00 - 27/11/2022 03:00,19873
27/11/2022 03:00 - 27/11/2022 04:00,19345
27/11/2022 04:00 - 27/11/2022 05:00,18971
27/11/2022 05:00 - 27/11/2022 06:00,18943
27/11/2022 06:00 - 27/11/2022 07:00,19451
27/11/2022 07:00 - 27/11/2022 08:00,20226
27/11/2022 08:00 - 27/11/2022 09:00,20699
27/11/2022 09:00 - 27/11/2022 10:00,22304
27/11/2022 10:00 - 27/11/2022 11:00,23564
27/11/2022 11:00 - 27/11/2022 12:00,24033
27/11/2022 12:00 - 27/11/2022 13:00,24039
27/11/2022 13:00 - 27/11/2022 14:00,24444
27/11/2022 14:00 - 27/11/2022 15:00,24722
27/11/2022 15:00 - 27/11/2022 16:00,23776
27/11/2022 16:00 - 27/11/2022 17:00,23383
27/11/2022 17:00 - 27/11/2022 18:00,24013
27/11/2022 18:00 - 27/11/2022 19:00,26144
27/11/2022 19:00 - 27/11/2022 20:00,27410
27/11/2022 20:00 - 27/11/2022 21:00,27910
27/11/2022 21:00 - 27/11/2022 22:00,27117
27/11/2022 22:00 - 27/11/2022 23:00,25676
27/11/2022 23:00 - 28/11/2022 00:00,23483
28/11/2022 00:00 - 28/11/2022 01:00,21951
28/11/2022 01:00 - 28/11/2022 02:00,20757
28/11/2022 02:00 - 28/11/2022 03:00,19879
28/11/2022 03:00 - 28/11/2022 04:00,19439
28/11/2022 04:00 - 28/11/2022 05:00,19536
28/11/2022 05:00 - 28/11/2022 06:00,20350
28/11/2022 06:00 - 28/11/2022 07:00,23460
28/11/2022 07:00 - 28/11/2022 08:00,27731
28/11/2022 08:00 - 28/11/2022 09:00,29827
28/11/2022 09:00 - 28/11/2022 10:00,30452
28/11/2022 10:00 - 28/11/2022 11:00,30511
28/11/2022 11:00 - 28/11/2022 12:00,30337
28/11/2022 12:00 - 28/11/2022 13:00,30196
28/11/2022 13:00 - 28/11/2022 14:00,30359
28/11/2022 14:00 - 28/11/2022 15:00,30182
28/11/2022 15:00 - 28/11/2022 16:00,29634
28/11/2022 16:00 - 28/11/2022 17:00,29604
28/11/2022 17:00 - 28/11/2022 18:00,30254
28/11/2022 18:00 - 28/11/2022 19:00,31898
28/11/2022 19:00 - 28/11/2022 20:00,32521
28/11/2022 20:00 - 28/11/2022 21:00,33012
28/11/2022 21:00 - 28/11/2022 22:00,31773
28/11/2022 22:00 - 28/11/2022 23:00,28848
28/11/2022 23:00 - 29/11/2022 00:00,25966
29/11/2022 00:00 - 29/11/2022 01:00,24324
29/11/2022 01:00 - 29/11/2022 02:00,22936
29/11/2022 02:00 - 29/11/2022 03:00,22029
29/11/2022 03:00 - 29/11/2022 04:00,21591
29/11/2022 04:00 - 29/11/2022 05:00,21578
29/11/2022 05:00 - 29/11/2022 06:00,22262
29/11/2022 06:00 - 29/11/2022 07:00,25010
29/11/2022 07:00 - 29/11/2022 08:00,28924
29/11/2022 08:00 - 29/11/2022 09:00,30834
29/11/2022 09:00 - 29/11/2022 10:00,31159
29/11/2022 10:00 - 29/11/2022 11:00,31013
29/11/2022 11:00 - 29/11/2022 12:00,30781
29/11/2022 12:00 - 29/11/2022 13:00,30664
29/11/2022 13:00 - 29/11/2022 14:00,30730
29/11/2022 14:00 - 29/11/2022 15:00,30559
29/11/2022 15:00 - 29/11/2022 16:00,30101
29/11/2022 16:00 - 29/11/2022 17:00,30061
29/11/2022 17:00 - 29/11/2022 18:00,30699
29/11/2022 18:00 - 29/11/2022 19:00,32109
29/11/2022 19:00 - 29/11/2022 20:00,32710
29/11/2022 20:00 - 29/11/2022 21:00,33245
29/11/2022 21:00 - 29/11/2022 22:00,32208
29/11/2022 22:00 - 29/11/2022 23:00,29230
29/11/2022 23:00 - 30/11/2022 00:00,26403
30/11/2022 00:00 - 30/11/2022 01:00,24747
30/11/2022 01:00 - 30/11/2022 02:00,23253
30/11/2022 02:00 - 30/11/2022 03:00,22356
30/11/2022 03:00 - 30/11/2022 04:00,21938
30/11/2022 04:00 - 30/11/2022 05:00,21965
30/11/2022 05:00 - 30/11/2022 06:00,22637
30/11/2022 06:00 - 30/11/2022 07:00,25388
30/11/2022 07:00 - 30/11/2022 08:00,29439
30/11/2022 08:00 - 30/11/2022 09:00,31459
30/11/2022 09:00 - 30/11/2022 10:00,31674
30/11/2022 10:00 - 30/11/2022 11:00,31649
30/11/2022 11:00 - 30/11/2022 12:00,31257
30/11/2022 12:00 - 30/11/2022 13:00,31103
30/11/2022 13:00 - 30/11/2022 14:00,31372
30/11/2022 14:00 - 30/11/2022 15:00,31138
30/11/2022 15:00 - 30/11/2022 16:00,30772
30/11/2022 16:00 - 30/11/2022 17:00,30715
30/11/2022 17:00 - 30/11/2022 18:00,31477
30/11/2022 18:00 - 30/11/2022 19:00,32702
30/11/2022 19:00 - 30/11/2022 20:00,33199
30/11/2022 20:00 - 30/11/2022 21:00,33565
30/11/2022 21:00 - 30/11/2022 22:00,32474
30/11/2022 22:00 - 30/11/2022 23:00,29388
30/11/2022 23:00 - 01/12/2022 00:00,26575
01/12/2022 00:00 - 01/12/2022 01:00,25144
01/12/2022 01:00 - 01/12/2022 02:00,23676
01/12/2022 02:00 - 01/12/2022 03:00,22602
01/12/2022 03:00 - 01/12/2022 04:00,22113
01/12/2022 04:00 - 01/12/2022 05:00,22131
01/12/2022 05:00 - 01/12/2022 06:00,22874
01/12/2022 06:00 - 01/12/2022 07:00,25538
01/12/2022 07:00 - 01/12/2022 08:00,29468
01/12/2022 08:00 - 01/12/2022 09:00,31270
01/12/2022 09:00 - 01/12/2022 10:00,31895
01/12/2022 10:00 - 01/12/2022 11:00,32033
01/12/2022 11:00 - 01/12/2022 12:00,31600
01/12/2022 12:00 - 01/12/2022 13:00,31493
01/12/2022 13:00 - 01/12/2022 14:00,31507
01/12/2022 14:00 - 01/12/2022 15:00,31104
01/12/2022 15:00 - 01/12/2022 16:00,30793
01/12/2022 16:00 - 01/12/2022 17:00,30748
01/12/2022 17:00 - 01/12/2022 18:00,31666
01/12/2022 18:00 - 01/12/2022 19:00,33131
01/12/2022 19:00 - 01/12/2022 20:00,33791
01/12/2022 20:00 - 01/12/2022 21:00,33925
01/12/2022 21:00 - 01/12/2022 22:00,32347
01/12/2022 22:00 - 01/12/2022 23:00,29525
01/12/2022 23:00 - 02/12/2022 00:00,26587
02/12/2022 00:00 - 02/12/2022 01:00,24965
02/12/2022 01:00 - 02/12/2022 02:00,23515
02/12/2022 02:00 - 02/12/2022 03:00,22533
02/12/2022 03:00 - 02/12/2022 04:00,22098
02/12/2022 04:00 - 02/12/2022 05:00,22060
02/12/2022 05:00 - 02/12/2022 06:00,22798
02/12/2022 06:00 - 02/12/2022 07:00,25637
02/12/2022 07:00 - 02/12/2022 08:00,29891
02/12/2022 08:00 - 02/12/2022 09:00,31857
02/12/2022 09:00 - 02/12/2022 10:00,32533
02/12/2022 10:00 - 02/12/2022 11:00,32663
02/12/2022 11:00 - 02/12/2022 12:00,32247
02/12/2022 12:00 - 02/12/2022 13:00,31981
02/12/2022 13:00 - 02/12/2022 14:00,31832
02/12/2022 14:00 - 02/12/2022 15:00,31279
02/12/2022 15:00 - 02/12/2022 16:00,30778
02/12/2022 16:00 - 02/12/2022 17:00,30730
02/12/2022 17:00 - 02/12/2022 18:00,31208
02/12/2022 18:00 - 02/12/2022 19:00,32584
02/12/2022 19:00 - 02/12/2022 20:00,32893
02/12/2022 20:00 - 02/12/2022 21:00,33077
02/12/2022 21:00 - 02/12/2022 22:00,32046
02/12/2022 22:00 - 02/12/2022 23:00,29336
02/12/2022 23:00 - 03/12/2022 00:00,26883
03/12/2022 00:00 - 03/12/2022 01:00,25405
03/12/2022 01:00 - 03/12/2022 02:00,23902
03/12/2022 02:00 - 03/12/2022 03:00,22731
03/12/2022 03:00 - 03/12/2022 04:00,21995
03/12/2022 04:00 - 03/12/2022 05:00,21510
03/12/2022 05:00 - 03/12/2022 06:00,21535
03/12/2022 06:00 - 03/12/2022 07:00,22234
03/12/2022 07:00 - 03/12/2022 08:00,23617
03/12/2022 08:00 - 03/12/2022 09:00,25042
03/12/2022 09:00 - 03/12/2022 10:00,27030
03/12/2022 10:00 - 03/12/2022 11:00,28231
03/12/2022 11:00 - 03/12/2022 12:00,28295
03/12/2022 12:00 - 03/12/2022 13:00,28076
03/12/2022 13:00 - 03/12/2022 14:00,28332
03/12/2022 14:00 - 03/12/2022 15:00,28181
03/12/2022 15:00 - 03/12/2022 16:00,27280
03/12/2022 16:00 - 03/12/2022 17:00,26850
03/12/2022 17:00 - 03/12/2022 18:00,27453
03/12/2022 18:00 - 03/12/2022 19:00,28922
03/12/2022 19:00 - 03/12/2022 20:00,29421
03/12/2022 20:00 - 03/12/2022 21:00,29743
03/12/2022 21:00 - 03/12/2022 22:00,29286
03/12/2022 22:00 - 03/12/2022 23:00,27311
03/12/2022 23:00 - 04/12/2022 00:00,25227
04/12/2022 00:00 - 04/12/2022 01:00,23588
04/12/2022 01:00 - 04/12/2022 02:00,21973
04/12/2022 02:00 - 04/12/2022 03:00,20749
04/12/2022 03:00 - 04/12/2022 04:00,20097
04/12/2022 04:00 - 04/12/2022 05:00,19805
04/12/2022 05:00 - 04/12/2022 06:00,19852
04/12/2022 06:00 - 04/12/2022 07:00,20336
04/12/2022 07:00 - 04/12/2022 08:00,21030
04/12/2022 08:00 - 04/12/2022 09:00,21626
04/12/2022 09:00 - 04/12/2022 10:00,23719
04/12/2022 10:00 - 04/12/2022 11:00,25402
04/12/2022 11:00 - 04/12/2022 12:00,26018
04/12/2022 12:00 - 04/12/2022 13:00,26234
04/12/2022 13:00 - 04/12/2022 14:00,26689
04/12/2022 14:00 - 04/12/2022 15:00,26652
04/12/2022 15:00 - 04/12/2022 16:00,25576
04/12/2022 16:00 - 04/12/2022 17:00,25011
04/12/2022 17:00 - 04/12/2022 18:00,25461
04/12/2022 18:00 - 04/12/2022 19:00,27352
04/12/2022 19:00 - 04/12/2022 20:00,28292
04/12/2022 20:00 - 04/12/2022 21:00,29123
04/12/2022 21:00 - 04/12/2022 22:00,28885
04/12/2022 22:00 - 04/12/2022 23:00,27101
04/12/2022 23:00 - 05/12/2022 00:00,24829
05/12/2022 00:00 - 05/12/2022 01:00,23023
05/12/2022 01:00 - 05/12/2022 02:00,21463
05/12/2022 02:00 - 05/12/2022 03:00,20575
05/12/2022 03:00 - 05/12/2022 04:00,20256
05/12/2022 04:00 - 05/12/2022 05:00,20289
05/12/2022 05:00 - 05/12/2022 06:00,21160
05/12/2022 06:00 - 05/12/2022 07:00,23895
05/12/2022 07:00 - 05/12/2022 08:00,27491
05/12/2022 08:00 - 05/12/2022 09:00,29915
05/12/2022 09:00 - 05/12/2022 10:00,31187
05/12/2022 10:00 - 05/12/2022 11:00,31564
05/12/2022 11:00 - 05/12/2022 12:00,31525
05/12/2022 12:00 - 05/12/2022 13:00,31631
05/12/2022 13:00 - 05/12/2022 14:00,31927
05/12/2022 14:00 - 05/12/2022 15:00,31670
05/12/2022 15:00 - 05/12/2022 16:00,30960
05/12/2022 16:00 - 05/12/2022 17:00,30709
05/12/2022 17:00 - 05/12/2022 18:00,31182
05/12/2022 18:00 - 05/12/2022 19:00,31970
05/12/2022 19:00 - 05/12/2022 20:00,32135
05/12/2022 20:00 - 05/12/2022 21:00,32370
05/12/2022 21:00 - 05/12/2022 22:00,31487
05/12/2022 22:00 - 05/12/2022 23:00,28820
05/12/2022 23:00 - 06/12/2022 00:00,26233
06/12/2022 00:00 - 06/12/2022 01:00,24500
06/12/2022 01:00 - 06/12/2022 02:00,22870
06/12/2022 02:00 - 06/12/2022 03:00,21807
06/12/2022 03:00 - 06/12/2022 04:00,21158
06/12/2022 04:00 - 06/12/2022 05:00,21017
06/12/2022 05:00 - 06/12/2022 06:00,21098
06/12/2022 06:00 - 06/12/2022 07:00,22076
06/12/2022 07:00 - 06/12/2022 08:00,23325
06/12/2022 08:00 - 06/12/2022 09:00,24127
06/12/2022 09:00 - 06/12/2022 10:00,25838
06/12/2022 10:00 - 06/12/2022 11:00,27217
06/12/2022 11:00 - 06/12/2022 12:00,27806
06/12/2022 12:00 - 06/12/2022 13:00,27885
06/12/2022 13:00 - 06/12/2022 14:00,28455
06/12/2022 14:00 - 06/12/2022 15:00,28255
06/12/2022 15:00 - 06/12/2022 16:00,27042
06/12/2022 16:00 - 06/12/2022 17:00,26335
06/12/2022 17:00 - 06/12/2022 18:00,26449
06/12/2022 18:00 - 06/12/2022 19:00,27541
06/12/2022 19:00 - 06/12/2022 20:00,28907
06/12/2022 20:00 - 06/12/2022 21:00,29559
06/12/2022 21:00 - 06/12/2022 22:00,29206
06/12/2022 22:00 - 06/12/2022 23:00,27291
06/12/2022 23:00 - 07/12/2022 00:00,24963
07/12/2022 00:00 - 07/12/2022 01:00,23185
07/12/2022 01:00 - 07/12/2022 02:00,21762
07/12/2022 02:00 - 07/12/2022 03:00,20888
07/12/2022 03:00 - 07/12/2022 04:00,20508
07/12/2022 04:00 - 07/12/2022 05:00,20504
07/12/2022 05:00 - 07/12/2022 06:00,21213
07/12/2022 06:00 - 07/12/2022 07:00,23702
07/12/2022 07:00 - 07/12/2022 08:00,27422
07/12/2022 08:00 - 07/12/2022 09:00,29615
07/12/2022 09:00 - 07/12/2022 10:00,30540
07/12/2022 10:00 - 07/12/2022 11:00,30828
07/12/2022 11:00 - 07/12/2022 12:00,30639
07/12/2022 12:00 - 07/12/2022 13:00,30529
07/12/2022 13:00 - 07/12/2022 14:00,30700
07/12/2022 14:00 - 07/12/2022 15:00,30576
07/12/2022 15:00 - 07/12/2022 16:00,30073
07/12/2022 16:00 - 07/12/2022 17:00,29870
07/12/2022 17:00 - 07/12/2022 18:00,30378
07/12/2022 18:00 - 07/12/2022 19:00,31396
07/12/2022 19:00 - 07/12/2022 20:00,31375
07/12/2022 20:00 - 07/12/2022 21:00,31481
07/12/2022 21:00 - 07/12/2022 22:00,30665
07/12/2022 22:00 - 07/12/2022 23:00,28044
07/12/2022 23:00 - 08/12/2022 00:00,25634
08/12/2022 00:00 - 08/12/2022 01:00,24452
08/12/2022 01:00 - 08/12/2022 02:00,22563
08/12/2022 02:00 - 08/12/2022 03:00,21442
08/12/2022 03:00 - 08/12/2022 04:00,20855
08/12/2022 04:00 - 08/12/2022 05:00,20621
08/12/2022 05:00 - 08/12/2022 06:00,20556
08/12/2022 06:00 - 08/12/2022 07:00,21120
08/12/2022 07:00 - 08/12/2022 08:00,22106
08/12/2022 08:00 - 08/12/2022 09:00,22891
08/12/2022 09:00 - 08/12/2022 10:00,24575
08/12/2022 10:00 - 08/12/2022 11:00,26238
08/12/2022 11:00 - 08/12/2022 12:00,27084
08/12/2022 12:00 - 08/12/2022 13:00,27498
08/12/2022 13:00 - 08/12/2022 14:00,28283
08/12/2022 14:00 - 08/12/2022 15:00,28154
08/12/2022 15:00 - 08/12/2022 16:00,26961
08/12/2022 16:00 - 08/12/2022 17:00,26067
08/12/2022 17:00 - 08/12/2022 18:00,26390
08/12/2022 18:00 - 08/12/2022 19:00,27665
08/12/2022 19:00 - 08/12/2022 20:00,28040
08/12/2022 20:00 - 08/12/2022 21:00,28684
08/12/2022 21:00 - 08/12/2022 22:00,28433
08/12/2022 22:00 - 08/12/2022 23:00,26828
08/12/2022 23:00 - 09/12/2022 00:00,24614
09/12/2022 00:00 - 09/12/2022 01:00,22864
09/12/2022 01:00 - 09/12/2022 02:00,21314
09/12/2022 02:00 - 09/12/2022 03:00,20376
09/12/2022 03:00 - 09/12/2022 04:00,19880
09/12/2022 04:00 - 09/12/2022 05:00,19858
09/12/2022 05:00 - 09/12/2022 06:00,20481
09/12/2022 06:00 - 09/12/2022 07:00,22636
09/12/2022 07:00 - 09/12/2022 08:00,25594
09/12/2022 08:00 - 09/12/2022 09:00,27590
09/12/2022 09:00 - 09/12/2022 10:00,28794
09/12/2022 10:00 - 09/12/2022 11:00,29416
09/12/2022 11:00 - 09/12/2022 12:00,29599
09/12/2022 12:00 - 09/12/2022 13:00,29662
09/12/2022 13:00 - 09/12/2022 14:00,30076
09/12/2022 14:00 - 09/12/2022 15:00,29940
09/12/2022 15:00 - 09/12/2022 16:00,29089
09/12/2022 16:00 - 09/12/2022 17:00,28760
09/12/2022 17:00 - 09/12/2022 18:00,29093
09/12/2022 18:00 - 09/12/2022 19:00,29953
09/12/2022 19:00 - 09/12/2022 20:00,30364
09/12/2022 20:00 - 09/12/2022 21:00,30508
09/12/2022 21:00 - 09/12/2022 22:00,29623
09/12/2022 22:00 - 09/12/2022 23:00,27191
09/12/2022 23:00 - 10/12/2022 00:00,25115
10/12/2022 00:00 - 10/12/2022 01:00,23823
10/12/2022 01:00 - 10/12/2022 02:00,22373
10/12/2022 02:00 - 10/12/2022 03:00,21151
10/12/2022 03:00 - 10/12/2022 04:00,20466
10/12/2022 04:00 - 10/12/2022 05:00,20145
10/12/2022 05:00 - 10/12/2022 06:00,20212
10/12/2022 06:00 - 10/12/2022 07:00,20883
10/12/2022 07:00 - 10/12/2022 08:00,22063
10/12/2022 08:00 - 10/12/2022 09:00,23175
10/12/2022 09:00 - 10/12/2022 10:00,24998
10/12/2022 10:00 - 10/12/2022 11:00,26297
10/12/2022 11:00 - 10/12/2022 12:00,26379
10/12/2022 12:00 - 10/12/2022 13:00,26479
10/12/2022 13:00 - 10/12/2022 14:00,26694
10/12/2022 14:00 - 10/12/2022 15:00,26601
10/12/2022 15:00 - 10/12/2022 16:00,25872
10/12/2022 16:00 - 10/12/2022 17:00,25623
10/12/2022 17:00 - 10/12/2022 18:00,26019
10/12/2022 18:00 - 10/12/2022 19:00,27557
10/12/2022 19:00 - 10/12/2022 20:00,28030
10/12/2022 20:00 - 10/12/2022 21:00,28425
10/12/2022 21:00 - 10/12/2022 22:00,28002
10/12/2022 22:00 - 10/12/2022 23:00,26292
10/12/2022 23:00 - 11/12/2022 00:00,24309
11/12/2022 00:00 - 11/12/2022 01:00,22669
11/12/2022 01:00 - 11/12/2022 02:00,21224
11/12/2022 02:00 - 11/12/2022 03:00,20164
11/12/2022 03:00 - 11/12/2022 04:00,19599
11/12/2022 04:00 - 11/12/2022 05:00,19434
11/12/2022 05:00 - 11/12/2022 06:00,19650
11/12/2022 06:00 - 11/12/2022 07:00,20149
11/12/2022 07:00 - 11/12/2022 08:00,20741
11/12/2022 08:00 - 11/12/2022 09:00,21177
11/12/2022 09:00 - 11/12/2022 10:00,22927
11/12/2022 10:00 - 11/12/2022 11:00,24747
11/12/2022 11:00 - 11/12/2022 12:00,25935
11/12/2022 12:00 - 11/12/2022 13:00,26427
11/12/2022 13:00 - 11/12/2022 14:00,27245
11/12/2022 14:00 - 11/12/2022 15:00,27287
11/12/2022 15:00 - 11/12/2022 16:00,26072
11/12/2022 16:00 - 11/12/2022 17:00,25348
11/12/2022 17:00 - 11/12/2022 18:00,25593
11/12/2022 18:00 - 11/12/2022 19:00,27075
11/12/2022 19:00 - 11/12/2022 20:00,27941
11/12/2022 20:00 - 11/12/2022 21:00,28738
11/12/2022 21:00 - 11/12/2022 22:00,28486
11/12/2022 22:00 - 11/12/2022 23:00,26622
11/12/2022 23:00 - 12/12/2022 00:00,24120
12/12/2022 00:00 - 12/12/2022 01:00,22275
12/12/2022 01:00 - 12/12/2022 02:00,21045
12/12/2022 02:00 - 12/12/2022 03:00,20264
12/12/2022 03:00 - 12/12/2022 04:00,19939
12/12/2022 04:00 - 12/12/2022 05:00,19986
12/12/2022 05:00 - 12/12/2022 06:00,21017
12/12/2022 06:00 - 12/12/2022 07:00,24179
12/12/2022 07:00 - 12/12/2022 08:00,28721
12/12/2022 08:00 - 12/12/2022 09:00,31044
12/12/2022 09:00 - 12/12/2022 10:00,32085
12/12/2022 10:00 - 12/12/2022 11:00,32614
12/12/2022 11:00 - 12/12/2022 12:00,32866
12/12/2022 12:00 - 12/12/2022 13:00,33015
12/12/2022 13:00 - 12/12/2022 14:00,33242
12/12/2022 14:00 - 12/12/2022 15:00,32989
12/12/2022 15:00 - 12/12/2022 16:00,32641
12/12/2022 16:00 - 12/12/2022 17:00,32336
12/12/2022 17:00 - 12/12/2022 18:00,32657
12/12/2022 18:00 - 12/12/2022 19:00,33603
12/12/2022 19:00 - 12/12/2022 20:00,33936
12/12/2022 20:00 - 12/12/2022 21:00,34023
12/12/2022 21:00 - 12/12/2022 22:00,32924
12/12/2022 22:00 - 12/12/2022 23:00,29493
12/12/2022 23:00 - 13/12/2022 00:00,26655
13/12/2022 00:00 - 13/12/2022 01:00,25057
13/12/2022 01:00 - 13/12/2022 02:00,23396
13/12/2022 02:00 - 13/12/2022 03:00,22420
13/12/2022 03:00 - 13/12/2022 04:00,22003
13/12/2022 04:00 - 13/12/2022 05:00,22012
13/12/2022 05:00 - 13/12/2022 06:00,22643
13/12/2022 06:00 - 13/12/2022 07:00,25383
13/12/2022 07:00 - 13/12/2022 08:00,29287
13/12/2022 08:00 - 13/12/2022 09:00,31286
13/12/2022 09:00 - 13/12/2022 10:00,31943
13/12/2022 10:00 - 13/12/2022 11:00,32253
13/12/2022 11:00 - 13/12/2022 12:00,32532
13/12/2022 12:00 - 13/12/2022 13:00,32862
13/12/2022 13:00 - 13/12/2022 14:00,32983
13/12/2022 14:00 - 13/12/2022 15:00,32547
13/12/2022 15:00 - 13/12/2022 16:00,31897
13/12/2022 16:00 - 13/12/2022 17:00,31575
13/12/2022 17:00 - 13/12/2022 18:00,31870
13/12/2022 18:00 - 13/12/2022 19:00,32727
13/12/2022 19:00 - 13/12/2022 20:00,33216
13/12/2022 20:00 - 13/12/2022 21:00,33479
13/12/2022 21:00 - 13/12/2022 22:00,32244
13/12/2022 22:00 - 13/12/2022 23:00,29309
13/12/2022 23:00 - 14/12/2022 00:00,26664
14/12/2022 00:00 - 14/12/2022 01:00,25123
14/12/2022 01:00 - 14/12/2022 02:00,23607
14/12/2022 02:00 - 14/12/2022 03:00,22656
14/12/2022 03:00 - 14/12/2022 04:00,22099
14/12/2022 04:00 - 14/12/2022 05:00,21909
14/12/2022 05:00 - 14/12/2022 06:00,22609
14/12/2022 06:00 - 14/12/2022 07:00,25146
14/12/2022 07:00 - 14/12/2022 08:00,29013
14/12/2022 08:00 - 14/12/2022 09:00,30938
14/12/2022 09:00 - 14/12/2022 10:00,31308
14/12/2022 10:00 - 14/12/2022 11:00,31376
14/12/2022 11:00 - 14/12/2022 12:00,31193
14/12/2022 12:00 - 14/12/2022 13:00,31197
14/12/2022 13:00 - 14/12/2022 14:00,31343
14/12/2022 14:00 - 14/12/2022 15:00,31176
14/12/2022 15:00 - 14/12/2022 16:00,30836
14/12/2022 16:00 - 14/12/2022 17:00,30651
14/12/2022 17:00 - 14/12/2022 18:00,31149
14/12/2022 18:00 - 14/12/2022 19:00,32258
14/12/2022 19:00 - 14/12/2022 20:00,32838
14/12/2022 20:00 - 14/12/2022 21:00,33014
14/12/2022 21:00 - 14/12/2022 22:00,31712
14/12/2022 22:00 - 14/12/2022 23:00,28870
14/12/2022 23:00 - 15/12/2022 00:00,26053
15/12/2022 00:00 - 15/12/2022 01:00,24621
15/12/2022 01:00 - 15/12/2022 02:00,23081
15/12/2022 02:00 - 15/12/2022 03:00,22021
15/12/2022 03:00 - 15/12/2022 04:00,21704
15/12/2022 04:00 - 15/12/2022 05:00,21722
15/12/2022 05:00 - 15/12/2022 06:00,22351
15/12/2022 06:00 - 15/12/2022 07:00,24957
15/12/2022 07:00 - 15/12/2022 08:00,28735
15/12/2022 08:00 - 15/12/2022 09:00,30720
15/12/2022 09:00 - 15/12/2022 10:00,31139
15/12/2022 10:00 - 15/12/2022 11:00,31114
15/12/2022 11:00 - 15/12/2022 12:00,30895
15/12/2022 12:00 - 15/12/2022 13:00,30938
15/12/2022 13:00 - 15/12/2022 14:00,30791
15/12/2022 14:00 - 15/12/2022 15:00,30393
15/12/2022 15:00 - 15/12/2022 16:00,30014
15/12/2022 16:00 - 15/12/2022 17:00,29973
15/12/2022 17:00 - 15/12/2022 18:00,30663
15/12/2022 18:00 - 15/12/2022 19:00,31796
15/12/2022 19:00 - 15/12/2022 20:00,32160
15/12/2022 20:00 - 15/12/2022 21:00,32536
15/12/2022 21:00 - 15/12/2022 22:00,31669
15/12/2022 22:00 - 15/12/2022 23:00,28899
15/12/2022 23:00 - 16/12/2022 00:00,26144
16/12/2022 00:00 - 16/12/2022 01:00,24717
16/12/2022 01:00 - 16/12/2022 02:00,23257
16/12/2022 02:00 - 16/12/2022 03:00,22268
16/12/2022 03:00 - 16/12/2022 04:00,21775
16/12/2022 04:00 - 16/12/2022 05:00,21743
16/12/2022 05:00 - 16/12/2022 06:00,22450
16/12/2022 06:00 - 16/12/2022 07:00,25118
16/12/2022 07:00 - 16/12/2022 08:00,29191
16/12/2022 08:00 - 16/12/2022 09:00,31347
16/12/2022 09:00 - 16/12/2022 10:00,31669
16/12/2022 10:00 - 16/12/2022 11:00,31618
16/12/2022 11:00 - 16/12/2022 12:00,31481
16/12/2022 12:00 - 16/12/2022 13:00,31340
16/12/2022 13:00 - 16/12/2022 14:00,31258
16/12/2022 14:00 - 16/12/2022 15:00,30661
16/12/2022 15:00 - 16/12/2022 16:00,29952
16/12/2022 16:00 - 16/12/2022 17:00,29856
16/12/2022 17:00 - 16/12/2022 18:00,30418
16/12/2022 18:00 - 16/12/2022 19:00,31682
16/12/2022 19:00 - 16/12/2022 20:00,31972
16/12/2022 20:00 - 16/12/2022 21:00,31950
16/12/2022 21:00 - 16/12/2022 22:00,30944
16/12/2022 22:00 - 16/12/2022 23:00,28372
16/12/2022 23:00 - 17/12/2022 00:00,26165
17/12/2022 00:00 - 17/12/2022 01:00,24677
17/12/2022 01:00 - 17/12/2022 02:00,23038
17/12/2022 02:00 - 17/12/2022 03:00,21769
17/12/2022 03:00 - 17/12/2022 04:00,21143
17/12/2022 04:00 - 17/12/2022 05:00,20752
17/12/2022 05:00 - 17/12/2022 06:00,20636
17/12/2022 06:00 - 17/12/2022 07:00,21251
17/12/2022 07:00 - 17/12/2022 08:00,22631
17/12/2022 08:00 - 17/12/2022 09:00,23940
17/12/2022 09:00 - 17/12/2022 10:00,25790
17/12/2022 10:00 - 17/12/2022 11:00,26930
17/12/2022 11:00 - 17/12/2022 12:00,26865
17/12/2022 12:00 - 17/12/2022 13:00,26791
17/12/2022 13:00 - 17/12/2022 14:00,26952
17/12/2022 14:00 - 17/12/2022 15:00,26596
17/12/2022 15:00 - 17/12/2022 16:00,25644
17/12/2022 16:00 - 17/12/2022 17:00,25266
17/12/2022 17:00 - 17/12/2022 18:00,25899
17/12/2022 18:00 - 17/12/2022 19:00,27537
17/12/2022 19:00 - 17/12/2022 20:00,28009
17/12/2022 20:00 - 17/12/2022 21:00,28470
17/12/2022 21:00 - 17/12/2022 22:00,28173
17/12/2022 22:00 - 17/12/2022 23:00,26320
17/12/2022 23:00 - 18/12/2022 00:00,24388
18/12/2022 00:00 - 18/12/2022 01:00,22835
18/12/2022 01:00 - 18/12/2022 02:00,21370
18/12/2022 02:00 - 18/12/2022 03:00,20239
18/12/2022 03:00 - 18/12/2022 04:00,19559
18/12/2022 04:00 - 18/12/2022 05:00,19303
18/12/2022 05:00 - 18/12/2022 06:00,19350
18/12/2022 06:00 - 18/12/2022 07:00,19896
18/12/2022 07:00 - 18/12/2022 08:00,20636
18/12/2022 08:00 - 18/12/2022 09:00,21225
18/12/2022 09:00 - 18/12/2022 10:00,22879
18/12/2022 10:00 - 18/12/2022 11:00,24380
18/12/2022 11:00 - 18/12/2022 12:00,24712
18/12/2022 12:00 - 18/12/2022 13:00,24571
18/12/2022 13:00 - 18/12/2022 14:00,25124
18/12/2022 14:00 - 18/12/2022 15:00,25301
18/12/2022 15:00 - 18/12/2022 16:00,24560
18/12/2022 16:00 - 18/12/2022 17:00,24262
18/12/2022 17:00 - 18/12/2022 18:00,24564
18/12/2022 18:00 - 18/12/2022 19:00,26340
18/12/2022 19:00 - 18/12/2022 20:00,27390
18/12/2022 20:00 - 18/12/2022 21:00,28683
18/12/2022 21:00 - 18/12/2022 22:00,28414
18/12/2022 22:00 - 18/12/2022 23:00,26715
18/12/2022 23:00 - 19/12/2022 00:00,24444
19/12/2022 00:00 - 19/12/2022 01:00,22667
19/12/2022 01:00 - 19/12/2022 02:00,21155
19/12/2022 02:00 - 19/12/2022 03:00,20320
19/12/2022 03:00 - 19/12/2022 04:00,20000
19/12/2022 04:00 - 19/12/2022 05:00,20120
19/12/2022 05:00 - 19/12/2022 06:00,20973
19/12/2022 06:00 - 19/12/2022 07:00,24355
19/12/2022 07:00 - 19/12/2022 08:00,28802
19/12/2022 08:00 - 19/12/2022 09:00,31239
19/12/2022 09:00 - 19/12/2022 10:00,31730
19/12/2022 10:00 - 19/12/2022 11:00,31717
19/12/2022 11:00 - 19/12/2022 12:00,30855
19/12/2022 12:00 - 19/12/2022 13:00,31409
19/12/2022 13:00 - 19/12/2022 14:00,31361
19/12/2022 14:00 - 19/12/2022 15:00,30831
19/12/2022 15:00 - 19/12/2022 16:00,30369
19/12/2022 16:00 - 19/12/2022 17:00,30461
19/12/2022 17:00 - 19/12/2022 18:00,31399
19/12/2022 18:00 - 19/12/2022 19:00,32986
19/12/2022 19:00 - 19/12/2022 20:00,33486
19/12/2022 20:00 - 19/12/2022 21:00,33902
19/12/2022 21:00 - 19/12/2022 22:00,32776
19/12/2022 22:00 - 19/12/2022 23:00,29639
19/12/2022 23:00 - 20/12/2022 00:00,26606
20/12/2022 00:00 - 20/12/2022 01:00,24873
20/12/2022 01:00 - 20/12/2022 02:00,23354
20/12/2022 02:00 - 20/12/2022 03:00,22257
20/12/2022 03:00 - 20/12/2022 04:00,21796
20/12/2022 04:00 - 20/12/2022 05:00,21706
20/12/2022 05:00 - 20/12/2022 06:00,22528
20/12/2022 06:00 - 20/12/2022 07:00,25292
20/12/2022 07:00 - 20/12/2022 08:00,29398
20/12/2022 08:00 - 20/12/2022 09:00,31758
20/12/2022 09:00 - 20/12/2022 10:00,32145
20/12/2022 10:00 - 20/12/2022 11:00,32071
20/12/2022 11:00 - 20/12/2022 12:00,31748
20/12/2022 12:00 - 20/12/2022 13:00,31504
20/12/2022 13:00 - 20/12/2022 14:00,31547
20/12/2022 14:00 - 20/12/2022 15:00,31264
20/12/2022 15:00 - 20/12/2022 16:00,30995
20/12/2022 16:00 - 20/12/2022 17:00,30855
20/12/2022 17:00 - 20/12/2022 18:00,31434
20/12/2022 18:00 - 20/12/2022 19:00,32655
20/12/2022 19:00 - 20/12/2022 20:00,33057
20/12/2022 20:00 - 20/12/2022 21:00,33480
20/12/2022 21:00 - 20/12/2022 22:00,32463
20/12/2022 22:00 - 20/12/2022 23:00,29266
20/12/2022 23:00 - 21/12/2022 00:00,26414
21/12/2022 00:00 - 21/12/2022 01:00,24599
21/12/2022 01:00 - 21/12/2022 02:00,23012
21/12/2022 02:00 - 21/12/2022 03:00,21937
21/12/2022 03:00 - 21/12/2022 04:00,21405
21/12/2022 04:00 - 21/12/2022 05:00,21287
21/12/2022 05:00 - 21/12/2022 06:00,22062
21/12/2022 06:00 - 21/12/2022 07:00,24920
21/12/2022 07:00 - 21/12/2022 08:00,28995
21/12/2022 08:00 - 21/12/2022 09:00,31307
21/12/2022 09:00 - 21/12/2022 10:00,31600
21/12/2022 10:00 - 21/12/2022 11:00,31616
21/12/2022 11:00 - 21/12/2022 12:00,31019
21/12/2022 12:00 - 21/12/2022 13:00,30665
21/12/2022 13:00 - 21/12/2022 14:00,30457
21/12/2022 14:00 - 21/12/2022 15:00,30030
21/12/2022 15:00 - 21/12/2022 16:00,29660
21/12/2022 16:00 - 21/12/2022 17:00,29649
21/12/2022 17:00 - 21/12/2022 18:00,30482
21/12/2022 18:00 - 21/12/2022 19:00,31695
21/12/2022 19:00 - 21/12/2022 20:00,32116
21/12/2022 20:00 - 21/12/2022 21:00,32418
21/12/2022 21:00 - 21/12/2022 22:00,31594
21/12/2022 22:00 - 21/12/2022 23:00,28777
21/12/2022 23:00 - 22/12/2022 00:00,25927
22/12/2022 00:00 - 22/12/2022 01:00,24294
22/12/2022 01:00 - 22/12/2022 02:00,22696
22/12/2022 02:00 - 22/12/2022 03:00,21554
22/12/2022 03:00 - 22/12/2022 04:00,21104
22/12/2022 04:00 - 22/12/2022 05:00,21146
22/12/2022 05:00 - 22/12/2022 06:00,21768
22/12/2022 06:00 - 22/12/2022 07:00,24185
22/12/2022 07:00 - 22/12/2022 08:00,28049
22/12/2022 08:00 - 22/12/2022 09:00,30276
22/12/2022 09:00 - 22/12/2022 10:00,30770
22/12/2022 10:00 - 22/12/2022 11:00,30705
22/12/2022 11:00 - 22/12/2022 12:00,30155
22/12/2022 12:00 - 22/12/2022 13:00,29802
22/12/2022 13:00 - 22/12/2022 14:00,29809
22/12/2022 14:00 - 22/12/2022 15:00,29269
22/12/2022 15:00 - 22/12/2022 16:00,28648
22/12/2022 16:00 - 22/12/2022 17:00,28676
22/12/2022 17:00 - 22/12/2022 18:00,29411
22/12/2022 18:00 - 22/12/2022 19:00,30894
22/12/2022 19:00 - 22/12/2022 20:00,30926
22/12/2022 20:00 - 22/12/2022 21:00,31390
22/12/2022 21:00 - 22/12/2022 22:00,30834
22/12/2022 22:00 - 22/12/2022 23:00,28171
22/12/2022 23:00 - 23/12/2022 00:00,25605
23/12/2022 00:00 - 23/12/2022 01:00,24138
23/12/2022 01:00 - 23/12/2022 02:00,22494
23/12/2022 02:00 - 23/12/2022 03:00,21429
23/12/2022 03:00 - 23/12/2022 04:00,20884
23/12/2022 04:00 - 23/12/2022 05:00,20733
23/12/2022 05:00 - 23/12/2022 06:00,21296
23/12/2022 06:00 - 23/12/2022 07:00,23488
23/12/2022 07:00 - 23/12/2022 08:00,26364
23/12/2022 08:00 - 23/12/2022 09:00,28507
23/12/2022 09:00 - 23/12/2022 10:00,29148
23/12/2022 10:00 - 23/12/2022 11:00,29193
23/12/2022 11:00 - 23/12/2022 12:00,28615
23/12/2022 12:00 - 23/12/2022 13:00,28351
23/12/2022 13:00 - 23/12/2022 14:00,28163
23/12/2022 14:00 - 23/12/2022 15:00,27561
23/12/2022 15:00 - 23/12/2022 16:00,26891
23/12/2022 16:00 - 23/12/2022 17:00,26861
23/12/2022 17:00 - 23/12/2022 18:00,27455
23/12/2022 18:00 - 23/12/2022 19:00,28952
23/12/2022 19:00 - 23/12/2022 20:00,29084
23/12/2022 20:00 - 23/12/2022 21:00,29020
23/12/2022 21:00 - 23/12/2022 22:00,28178
23/12/2022 22:00 - 23/12/2022 23:00,25881
23/12/2022 23:00 - 24/12/2022 00:00,23757
24/12/2022 00:00 - 24/12/2022 01:00,22308
24/12/2022 01:00 - 24/12/2022 02:00,20527
24/12/2022 02:00 - 24/12/2022 03:00,19297
24/12/2022 03:00 - 24/12/2022 04:00,18660
24/12/2022 04:00 - 24/12/2022 05:00,18267
24/12/2022 05:00 - 24/12/2022 06:00,18169
24/12/2022 06:00 - 24/12/2022 07:00,18682
24/12/2022 07:00 - 24/12/2022 08:00,19869
24/12/2022 08:00 - 24/12/2022 09:00,21162
24/12/2022 09:00 - 24/12/2022 10:00,22859
24/12/2022 10:00 - 24/12/2022 11:00,23707
24/12/2022 11:00 - 24/12/2022 12:00,23636
24/12/2022 12:00 - 24/12/2022 13:00,23462
24/12/2022 13:00 - 24/12/2022 14:00,23306
24/12/2022 14:00 - 24/12/2022 15:00,23021
24/12/2022 15:00 - 24/12/2022 16:00,22546
24/12/2022 16:00 - 24/12/2022 17:00,22647
24/12/2022 17:00 - 24/12/2022 18:00,23649
24/12/2022 18:00 - 24/12/2022 19:00,25880
24/12/2022 19:00 - 24/12/2022 20:00,26123
24/12/2022 20:00 - 24/12/2022 21:00,25326
24/12/2022 21:00 - 24/12/2022 22:00,23808
24/12/2022 22:00 - 24/12/2022 23:00,21378
24/12/2022 23:00 - 25/12/2022 00:00,20259
25/12/2022 00:00 - 25/12/2022 01:00,19705
25/12/2022 01:00 - 25/12/2022 02:00,18801
25/12/2022 02:00 - 25/12/2022 03:00,17775
25/12/2022 03:00 - 25/12/2022 04:00,16858
25/12/2022 04:00 - 25/12/2022 05:00,16357
25/12/2022 05:00 - 25/12/2022 06:00,16101
25/12/2022 06:00 - 25/12/2022 07:00,16303
25/12/2022 07:00 - 25/12/2022 08:00,16684
25/12/2022 08:00 - 25/12/2022 09:00,16963
25/12/2022 09:00 - 25/12/2022 10:00,17881
25/12/2022 10:00 - 25/12/2022 11:00,19262
25/12/2022 11:00 - 25/12/2022 12:00,19893
25/12/2022 12:00 - 25/12/2022 13:00,20136
25/12/2022 13:00 - 25/12/2022 14:00,20255
25/12/2022 14:00 - 25/12/2022 15:00,19742
25/12/2022 15:00 - 25/12/2022 16:00,18596
25/12/2022 16:00 - 25/12/2022 17:00,18863
25/12/2022 17:00 - 25/12/2022 18:00,19944
25/12/2022 18:00 - 25/12/2022 19:00,21590
25/12/2022 19:00 - 25/12/2022 20:00,22390
25/12/2022 20:00 - 25/12/2022 21:00,23086
25/12/2022 21:00 - 25/12/2022 22:00,23332
25/12/2022 22:00 - 25/12/2022 23:00,22342
25/12/2022 23:00 - 26/12/2022 00:00,20700
26/12/2022 00:00 - 26/12/2022 01:00,19118
26/12/2022 01:00 - 26/12/2022 02:00,17767
26/12/2022 02:00 - 26/12/2022 03:00,16828
26/12/2022 03:00 - 26/12/2022 04:00,16418
26/12/2022 04:00 - 26/12/2022 05:00,16331
26/12/2022 05:00 - 26/12/2022 06:00,16734
26/12/2022 06:00 - 26/12/2022 07:00,17851
26/12/2022 07:00 - 26/12/2022 08:00,19180
26/12/2022 08:00 - 26/12/2022 09:00,20106
26/12/2022 09:00 - 26/12/2022 10:00,21299
26/12/2022 10:00 - 26/12/2022 11:00,22351
26/12/2022 11:00 - 26/12/2022 12:00,22468
26/12/2022 12:00 - 26/12/2022 13:00,22381
26/12/2022 13:00 - 26/12/2022 14:00,22663
26/12/2022 14:00 - 26/12/2022 15:00,22689
26/12/2022 15:00 - 26/12/2022 16:00,21849
26/12/2022 16:00 - 26/12/2022 17:00,21747
26/12/2022 17:00 - 26/12/2022 18:00,22491
26/12/2022 18:00 - 26/12/2022 19:00,24247
26/12/2022 19:00 - 26/12/2022 20:00,25020
26/12/2022 20:00 - 26/12/2022 21:00,25658
26/12/2022 21:00 - 26/12/2022 22:00,25590
26/12/2022 22:00 - 26/12/2022 23:00,23941
26/12/2022 23:00 - 27/12/2022 00:00,21921
27/12/2022 00:00 - 27/12/2022 01:00,20569
27/12/2022 01:00 - 27/12/2022 02:00,19195
27/12/2022 02:00 - 27/12/2022 03:00,18268
27/12/2022 03:00 - 27/12/2022 04:00,17779
27/12/2022 04:00 - 27/12/2022 05:00,17714
27/12/2022 05:00 - 27/12/2022 06:00,18339
27/12/2022 06:00 - 27/12/2022 07:00,20533
27/12/2022 07:00 - 27/12/2022 08:00,23300
27/12/2022 08:00 - 27/12/2022 09:00,25355
27/12/2022 09:00 - 27/12/2022 10:00,26595
27/12/2022 10:00 - 27/12/2022 11:00,26725
27/12/2022 11:00 - 27/12/2022 12:00,25956
27/12/2022 12:00 - 27/12/2022 13:00,25563
27/12/2022 13:00 - 27/12/2022 14:00,25599
27/12/2022 14:00 - 27/12/2022 15:00,25271
27/12/2022 15:00 - 27/12/2022 16:00,24768
27/12/2022 16:00 - 27/12/2022 17:00,25304
27/12/2022 17:00 - 27/12/2022 18:00,26347
27/12/2022 18:00 - 27/12/2022 19:00,27830
27/12/2022 19:00 - 27/12/2022 20:00,28297
27/12/2022 20:00 - 27/12/2022 21:00,28720
27/12/2022 21:00 - 27/12/2022 22:00,28362
27/12/2022 22:00 - 27/12/2022 23:00,25947
27/12/2022 23:00 - 28/12/2022 00:00,23552
28/12/2022 00:00 - 28/12/2022 01:00,21904
28/12/2022 01:00 - 28/12/2022 02:00,20345
28/12/2022 02:00 - 28/12/2022 03:00,19460
28/12/2022 03:00 - 28/12/2022 04:00,19014
28/12/2022 04:00 - 28/12/2022 05:00,18941
28/12/2022 05:00 - 28/12/2022 06:00,19440
28/12/2022 06:00 - 28/12/2022 07:00,21407
28/12/2022 07:00 - 28/12/2022 08:00,24017
28/12/2022 08:00 - 28/12/2022 09:00,26099
28/12/2022 09:00 - 28/12/2022 10:00,27154
28/12/2022 10:00 - 28/12/2022 11:00,27185
28/12/2022 11:00 - 28/12/2022 12:00,26535
28/12/2022 12:00 - 28/12/2022 13:00,26177
28/12/2022 13:00 - 28/12/2022 14:00,26350
28/12/2022 14:00 - 28/12/2022 15:00,26076
28/12/2022 15:00 - 28/12/2022 16:00,25570
28/12/2022 16:00 - 28/12/2022 17:00,25723
28/12/2022 17:00 - 28/12/2022 18:00,26771
28/12/2022 18:00 - 28/12/2022 19:00,28603
28/12/2022 19:00 - 28/12/2022 20:00,29107
28/12/2022 20:00 - 28/12/2022 21:00,29317
28/12/2022 21:00 - 28/12/2022 22:00,28680
28/12/2022 22:00 - 28/12/2022 23:00,26293
28/12/2022 23:00 - 29/12/2022 00:00,23938
29/12/2022 00:00 - 29/12/2022 01:00,22359
29/12/2022 01:00 - 29/12/2022 02:00,20658
29/12/2022 02:00 - 29/12/2022 03:00,19548
29/12/2022 03:00 - 29/12/2022 04:00,19019
29/12/2022 04:00 - 29/12/2022 05:00,18910
29/12/2022 05:00 - 29/12/2022 06:00,19385
29/12/2022 06:00 - 29/12/2022 07:00,21264
29/12/2022 07:00 - 29/12/2022 08:00,23935
29/12/2022 08:00 - 29/12/2022 09:00,25777
29/12/2022 09:00 - 29/12/2022 10:00,27217
29/12/2022 10:00 - 29/12/2022 11:00,27724
29/12/2022 11:00 - 29/12/2022 12:00,27432
29/12/2022 12:00 - 29/12/2022 13:00,27213
29/12/2022 13:00 - 29/12/2022 14:00,27510
29/12/2022 14:00 - 29/12/2022 15:00,27338
29/12/2022 15:00 - 29/12/2022 16:00,26584
29/12/2022 16:00 - 29/12/2022 17:00,26650
29/12/2022 17:00 - 29/12/2022 18:00,27445
29/12/2022 18:00 - 29/12/2022 19:00,28846
29/12/2022 19:00 - 29/12/2022 20:00,29263
29/12/2022 20:00 - 29/12/2022 21:00,29595
29/12/2022 21:00 - 29/12/2022 22:00,29029
29/12/2022 22:00 - 29/12/2022 23:00,26771
29/12/2022 23:00 - 30/12/2022 00:00,24290
30/12/2022 00:00 - 30/12/2022 01:00,22656
30/12/2022 01:00 - 30/12/2022 02:00,20947
30/12/2022 02:00 - 30/12/2022 03:00,19794
30/12/2022 03:00 - 30/12/2022 04:00,19141
30/12/2022 04:00 - 30/12/2022 05:00,18932
30/12/2022 05:00 - 30/12/2022 06:00,19382
30/12/2022 06:00 - 30/12/2022 07:00,21168
30/12/2022 07:00 - 30/12/2022 08:00,23707
30/12/2022 08:00 - 30/12/2022 09:00,25567
30/12/2022 09:00 - 30/12/2022 10:00,26871
30/12/2022 10:00 - 30/12/2022 11:00,27270
30/12/2022 11:00 - 30/12/2022 12:00,26873
30/12/2022 12:00 - 30/12/2022 13:00,26606
30/12/2022 13:00 - 30/12/2022 14:00,26632
30/12/2022 14:00 - 30/12/2022 15:00,26305
30/12/2022 15:00 - 30/12/2022 16:00,25410
30/12/2022 16:00 - 30/12/2022 17:00,25265
30/12/2022 17:00 - 30/12/2022 18:00,25975
30/12/2022 18:00 - 30/12/2022 19:00,27797
30/12/2022 19:00 - 30/12/2022 20:00,28169
30/12/2022 20:00 - 30/12/2022 21:00,28200
30/12/2022 21:00 - 30/12/2022 22:00,27555
30/12/2022 22:00 - 30/12/2022 23:00,25539
30/12/2022 23:00 - 31/12/2022 00:00,23384
31/12/2022 00:00 - 31/12/2022 01:00,21858
31/12/2022 01:00 - 31/12/2022 02:00,20113
31/12/2022 02:00 - 31/12/2022 03:00,18801
31/12/2022 03:00 - 31/12/2022 04:00,18081
31/12/2022 04:00 - 31/12/2022 05:00,17778
31/12/2022 05:00 - 31/12/2022 06:00,17814
31/12/2022 06:00 - 31/12/2022 07:00,18467
31/12/2022 07:00 - 31/12/2022 08:00,19632
31/12/2022 08:00 - 31/12/2022 09:00,20881
31/12/2022 09:00 - 31/12/2022 10:00,22464
31/12/2022 10:00 - 31/12/2022 11:00,23471
31/12/2022 11:00 - 31/12/2022 12:00,23279
31/12/2022 12:00 - 31/12/2022 13:00,22827
31/12/2022 13:00 - 31/12/2022 14:00,22794
31/12/2022 14:00 - 31/12/2022 15:00,22706
31/12/2022 15:00 - 31/12/2022 16:00,22207
31/12/2022 16:00 - 31/12/2022 17:00,22391
31/12/2022 17:00 - 31/12/2022 18:00,23355
31/12/2022 18:00 - 31/12/2022 19:00,26042
31/12/2022 19:00 - 31/12/2022 20:00,26772
31/12/2022 20:00 - 31/12/2022 21:00,26345
31/12/2022 21:00 - 31/12/2022 22:00,24946
31/12/2022 22:00 - 31/12/2022 23:00,22294
31/12/2022 23:00 - 01/01/2023 00:00,20800
